# File produced by Open Asset Import Library (http://www.assimp.sf.net)
# (assimp v3.1.193236683)

mtllib WinePress.mtl

# 3693 vertex positions
v  -22.6955 -67.2358 64.0308
v  -22.6955 -34.5309 32.555
v  -18.1564 -34.5309 32.555
v  -18.1564 -67.2358 64.0308
v  -18.1564 -32.4997 34.7269
v  -22.6955 -32.4997 34.7269
v  -22.6955 -30.4685 36.8987
v  -18.1564 -31.8603 36.6223
v  18.1564 -67.2358 64.0308
v  22.6955 -67.2358 64.0308
v  22.6955 -65.2046 66.2026
v  18.1564 -65.2046 66.2026
v  22.6955 -63.1734 68.3744
v  22.6955 -30.4685 36.8987
v  18.1564 -31.8603 36.6223
v  18.1564 -64.5652 68.0981
v  22.6955 -34.5309 32.555
v  22.6955 -32.4997 34.7269
v  -5.24521e-06 -72.7352 65.9841
v  -5.24521e-06 -40.0303 34.5084
v  18.1564 -34.5309 32.555
v  -5.24521e-06 -70.704 68.1559
v  -18.1564 -65.2046 66.2026
v  -22.6955 -65.2046 66.2026
v  18.1564 -32.4997 34.7269
v  -5.24521e-06 -37.9991 36.6802
v  -18.1564 -64.5652 68.0981
v  -22.6955 -63.1734 68.3744
v  82.8391 73.4569 -38.2843
v  82.8391 73.4569 38.0349
v  82.8391 100.957 38.0349
v  82.8391 100.957 -38.2843
v  96.7131 73.4569 -38.2843
v  96.7131 100.957 -38.2843
v  96.7131 73.4569 38.0349
v  96.7131 100.957 38.0349
v  -97.0501 73.4569 -38.2843
v  -97.0501 73.4569 38.0349
v  -97.0501 100.957 38.0349
v  -97.0501 100.957 -38.2843
v  -83.176 73.4569 -38.2843
v  -83.176 100.957 -38.2843
v  -83.176 73.4569 38.0349
v  -83.176 100.957 38.0349
v  116.543 87.558 37.5472
v  116.127 89.1121 37.5472
v  115.376 88.6784 37.9647
v  115.676 87.558 37.9647
v  114.989 90.2498 37.5472
v  114.555 89.4986 37.9647
v  113.435 90.6663 37.5472
v  113.435 89.7988 37.9647
v  111.881 90.2498 37.5472
v  112.315 89.4986 37.9647
v  110.743 89.1121 37.5472
v  111.494 88.6784 37.9647
v  110.327 87.558 37.5472
v  111.194 87.558 37.9647
v  110.743 86.0038 37.5472
v  111.494 86.4375 37.9647
v  111.881 84.8661 37.5472
v  112.315 85.6173 37.9647
v  113.435 84.4497 37.5472
v  113.435 85.3171 37.9647
v  114.989 84.8661 37.5472
v  114.555 85.6173 37.9647
v  116.127 86.0038 37.5472
v  115.376 86.4375 37.9647
v  113.435 87.558 37.9647
v  -109.052 87.558 37.5472
v  -109.469 89.1121 37.5472
v  -110.22 88.6784 37.9647
v  -109.92 87.558 37.9647
v  -110.606 90.2498 37.5472
v  -111.04 89.4986 37.9647
v  -112.16 90.6663 37.5472
v  -112.16 89.7988 37.9647
v  -113.715 90.2498 37.5472
v  -113.281 89.4986 37.9647
v  -114.852 89.1121 37.5472
v  -114.101 88.6784 37.9647
v  -115.269 87.558 37.5472
v  -114.401 87.558 37.9647
v  -114.852 86.0038 37.5472
v  -114.101 86.4375 37.9647
v  -113.715 84.8661 37.5472
v  -113.281 85.6173 37.9647
v  -112.16 84.4497 37.5472
v  -112.16 85.3171 37.9647
v  -110.606 84.8661 37.5472
v  -111.04 85.6173 37.9647
v  -109.469 86.0038 37.5472
v  -110.22 86.4375 37.9647
v  -112.16 87.558 37.9647
v  -116.543 87.5579 -37.5472
v  -116.127 89.1121 -37.5472
v  -115.376 88.6784 -37.9648
v  -115.676 87.5579 -37.9648
v  -114.989 90.2498 -37.5472
v  -114.555 89.4986 -37.9648
v  -113.435 90.6663 -37.5472
v  -113.435 89.7988 -37.9648
v  -111.881 90.2498 -37.5472
v  -112.315 89.4986 -37.9648
v  -110.743 89.1121 -37.5472
v  -111.494 88.6784 -37.9648
v  -110.327 87.5579 -37.5472
v  -111.194 87.5579 -37.9648
v  -110.743 86.0038 -37.5472
v  -111.494 86.4375 -37.9648
v  -111.881 84.8661 -37.5472
v  -112.315 85.6173 -37.9648
v  -113.435 84.4496 -37.5472
v  -113.435 85.3171 -37.9648
v  -114.989 84.8661 -37.5472
v  -114.555 85.6173 -37.9648
v  -116.127 86.0038 -37.5472
v  -115.376 86.4375 -37.9648
v  -113.435 87.5579 -37.9648
v  109.052 87.5579 -37.5472
v  109.469 89.1121 -37.5472
v  110.22 88.6784 -37.9647
v  109.92 87.5579 -37.9647
v  110.606 90.2498 -37.5472
v  111.04 89.4986 -37.9647
v  112.16 90.6663 -37.5472
v  112.16 89.7988 -37.9647
v  113.715 90.2498 -37.5472
v  113.281 89.4986 -37.9647
v  114.852 89.1121 -37.5472
v  114.101 88.6784 -37.9647
v  115.269 87.5579 -37.5472
v  114.401 87.5579 -37.9647
v  114.852 86.0038 -37.5472
v  114.101 86.4375 -37.9647
v  113.715 84.8661 -37.5472
v  113.281 85.6173 -37.9647
v  112.16 84.4496 -37.5472
v  112.16 85.3171 -37.9647
v  110.606 84.8661 -37.5472
v  111.04 85.6173 -37.9647
v  109.469 86.0038 -37.5472
v  110.22 86.4375 -37.9647
v  112.16 87.5579 -37.9647
v  124.958 -38.3478 -2.98589
v  124.958 -36.7936 -2.56943
v  125.376 -37.2274 -1.8182
v  125.376 -38.3478 -2.11842
v  124.958 -35.6559 -1.43173
v  125.376 -36.4072 -0.997994
v  124.958 -35.2395 0.122427
v  125.376 -36.1069 0.122427
v  124.958 -35.6559 1.67658
v  125.376 -36.4072 1.24283
v  124.958 -36.7936 2.81429
v  125.376 -37.2274 2.06304
v  124.958 -38.3478 3.23072
v  125.376 -38.3478 2.36326
v  124.958 -39.9019 2.81429
v  125.376 -39.4682 2.06304
v  124.958 -41.0396 1.67658
v  125.376 -40.2884 1.24283
v  124.958 -41.4561 0.122428
v  125.376 -40.5886 0.122428
v  124.958 -41.0396 -1.43172
v  125.376 -40.2884 -0.997994
v  124.958 -39.9019 -2.56943
v  125.376 -39.4682 -1.8182
v  125.376 -38.3478 0.122428
v  -124.541 -38.3478 2.98589
v  -124.541 -36.7936 2.56944
v  -124.958 -37.2274 1.8182
v  -124.958 -38.3478 2.11842
v  -124.541 -35.6559 1.43173
v  -124.958 -36.4072 0.997995
v  -124.541 -35.2395 -0.122426
v  -124.958 -36.1069 -0.122426
v  -124.541 -35.6559 -1.67658
v  -124.958 -36.4072 -1.24283
v  -124.541 -36.7936 -2.81429
v  -124.958 -37.2274 -2.06304
v  -124.541 -38.3478 -3.23071
v  -124.958 -38.3478 -2.36325
v  -124.541 -39.9019 -2.81429
v  -124.958 -39.4682 -2.06304
v  -124.541 -41.0396 -1.67658
v  -124.958 -40.2884 -1.24283
v  -124.541 -41.4561 -0.122425
v  -124.958 -40.5886 -0.122425
v  -124.541 -41.0396 1.43173
v  -124.958 -40.2884 0.997996
v  -124.541 -39.9019 2.56944
v  -124.958 -39.4682 1.8182
v  -124.958 -38.3478 -0.122426
v  54.149 21.0707 -22.4293
v  52.8823 20.6648 -21.9046
v  47.5928 20.6648 -31.8005
v  48.7328 21.0707 -32.5622
v  -22.4293 26.6954 54.149
v  -21.9046 27.4436 52.8823
v  -31.8005 27.4436 47.5928
v  -32.5623 26.6954 48.7328
v  -11.4342 -19.2686 -57.4843
v  -11.1668 -20.0081 -56.1396
v  -21.9045 -20.0081 -52.8823
v  -22.4292 -19.2686 -54.149
v  -57.4843 0.994469 -11.4344
v  -56.1395 0.328352 -11.1669
v  -57.2394 0.328356 -5.53131e-05
v  -58.6105 0.994473 -5.67436e-05
v  -32.5623 21.0707 48.7328
v  -31.8005 20.6648 47.5928
v  -21.9046 20.6648 52.8823
v  -22.4293 21.0707 54.149
v  -11.4342 26.6953 -57.4843
v  -11.1668 27.4436 -56.1396
v  -7.45058e-09 27.4436 -57.2394
v  -7.45058e-09 26.6953 -58.6105
v  48.7328 -13.6352 32.5622
v  47.5928 -13.2293 31.8005
v  40.4744 -13.2292 40.4744
v  41.4438 -13.6352 41.4439
v  48.7328 6.44104 -32.5622
v  47.5928 7.10715 -31.8005
v  52.8823 7.10715 -21.9046
v  54.149 6.44104 -22.4293
v  -7.45058e-09 21.0707 -58.6105
v  -7.45058e-09 20.6648 -57.2394
v  -11.1668 20.6648 -56.1396
v  -11.4342 21.0707 -57.4843
v  41.4438 -19.2686 41.4439
v  40.4744 -20.0081 40.4744
v  47.5928 -20.0081 31.8005
v  48.7328 -19.2686 32.5622
v  -58.6105 -13.6352 -5.43594e-05
v  -57.2394 -13.2293 -5.31673e-05
v  -56.1395 -13.2293 -11.1669
v  -57.4843 -13.6352 -11.4344
v  54.149 0.994469 -22.4293
v  52.8823 0.32835 -21.9046
v  47.5928 0.328348 -31.8005
v  48.7328 0.994467 -32.5622
v  -22.4293 6.44105 54.149
v  -21.9046 7.10717 52.8823
v  -31.8005 7.10717 47.5928
v  -32.5623 6.44105 48.7328
v  41.4438 26.6954 41.4438
v  40.4744 27.4436 40.4744
v  31.8005 27.4436 47.5928
v  32.5622 26.6954 48.7328
v  -57.4843 -19.2686 -11.4344
v  -56.1395 -20.0081 -11.1669
v  -57.2394 -20.0081 -5.19753e-05
v  -58.6105 -19.2686 -5.34058e-05
v  -32.5623 0.99448 48.7328
v  -31.8005 0.328362 47.5928
v  -21.9046 0.328362 52.8823
v  -22.4293 0.99448 54.149
v  -11.4342 6.44103 -57.4843
v  -11.1668 7.10715 -56.1396
v  -7.45058e-09 7.10715 -57.2394
v  -7.45058e-09 6.44103 -58.6105
v  32.5622 21.0707 48.7328
v  31.8005 20.6648 47.5928
v  40.4744 20.6648 40.4744
v  41.4438 21.0707 41.4438
v  -57.4843 26.6954 -11.4344
v  -56.1395 27.4436 -11.1669
v  -52.8823 27.4436 -21.9046
v  -54.149 26.6954 -22.4293
v  48.7328 -13.6352 -32.5622
v  47.5928 -13.2293 -31.8005
v  52.8823 -13.2293 -21.9046
v  54.149 -13.6352 -22.4292
v  -7.45058e-09 0.994463 -58.6105
v  -7.45058e-09 0.328344 -57.2394
v  -11.1668 0.328344 -56.1396
v  -11.4342 0.994463 -57.4843
v  -54.149 21.0707 -22.4293
v  -52.8823 20.6648 -21.9046
v  -56.1395 20.6648 -11.1669
v  -57.4843 21.0707 -11.4344
v  54.149 -19.2686 -22.4292
v  52.8823 -20.0081 -21.9046
v  47.5928 -20.0081 -31.8005
v  48.7328 -19.2686 -32.5622
v  -22.4293 -13.6352 54.149
v  -21.9046 -13.2292 52.8823
v  -31.8005 -13.2292 47.5928
v  -32.5623 -13.6352 48.7328
v  41.4438 6.44105 41.4438
v  40.4744 7.10716 40.4744
v  31.8005 7.10717 47.5928
v  32.5622 6.44105 48.7328
v  54.149 26.6954 -22.4293
v  52.8823 27.4436 -21.9046
v  56.1396 27.4436 -11.1669
v  57.4843 26.6954 -11.4343
v  -32.5623 -19.2686 48.7328
v  -31.8005 -20.0081 47.5928
v  -21.9046 -20.0081 52.8823
v  -22.4293 -19.2686 54.149
v  -11.4342 -13.6352 -57.4843
v  -11.1668 -13.2293 -56.1396
v  -7.45058e-09 -13.2293 -57.2394
v  -7.45058e-09 -13.6352 -58.6105
v  32.5622 0.99448 48.7328
v  31.8005 0.328362 47.5928
v  40.4744 0.32836 40.4744
v  41.4438 0.994478 41.4438
v  -57.4843 6.44104 -11.4344
v  -56.1395 7.10716 -11.1669
v  -52.8823 7.10715 -21.9046
v  -54.149 6.44104 -22.4293
v  57.4843 21.0707 -11.4343
v  56.1396 20.6648 -11.1669
v  -40.4744 27.4436 40.4743
v  -41.4439 26.6954 41.4438
v  -7.45058e-09 -19.2686 -58.6105
v  -7.45058e-09 -20.0081 -57.2394
v  -54.149 0.994469 -22.4293
v  -52.8823 0.32835 -21.9046
v  -41.4439 21.0707 41.4438
v  -40.4744 20.6648 40.4743
v  31.8005 -13.2292 47.5928
v  32.5622 -13.6352 48.7328
v  56.1396 7.10716 -11.1669
v  57.4843 6.44104 -11.4343
v  11.1668 27.4436 -56.1396
v  11.4343 26.6953 -57.4843
v  32.5622 -19.2686 48.7328
v  31.8005 -20.0081 47.5928
v  -52.8823 -13.2293 -21.9046
v  -54.149 -13.6352 -22.4293
v  57.4843 0.994469 -11.4343
v  56.1396 0.328352 -11.1669
v  -40.4744 7.10716 40.4743
v  -41.4439 6.44105 41.4438
v  11.4343 21.0707 -57.4843
v  11.1668 20.6648 -56.1396
v  21.9046 27.4436 52.8823
v  22.4292 26.6954 54.149
v  -54.149 -19.2686 -22.4293
v  -52.8823 -20.0081 -21.9046
v  -41.4439 0.994478 41.4438
v  -40.4744 0.32836 40.4743
v  22.4292 21.0707 54.149
v  21.9046 20.6648 52.8823
v  -47.5928 27.4436 -31.8006
v  -48.7328 26.6954 -32.5623
v  56.1396 -13.2293 -11.1669
v  57.4843 -13.6352 -11.4343
v  11.1668 7.10715 -56.1396
v  11.4343 6.44103 -57.4843
v  -48.7328 21.0707 -32.5623
v  -47.5928 20.6648 -31.8006
v  57.4843 -19.2686 -11.4343
v  56.1396 -20.0081 -11.1668
v  -40.4744 -13.2292 40.4743
v  -41.4439 -13.6352 41.4438
v  11.4343 0.994463 -57.4843
v  11.1668 0.328344 -56.1396
v  21.9046 7.10717 52.8823
v  22.4292 6.44105 54.149
v  57.2394 27.4436 -8.82149e-06
v  58.6105 26.6954 -8.82149e-06
v  -41.4439 -19.2686 41.4438
v  -40.4744 -20.0081 40.4743
v  22.4292 0.99448 54.149
v  21.9046 0.328362 52.8823
v  -47.5928 7.10715 -31.8006
v  -48.7328 6.44104 -32.5623
v  58.6105 21.0707 -7.86781e-06
v  57.2394 20.6648 -7.62939e-06
v  -47.5928 27.4436 31.8005
v  -48.7328 26.6954 32.5622
v  11.1668 -13.2293 -56.1396
v  11.4343 -13.6352 -57.4843
v  -48.7328 0.994467 -32.5623
v  -47.5928 0.328348 -31.8006
v  -48.7328 21.0707 32.5622
v  -47.5928 20.6648 31.8005
v  11.4343 -19.2686 -57.4843
v  11.1668 -20.0081 -56.1396
v  21.9046 -13.2292 52.8823
v  22.4292 -13.6352 54.149
v  57.2394 7.10716 -5.24521e-06
v  58.6105 6.44104 -5.24521e-06
v  21.9046 27.4436 -52.8823
v  22.4293 26.6953 -54.149
v  22.4292 -19.2686 54.149
v  21.9046 -20.0081 52.8823
v  -47.5928 -13.2293 -31.8006
v  -48.7328 -13.6352 -32.5623
v  58.6105 0.994473 -4.52995e-06
v  57.2394 0.328356 -4.29153e-06
v  -47.5928 7.10716 31.8005
v  -48.7328 6.44105 32.5622
v  22.4293 21.0707 -54.149
v  21.9046 20.6648 -52.8823
v  11.1668 27.4436 56.1396
v  11.4343 26.6954 57.4843
v  -48.7328 -19.2686 -32.5623
v  -47.5928 -20.0081 -31.8006
v  -48.7328 0.994476 32.5622
v  -47.5928 0.32836 31.8005
v  11.4343 21.0707 57.4843
v  11.1668 20.6648 56.1396
v  -40.4743 27.4436 -40.4744
v  -41.4438 26.6953 -41.4439
v  57.2394 -13.2293 -2.38419e-06
v  58.6105 -13.6352 -2.38419e-06
v  21.9046 7.10715 -52.8823
v  22.4293 6.44103 -54.149
v  -41.4438 21.0707 -41.4439
v  -40.4743 20.6648 -40.4744
v  58.6105 -19.2686 -1.19209e-06
v  57.2394 -20.0081 -9.53674e-07
v  -47.5928 -13.2293 31.8005
v  -48.7328 -13.6352 32.5622
v  22.4293 0.994463 -54.149
v  21.9046 0.328344 -52.8823
v  11.1668 7.10717 56.1396
v  11.4343 6.44105 57.4843
v  56.1396 27.4436 11.1668
v  57.4843 26.6954 11.4343
v  -48.7328 -19.2686 32.5622
v  -47.5928 -20.0081 31.8005
v  11.4343 0.99448 57.4843
v  11.1668 0.328363 56.1396
v  -40.4743 7.10715 -40.4744
v  -41.4438 6.44103 -41.4439
v  57.4843 21.0707 11.4343
v  56.1396 20.6648 11.1668
v  -52.8823 27.4436 21.9045
v  -54.149 26.6954 22.4292
v  21.9046 -13.2293 -52.8823
v  22.4293 -13.6352 -54.149
v  -41.4438 0.994465 -41.4439
v  -40.4743 0.328348 -40.4744
v  -54.149 21.0707 22.4292
v  -52.8823 20.6648 21.9045
v  22.4293 -19.2686 -54.149
v  21.9046 -20.0081 -52.8823
v  11.1668 -13.2292 56.1396
v  11.4343 -13.6352 57.4843
v  -22.4292 -13.6352 -54.149
v  -22.4292 0.994463 -54.149
v  -22.4292 6.44103 -54.149
v  -22.4292 21.0707 -54.149
v  -22.4292 26.6953 -54.149
v  -32.5622 -19.2686 -48.7328
v  -32.5622 -13.6352 -48.7328
v  -32.5622 0.994463 -48.7329
v  -32.5622 6.44103 -48.7329
v  -32.5622 21.0707 -48.7329
v  -32.5622 26.6953 -48.7329
v  -41.4438 -19.2686 -41.4439
v  -41.4438 -13.6352 -41.4439
v  -58.6105 6.44104 -5.76973e-05
v  -58.6105 21.0707 -6.00815e-05
v  -58.6105 26.6954 -6.10352e-05
v  -57.4843 -19.2686 11.4343
v  -57.4843 -13.6352 11.4343
v  -57.4843 0.994473 11.4343
v  -57.4843 6.44104 11.4343
v  -57.4843 21.0707 11.4343
v  -57.4843 26.6954 11.4343
v  -54.149 -19.2686 22.4292
v  -54.149 -13.6352 22.4292
v  -54.149 0.994474 22.4292
v  -54.149 6.44105 22.4292
v  -11.4344 -19.2686 57.4843
v  -11.4344 -13.6352 57.4843
v  -11.4344 0.99448 57.4843
v  -11.4344 6.44105 57.4843
v  -11.4344 21.0707 57.4843
v  -11.4344 26.6954 57.4843
v  -1.90958e-05 -19.2686 58.6105
v  -1.90958e-05 -13.6352 58.6105
v  -1.90958e-05 0.99448 58.6105
v  -1.90958e-05 6.44105 58.6105
v  -1.90958e-05 21.0707 58.6104
v  -1.90958e-05 26.6954 58.6104
v  11.4343 -19.2686 57.4843
v  48.7328 0.994476 32.5622
v  48.7328 6.44105 32.5622
v  48.7328 21.0707 32.5622
v  48.7328 26.6954 32.5622
v  54.149 -19.2686 22.4292
v  54.149 -13.6352 22.4292
v  54.149 0.994474 22.4292
v  54.149 6.44105 22.4292
v  54.149 21.0707 22.4292
v  54.149 26.6954 22.4292
v  57.4843 -19.2686 11.4343
v  57.4843 -13.6352 11.4343
v  57.4843 0.994473 11.4343
v  57.4843 6.44104 11.4343
v  48.7328 26.6954 -32.5622
v  41.4438 -19.2686 -41.4438
v  41.4438 -13.6352 -41.4438
v  41.4438 0.994465 -41.4438
v  41.4438 6.44103 -41.4438
v  41.4438 21.0707 -41.4439
v  41.4438 26.6953 -41.4439
v  32.5622 -19.2686 -48.7328
v  32.5622 -13.6352 -48.7328
v  32.5622 0.994463 -48.7328
v  32.5622 6.44103 -48.7328
v  32.5622 21.0707 -48.7328
v  32.5622 26.6953 -48.7328
v  -57.2394 7.10716 -5.65052e-05
v  47.5928 0.32836 31.8005
v  -21.9045 -13.2293 -52.8823
v  -11.1669 -20.0081 56.1395
v  47.5928 27.4436 -31.8005
v  47.5928 7.10716 31.8005
v  -11.1669 -13.2292 56.1395
v  40.4744 -20.0081 -40.4744
v  -57.2394 20.6648 -5.8651e-05
v  -21.9045 0.328344 -52.8823
v  40.4744 -13.2293 -40.4744
v  -57.2394 27.4436 -5.98431e-05
v  47.5928 20.6648 31.8005
v  -21.9045 7.10715 -52.8823
v  -11.1669 0.328363 56.1395
v  -56.1396 -20.0081 11.1668
v  47.5928 27.4436 31.8005
v  -11.1669 7.10717 56.1395
v  40.4744 0.328348 -40.4744
v  -56.1396 -13.2293 11.1668
v  52.8823 -20.0081 21.9046
v  -21.9045 20.6648 -52.8823
v  40.4744 7.10715 -40.4744
v  52.8823 -13.2293 21.9046
v  -21.9045 27.4436 -52.8823
v  -11.1669 20.6648 56.1395
v  -56.1396 0.328356 11.1668
v  -31.8004 -20.0081 -47.5928
v  -11.1669 27.4436 56.1395
v  40.4744 20.6648 -40.4744
v  -56.1396 7.10716 11.1668
v  52.8823 0.328358 21.9046
v  -31.8004 -13.2293 -47.5928
v  -1.86488e-05 -20.0081 57.2394
v  40.4744 27.4436 -40.4744
v  52.8823 7.10716 21.9046
v  -1.86488e-05 -13.2292 57.2394
v  31.8005 -20.0081 -47.5928
v  -56.1396 20.6648 11.1668
v  -31.8004 0.328346 -47.5928
v  31.8005 -13.2293 -47.5928
v  -56.1396 27.4436 11.1668
v  52.8823 20.6648 21.9046
v  -31.8004 7.10715 -47.5928
v  -1.86488e-05 0.328363 57.2394
v  -52.8823 -20.0081 21.9045
v  52.8823 27.4436 21.9046
v  -1.86488e-05 7.10717 57.2394
v  31.8005 0.328346 -47.5928
v  -52.8823 -13.2293 21.9045
v  56.1396 -20.0081 11.1668
v  -31.8004 20.6648 -47.5929
v  31.8005 7.10715 -47.5928
v  56.1396 -13.2293 11.1668
v  -31.8004 27.4436 -47.5929
v  -1.86488e-05 20.6648 57.2394
v  -52.8823 0.328358 21.9045
v  -40.4743 -20.0081 -40.4744
v  -1.86488e-05 27.4436 57.2394
v  31.8005 20.6648 -47.5928
v  -52.8823 7.10716 21.9045
v  56.1396 0.328356 11.1668
v  -40.4743 -13.2293 -40.4744
v  11.1668 -20.0081 56.1396
v  31.8005 27.4436 -47.5928
v  56.1396 7.10716 11.1668
v  53.2642 -88.6908 50.2524
v  52.0182 -88.9964 50.7685
v  46.8151 -88.9964 41.0343
v  47.9365 -88.6908 40.285
v  -22.2257 -84.2928 125.973
v  -21.7057 -83.7254 124.717
v  -31.5118 -83.7254 119.476
v  -32.2667 -84.2928 120.606
v  -10.5029 -118.853 19.513
v  -10.2572 -119.373 20.7482
v  -20.1204 -119.373 23.7401
v  -20.6023 -118.853 22.5766
v  -54.7701 -104.055 61.4207
v  -53.4889 -104.54 61.6755
v  -54.5368 -104.54 72.3151
v  -55.8431 -104.055 72.3151
v  -32.0302 -88.6908 120.252
v  -31.2809 -88.9964 119.13
v  -21.5467 -88.9964 124.333
v  -22.0628 -88.6908 125.579
v  -11.3304 -84.2928 15.3528
v  -11.0654 -83.7254 16.6853
v  -7.45058e-09 -83.7254 15.5954
v  -7.45058e-09 -84.2928 14.2368
v  45.3566 -114.806 102.622
v  44.2956 -114.516 101.913
v  37.6703 -114.516 109.986
v  38.5727 -114.806 110.888
v  46.9201 -99.9352 40.9642
v  45.8225 -99.4445 41.6976
v  50.9152 -99.4445 51.2254
v  52.1348 -99.9352 50.7202
v  -7.45058e-09 -88.6908 14.6624
v  -7.45058e-09 -88.9964 16.0111
v  -10.9843 -88.9964 17.093
v  -11.2474 -88.6908 15.7702
v  38.0683 -118.853 110.383
v  37.1777 -119.373 109.493
v  43.7164 -119.373 101.526
v  44.7635 -118.853 102.225
v  -54.55 -114.806 72.3151
v  -53.2739 -114.516 72.3151
v  -52.2502 -114.516 61.9219
v  -53.5018 -114.806 61.673
v  51.5923 -104.055 50.945
v  50.3854 -104.54 51.4449
v  45.3457 -104.54 42.0162
v  46.4318 -104.055 41.2904
v  -21.595 -99.9352 124.45
v  -21.0898 -99.4445 123.23
v  -30.6176 -99.4445 118.138
v  -31.351 -99.9352 119.235
v  41.0676 -84.2928 113.383
v  40.1069 -83.7254 112.422
v  31.5118 -83.7254 119.476
v  32.2666 -84.2928 120.606
v  -52.8022 -118.853 61.8121
v  -51.567 -119.373 62.0578
v  -52.5773 -119.373 72.3151
v  -53.8367 -118.853 72.3151
v  -31.0248 -104.055 118.747
v  -30.299 -104.54 117.661
v  -20.8703 -104.54 122.701
v  -21.3703 -104.055 123.908
v  -11.0089 -99.9353 16.9692
v  -10.7514 -99.4445 18.2639
v  -7.45058e-09 -99.4445 17.2049
v  -7.45058e-09 -99.9353 15.8849
v  32.0301 -88.6908 120.252
v  31.2809 -88.9964 119.13
v  39.813 -88.9964 112.128
v  40.7667 -88.6908 113.082
v  -56.9624 -84.2928 60.9846
v  -55.6299 -83.7254 61.2497
v  -52.4022 -83.7254 50.6094
v  -53.6574 -84.2928 50.0895
v  45.3566 -114.806 42.0089
v  44.2956 -114.516 42.7178
v  49.2187 -114.516 51.9282
v  50.3976 -114.806 51.4398
v  -7.45058e-09 -104.055 16.4721
v  -7.45058e-09 -104.54 17.7784
v  -10.6395 -104.54 18.8263
v  -10.8944 -104.055 17.5451
v  -53.2642 -88.6908 50.2524
v  -52.0182 -88.9964 50.7685
v  -55.2222 -88.9964 61.3308
v  -56.545 -88.6908 61.0676
v  49.7386 -118.853 51.7128
v  48.5751 -119.373 52.1947
v  43.7164 -119.373 43.1048
v  44.7635 -118.853 42.4052
v  -20.8754 -114.806 122.713
v  -20.3871 -114.516 121.534
v  -29.5974 -114.516 116.611
v  -30.3064 -114.806 117.672
v  39.9023 -99.9352 112.217
v  38.9688 -99.4445 111.284
v  30.6176 -99.4445 118.138
v  31.351 -99.9352 119.235
v  53.6574 -84.2928 50.0896
v  52.4022 -83.7254 50.6095
v  55.6299 -83.7254 61.2497
v  56.9624 -84.2928 60.9847
v  -29.9101 -118.853 117.079
v  -29.2104 -119.373 116.032
v  -20.1205 -119.372 120.89
v  -20.6024 -118.853 122.054
v  -10.6421 -114.806 18.8134
v  -10.3931 -114.516 20.0649
v  -7.45058e-09 -114.516 19.0413
v  -7.45058e-09 -114.806 17.7652
v  31.0248 -104.055 118.747
v  30.299 -104.54 117.661
v  38.5633 -104.54 110.879
v  39.487 -104.055 111.802
v  -55.346 -99.9352 61.3061
v  -54.0513 -99.4445 61.5637
v  -50.9152 -99.4445 51.2254
v  -52.1348 -99.9352 50.7202
v  56.545 -88.6908 61.0677
v  55.2222 -88.9964 61.3308
v  -40.107 -83.7254 112.422
v  -41.0676 -84.2928 113.383
v  -7.45058e-09 -118.853 18.4785
v  -7.45058e-09 -119.373 19.7379
v  -51.5923 -104.055 50.9449
v  -50.3854 -104.54 51.4448
v  -40.7667 -88.6908 113.082
v  -39.813 -88.9964 112.128
v  29.5974 -114.516 116.611
v  30.3063 -114.806 117.672
v  54.0513 -99.4445 61.5637
v  55.346 -99.9352 61.3062
v  11.0655 -83.7254 16.6853
v  11.3305 -84.2928 15.3528
v  29.91 -118.853 117.079
v  29.2104 -119.373 116.032
v  -49.2186 -114.516 51.9281
v  -50.3976 -114.806 51.4398
v  54.7701 -104.055 61.4207
v  53.4889 -104.54 61.6756
v  -38.9689 -99.4445 111.284
v  -39.9023 -99.9352 112.217
v  11.2475 -88.6908 15.7702
v  10.9844 -88.9964 17.093
v  21.7057 -83.7254 124.717
v  22.2256 -84.2928 125.973
v  -49.7386 -118.853 51.7127
v  -48.575 -119.373 52.1947
v  -39.4871 -104.055 111.802
v  -38.5633 -104.54 110.879
v  22.0627 -88.6908 125.579
v  21.5466 -88.9964 124.333
v  -47.1607 -83.7254 40.8033
v  -48.2904 -84.2928 40.0485
v  52.2503 -114.516 61.922
v  53.5018 -114.806 61.673
v  10.7515 -99.4445 18.2639
v  11.009 -99.9353 16.9692
v  -47.9365 -88.6908 40.285
v  -46.8151 -88.9964 41.0343
v  52.8022 -118.853 61.8122
v  51.567 -119.373 62.0579
v  -37.6704 -114.516 109.986
v  -38.5727 -114.806 110.888
v  10.8944 -104.055 17.5451
v  10.6396 -104.54 18.8263
v  21.0898 -99.4445 123.23
v  21.5949 -99.9352 124.45
v  56.7198 -83.7254 72.3152
v  58.0784 -84.2928 72.3152
v  -38.0683 -118.853 110.383
v  -37.1778 -119.373 109.493
v  21.3702 -104.055 123.908
v  20.8703 -104.54 122.701
v  -45.8225 -99.4445 41.6975
v  -46.9201 -99.9352 40.9641
v  57.6528 -88.6908 72.3152
v  56.3041 -88.9964 72.3152
v  -47.1608 -83.7254 103.827
v  -48.2904 -84.2928 104.582
v  10.3932 -114.516 20.0649
v  10.6422 -114.806 18.8134
v  -46.4318 -104.055 41.2904
v  -45.3456 -104.54 42.0161
v  -47.9365 -88.6908 104.345
v  -46.8152 -88.9964 103.596
v  10.503 -118.853 19.513
v  10.2573 -119.373 20.7482
v  20.387 -114.516 121.534
v  20.8754 -114.806 122.713
v  55.1102 -99.4445 72.3152
v  56.4303 -99.9352 72.3152
v  21.7057 -83.7254 19.913
v  22.2256 -84.2928 18.6578
v  20.6024 -118.853 122.054
v  20.1204 -119.372 120.89
v  -44.2956 -114.516 42.7178
v  -45.3566 -114.806 42.0088
v  55.8431 -104.055 72.3152
v  54.5368 -104.54 72.3152
v  -45.8225 -99.4445 102.933
v  -46.9201 -99.9352 103.666
v  22.0628 -88.6908 19.051
v  21.5466 -88.9964 20.297
v  11.0655 -83.7254 127.945
v  11.3305 -84.2928 129.278
v  -44.7635 -118.853 42.4051
v  -43.7164 -119.373 43.1048
v  -46.4319 -104.055 103.34
v  -45.3457 -104.54 102.614
v  11.2475 -88.6908 128.86
v  10.9844 -88.9964 127.537
v  -40.1069 -83.7254 32.2082
v  -41.0676 -84.2928 31.2475
v  53.2739 -114.516 72.3152
v  54.55 -114.806 72.3152
v  21.0898 -99.4445 21.4
v  21.5949 -99.9353 20.1804
v  -40.7666 -88.6908 31.5485
v  -39.813 -88.9964 32.5021
v  53.8367 -118.853 72.3152
v  52.5773 -119.373 72.3152
v  -44.2957 -114.516 101.913
v  -45.3567 -114.806 102.622
v  21.3702 -104.055 20.7229
v  20.8703 -104.54 21.9298
v  10.7515 -99.4445 126.367
v  11.009 -99.9352 127.661
v  55.6299 -83.7254 83.3807
v  56.9624 -84.2928 83.6457
v  -44.7636 -118.853 102.225
v  -43.7164 -119.373 101.526
v  10.8944 -104.055 127.085
v  10.6396 -104.54 125.804
v  -38.9688 -99.4445 33.3463
v  -39.9022 -99.9352 32.4129
v  56.545 -88.6908 83.5627
v  55.2222 -88.9964 83.2996
v  -52.4023 -83.7254 94.0209
v  -53.6574 -84.2928 94.5408
v  20.387 -114.516 23.0965
v  20.8754 -114.806 21.9176
v  -39.487 -104.055 32.8281
v  -38.5633 -104.54 33.7518
v  -53.2642 -88.6908 94.3779
v  -52.0182 -88.9964 93.8618
v  20.6024 -118.853 22.5766
v  20.1205 -119.373 23.7401
v  10.3932 -114.516 124.565
v  10.6422 -114.806 125.817
v  -20.8753 -114.806 21.9176
v  -21.3702 -104.055 20.7229
v  -21.5949 -99.9353 20.1804
v  -22.0627 -88.6908 19.051
v  -22.2256 -84.2928 18.6577
v  -29.91 -118.853 27.5516
v  -30.3063 -114.806 26.9585
v  -31.0247 -104.055 25.8833
v  -31.3509 -99.9352 25.3951
v  -32.0301 -88.6908 24.3786
v  -32.2666 -84.2928 24.0247
v  -38.0682 -118.853 34.2469
v  -38.5726 -114.806 33.7425
v  -56.4303 -99.9352 72.3151
v  -57.6528 -88.6908 72.3151
v  -58.0784 -84.2928 72.3151
v  -52.8022 -118.853 82.8182
v  -53.5018 -114.806 82.9573
v  -54.7701 -104.055 83.2096
v  -55.346 -99.9352 83.3241
v  -56.545 -88.6908 83.5626
v  -56.9624 -84.2928 83.6457
v  -49.7386 -118.853 92.9176
v  -50.3976 -114.806 93.1905
v  -51.5923 -104.055 93.6854
v  -52.1348 -99.9352 93.9101
v  -10.503 -118.853 125.117
v  -10.6422 -114.806 125.817
v  -10.8945 -104.055 127.085
v  -11.009 -99.9352 127.661
v  -11.2475 -88.6908 128.86
v  -11.3306 -84.2928 129.278
v  -1.75387e-05 -118.853 126.152
v  -1.77771e-05 -114.806 126.865
v  -1.81943e-05 -104.055 128.158
v  -1.8388e-05 -99.9352 128.746
v  -1.87829e-05 -88.6908 129.968
v  -1.89245e-05 -84.2928 130.394
v  10.503 -118.853 125.117
v  46.4318 -104.055 103.34
v  46.9201 -99.9352 103.666
v  47.9365 -88.6908 104.345
v  48.2904 -84.2928 104.582
v  49.7386 -118.853 92.9176
v  50.3976 -114.806 93.1906
v  51.5923 -104.055 93.6854
v  52.1348 -99.9352 93.9101
v  53.2642 -88.6908 94.3779
v  53.6574 -84.2928 94.5408
v  52.8022 -118.853 82.8182
v  53.5018 -114.806 82.9574
v  54.7701 -104.055 83.2096
v  55.346 -99.9352 83.3242
v  48.2904 -84.2928 40.0486
v  38.0683 -118.853 34.2469
v  38.5727 -114.806 33.7425
v  39.487 -104.055 32.8282
v  39.9023 -99.9352 32.4129
v  40.7667 -88.6908 31.5485
v  41.0676 -84.2928 31.2476
v  29.91 -118.853 27.5517
v  30.3063 -114.806 26.9586
v  31.0248 -104.055 25.8834
v  31.351 -99.9352 25.3951
v  32.0301 -88.6908 24.3787
v  32.2666 -84.2928 24.0248
v  -55.1102 -99.4445 72.3151
v  45.3457 -104.54 102.614
v  -20.387 -114.516 23.0965
v  -10.2573 -119.372 123.882
v  47.1608 -83.7254 40.8034
v  45.8225 -99.4445 102.933
v  -10.3932 -114.516 124.565
v  37.1777 -119.373 35.1375
v  -56.3041 -88.9964 72.3151
v  -20.8702 -104.54 21.9298
v  37.6703 -114.516 34.6449
v  -56.7198 -83.7254 72.3151
v  46.8151 -88.9964 103.596
v  -21.0897 -99.4445 21.3999
v  -10.6396 -104.54 125.804
v  -51.567 -119.373 82.5725
v  47.1608 -83.7254 103.827
v  -10.7515 -99.4445 126.366
v  38.5633 -104.54 33.7519
v  -52.2503 -114.516 82.7084
v  48.5751 -119.373 92.4356
v  -21.5466 -88.9964 20.297
v  38.9688 -99.4445 33.3464
v  49.2187 -114.516 92.7022
v  -21.7056 -83.7254 19.9129
v  -10.9844 -88.9964 127.537
v  -53.4889 -104.54 82.9547
v  -29.2103 -119.373 28.5988
v  -11.0655 -83.7254 127.945
v  39.813 -88.9964 32.5022
v  -54.0513 -99.4445 83.0666
v  50.3854 -104.54 93.1855
v  -29.5973 -114.516 28.0195
v  -1.71289e-05 -119.372 124.892
v  40.1069 -83.7254 32.2083
v  50.9152 -99.4445 93.405
v  -1.73599e-05 -114.516 125.589
v  29.2104 -119.373 28.5988
v  -55.2222 -88.9964 83.2995
v  -30.299 -104.54 26.9695
v  29.5974 -114.516 28.0196
v  -55.6299 -83.7254 83.3806
v  52.0182 -88.9964 93.8618
v  -30.6175 -99.4445 26.4927
v  -1.77696e-05 -104.54 126.852
v  -48.5751 -119.373 92.4356
v  52.4022 -83.7254 94.0209
v  -1.79484e-05 -99.4445 127.425
v  30.299 -104.54 26.9695
v  -49.2187 -114.516 92.7022
v  51.567 -119.373 82.5725
v  -31.2808 -88.9964 25.5
v  30.6176 -99.4445 26.4927
v  52.2503 -114.516 82.7084
v  -31.5118 -83.7254 25.1544
v  -1.83433e-05 -88.9964 128.619
v  -50.3854 -104.54 93.1855
v  -37.1777 -119.373 35.1374
v  -1.84849e-05 -83.7254 129.035
v  31.2809 -88.9964 25.5001
v  -50.9152 -99.4445 93.4049
v  53.4889 -104.54 82.9548
v  -37.6703 -114.516 34.6448
v  10.2573 -119.372 123.882
v  31.5118 -83.7254 25.1544
v  54.0513 -99.4445 83.0667
v  11.0655 -83.7254 16.6853
v  -7.45058e-09 -83.7254 15.5954
v  -7.45058e-09 -78.3497 15.0758
v  11.1668 -78.3497 16.1756
v  21.7057 -83.7254 19.913
v  21.9046 -78.3497 19.4329
v  31.5118 -83.7254 25.1544
v  31.8005 -78.3497 24.7224
v  40.1069 -83.7254 32.2083
v  40.4743 -78.3497 31.8408
v  47.1608 -83.7254 40.8034
v  47.5928 -78.3497 40.5147
v  52.4022 -83.7254 50.6095
v  52.8823 -78.3497 50.4106
v  55.6299 -83.7254 61.2497
v  56.1396 -78.3497 61.1483
v  56.7198 -83.7254 72.3152
v  57.2394 -78.3497 72.3152
v  55.6299 -83.7254 83.3807
v  56.1396 -78.3497 83.482
v  52.4022 -83.7254 94.0209
v  52.8823 -78.3497 94.2198
v  47.1608 -83.7254 103.827
v  47.5928 -78.3497 104.116
v  40.1069 -83.7254 112.422
v  40.4743 -78.3497 112.79
v  31.5118 -83.7254 119.476
v  31.8005 -78.3497 119.908
v  21.7057 -83.7254 124.717
v  21.9046 -78.3497 125.197
v  11.0655 -83.7254 127.945
v  11.1668 -78.3497 128.455
v  -1.84849e-05 -83.7254 129.035
v  -1.86488e-05 -78.3497 129.555
v  -11.0655 -83.7254 127.945
v  -11.1669 -78.3497 128.455
v  -21.7057 -83.7254 124.717
v  -21.9046 -78.3497 125.197
v  -31.5118 -83.7254 119.476
v  -31.8005 -78.3497 119.908
v  -40.107 -83.7254 112.422
v  -40.4744 -78.3497 112.79
v  -47.1608 -83.7254 103.827
v  -47.5928 -78.3497 104.116
v  -52.4022 -83.7254 94.0209
v  -52.8823 -78.3497 94.2197
v  -55.6299 -83.7254 83.3806
v  -56.1396 -78.3497 83.482
v  -56.7198 -83.7254 72.3151
v  -57.2394 -78.3497 72.3151
v  -55.6299 -83.7254 61.2497
v  -56.1395 -78.3497 61.1483
v  -52.4022 -83.7254 50.6094
v  -52.8823 -78.3497 50.4106
v  -47.1607 -83.7254 40.8033
v  -47.5928 -78.3497 40.5146
v  -40.1069 -83.7254 32.2082
v  -40.4743 -78.3497 31.8408
v  -31.5117 -83.7254 25.1544
v  -31.8004 -78.3497 24.7223
v  -21.7056 -83.7254 19.9129
v  -21.9045 -78.3497 19.4329
v  30.2105 -78.3497 117.528
v  38.4506 -78.3497 110.766
v  -11.0654 -83.7254 16.6853
v  -11.1668 -78.3497 16.1756
v  -10.1058 -124.137 21.5093
v  -7.45058e-09 -124.137 20.5139
v  10.1059 -124.137 21.5093
v  19.8235 -124.137 24.4571
v  28.7792 -124.137 29.244
v  36.629 -124.137 35.6862
v  43.0712 -124.137 43.536
v  47.8581 -124.137 52.4917
v  50.8059 -124.137 62.2093
v  51.8013 -124.137 72.3152
v  50.8059 -124.137 82.4211
v  47.8581 -124.137 92.1387
v  43.0712 -124.137 101.094
v  36.629 -124.137 108.944
v  28.7792 -124.137 115.386
v  19.8235 -124.137 120.173
v  10.1059 -124.137 123.121
v  -1.68756e-05 -124.137 124.116
v  -10.1059 -124.137 123.121
v  -19.8235 -124.137 120.173
v  -28.7793 -124.137 115.386
v  -36.629 -124.137 108.944
v  -43.0712 -124.137 101.094
v  -47.8581 -124.137 92.1386
v  -50.8059 -124.137 82.4211
v  -51.8013 -124.137 72.3151
v  -50.8059 -124.137 62.2092
v  -47.8581 -124.137 52.4917
v  -43.0711 -124.137 43.5359
v  -36.629 -124.137 35.6861
v  -28.7792 -124.137 29.244
v  -19.8234 -124.137 24.4571
v  -10.2572 -119.373 20.7482
v  -7.45058e-09 -119.373 19.7379
v  -7.45058e-09 -114.516 19.0413
v  -10.3931 -114.516 20.0649
v  -10.5401 -109.552 19.326
v  -7.45058e-09 -109.552 18.2879
v  -10.6395 -104.54 18.8263
v  -7.45058e-09 -99.4445 17.2049
v  -10.7514 -99.4445 18.2639
v  -10.8656 -94.2644 17.6896
v  -7.45058e-09 -94.2644 16.6194
v  -10.9843 -88.9964 17.093
v  -20.1204 -119.373 23.7401
v  -20.387 -114.516 23.0965
v  -20.6753 -109.552 22.4004
v  -20.8702 -104.54 21.9298
v  -21.0897 -99.4445 21.3999
v  -21.3138 -94.2644 20.859
v  -29.2103 -119.373 28.5988
v  -29.5973 -114.516 28.0195
v  -30.0159 -109.552 27.3931
v  -30.2989 -104.54 26.9695
v  -30.6175 -99.4445 26.4927
v  -30.9429 -94.2644 26.0058
v  -31.2808 -88.9964 25.5
v  -37.1777 -119.373 35.1374
v  -37.6703 -114.516 34.6448
v  -38.203 -109.552 34.1121
v  -38.5633 -104.54 33.7518
v  -38.9688 -99.4445 33.3463
v  -39.3828 -94.2644 32.9323
v  -39.813 -88.9964 32.5021
v  -44.2956 -114.516 42.7178
v  -44.922 -109.552 42.2992
v  -45.3456 -104.54 42.0161
v  -45.8225 -99.4445 41.6975
v  -46.3093 -94.2644 41.3722
v  -46.8151 -88.9964 41.0343
v  -48.575 -119.373 52.1947
v  -49.2186 -114.516 51.9281
v  -49.9147 -109.552 51.6398
v  -50.3854 -104.54 51.4448
v  -50.9152 -99.4445 51.2254
v  -51.4562 -94.2644 51.0013
v  -52.0182 -88.9964 50.7685
v  -51.567 -119.373 62.0578
v  -52.2502 -114.516 61.9219
v  -52.9892 -109.552 61.7749
v  -53.4888 -104.54 61.6755
v  -54.0513 -99.4445 61.5637
v  -54.6256 -94.2644 61.4494
v  -55.2222 -88.9964 61.3307
v  -52.5773 -119.373 72.3151
v  -53.2739 -114.516 72.3151
v  -54.0273 -109.552 72.3151
v  -54.5368 -104.54 72.3151
v  -55.1102 -99.4445 72.3151
v  -55.6958 -94.2644 72.3151
v  -56.3041 -88.9964 72.3151
v  -51.567 -119.373 82.5725
v  -52.2503 -114.516 82.7084
v  -52.9892 -109.552 82.8553
v  -53.4889 -104.54 82.9547
v  -54.0513 -99.4445 83.0666
v  -54.6256 -94.2644 83.1809
v  -55.2222 -88.9964 83.2995
v  -48.5751 -119.373 92.4356
v  -49.2187 -114.516 92.7022
v  -49.9147 -109.552 92.9905
v  -50.3854 -104.54 93.1855
v  -50.9152 -99.4445 93.4049
v  -51.4562 -94.2644 93.629
v  -52.0182 -88.9964 93.8618
v  -43.7164 -119.373 101.526
v  -44.2956 -114.516 101.913
v  -44.9221 -109.552 102.331
v  -45.3457 -104.54 102.614
v  -45.8225 -99.4445 102.933
v  -46.3094 -94.2644 103.258
v  -37.1778 -119.373 109.493
v  -38.2031 -109.552 110.518
v  -38.5633 -104.54 110.879
v  -38.9688 -99.4445 111.284
v  -39.3829 -94.2644 111.698
v  -39.813 -88.9964 112.128
v  -29.2104 -119.373 116.032
v  -29.5974 -114.516 116.611
v  -30.016 -109.552 117.237
v  -30.299 -104.54 117.661
v  -30.6176 -99.4445 118.138
v  -30.9429 -94.2644 118.625
v  -31.2809 -88.9964 119.13
v  -20.1205 -119.372 120.89
v  -20.3871 -114.516 121.534
v  -20.6754 -109.552 122.23
v  -20.8703 -104.54 122.701
v  -21.0898 -99.4445 123.23
v  -21.3139 -94.2644 123.771
v  -10.2573 -119.372 123.882
v  -10.3932 -114.516 124.565
v  -10.5402 -109.552 125.304
v  -10.6396 -104.54 125.804
v  -10.7515 -99.4445 126.366
v  -10.8657 -94.2644 126.941
v  -10.9844 -88.9964 127.537
v  -1.71289e-05 -119.372 124.892
v  -1.73599e-05 -114.516 125.589
v  -1.76057e-05 -109.552 126.342
v  -1.77696e-05 -104.54 126.852
v  -1.79484e-05 -99.4445 127.425
v  -1.81496e-05 -94.2644 128.011
v  -1.83433e-05 -88.9964 128.619
v  10.2573 -119.372 123.882
v  10.3932 -114.516 124.565
v  10.5402 -109.552 125.304
v  10.6396 -104.54 125.804
v  10.7515 -99.4445 126.367
v  10.8657 -94.2644 126.941
v  10.9844 -88.9964 127.537
v  20.1204 -119.372 120.89
v  20.387 -114.516 121.534
v  20.6753 -109.552 122.23
v  20.8703 -104.54 122.701
v  21.0898 -99.4445 123.23
v  21.3138 -94.2644 123.771
v  21.5466 -88.9964 124.333
v  29.5974 -114.516 116.611
v  30.016 -109.552 117.237
v  30.299 -104.54 117.661
v  30.6176 -99.4445 118.138
v  30.9429 -94.2644 118.625
v  31.2809 -88.9964 119.13
v  37.1777 -119.373 109.493
v  38.2031 -109.552 110.518
v  38.5633 -104.54 110.879
v  38.9688 -99.4445 111.284
v  39.3829 -94.2644 111.698
v  39.813 -88.9964 112.128
v  43.7164 -119.373 101.526
v  44.2956 -114.516 101.913
v  44.9221 -109.552 102.331
v  45.3457 -104.54 102.614
v  45.8225 -99.4445 102.933
v  46.3093 -94.2644 103.258
v  46.8151 -88.9964 103.596
v  48.5751 -119.373 92.4356
v  49.2187 -114.516 92.7022
v  49.9147 -109.552 92.9905
v  50.3854 -104.54 93.1855
v  50.9152 -99.4445 93.405
v  51.4562 -94.2644 93.629
v  52.0182 -88.9964 93.8618
v  52.2503 -114.516 82.7084
v  52.9892 -109.552 82.8554
v  53.4889 -104.54 82.9548
v  54.0513 -99.4445 83.0667
v  54.6256 -94.2644 83.1809
v  55.2222 -88.9964 83.2996
v  52.5773 -119.373 72.3152
v  53.2739 -114.516 72.3152
v  54.0273 -109.552 72.3152
v  54.5368 -104.54 72.3152
v  55.1102 -99.4445 72.3152
v  55.6958 -94.2644 72.3152
v  56.3041 -88.9964 72.3152
v  51.567 -119.373 62.0579
v  52.2503 -114.516 61.922
v  52.9892 -109.552 61.775
v  53.4889 -104.54 61.6756
v  54.0513 -99.4445 61.5637
v  54.6256 -94.2644 61.4495
v  55.2222 -88.9964 61.3308
v  48.5751 -119.373 52.1947
v  49.2187 -114.516 51.9282
v  49.9147 -109.552 51.6398
v  50.3854 -104.54 51.4449
v  50.9152 -99.4445 51.2254
v  51.4562 -94.2644 51.0013
v  52.0182 -88.9964 50.7685
v  43.7164 -119.373 43.1048
v  44.2956 -114.516 42.7178
v  44.9221 -109.552 42.2992
v  45.3457 -104.54 42.0162
v  45.8225 -99.4445 41.6976
v  46.3093 -94.2644 41.3723
v  46.8151 -88.9964 41.0343
v  37.1777 -119.373 35.1375
v  37.6703 -114.516 34.6449
v  38.2031 -109.552 34.1121
v  38.5633 -104.54 33.7519
v  38.9688 -99.4445 33.3464
v  39.3829 -94.2644 32.9323
v  39.813 -88.9964 32.5022
v  29.2104 -119.373 28.5988
v  29.5974 -114.516 28.0196
v  30.016 -109.552 27.3931
v  30.299 -104.54 26.9695
v  30.6176 -99.4445 26.4927
v  30.9429 -94.2644 26.0058
v  31.2809 -88.9964 25.5001
v  20.1205 -119.373 23.7401
v  20.387 -114.516 23.0965
v  20.6754 -109.552 22.4005
v  20.8703 -104.54 21.9298
v  21.0898 -99.4445 21.4
v  21.3139 -94.2644 20.859
v  21.5466 -88.9964 20.297
v  10.2573 -119.373 20.7482
v  10.3932 -114.516 20.0649
v  10.5402 -109.552 19.326
v  10.6396 -104.54 18.8263
v  10.7515 -99.4445 18.2639
v  10.8657 -94.2644 17.6896
v  35.3728 -121.137 107.688
v  45.2132 -78.3497 102.526
v  41.5941 -121.137 100.107
v  -50.2382 -78.3497 93.1245
v  -45.2132 -78.3497 102.526
v  -10.6084 -78.3497 18.9826
v  -20.8093 -78.3497 22.077
v  53.3326 -78.3497 82.9237
v  54.3774 -78.3497 72.3152
v  -20.8094 -78.3497 122.553
v  -10.6085 -78.3497 125.648
v  -45.2131 -78.3497 42.1047
v  -50.2382 -78.3497 51.5058
v  45.2132 -78.3497 42.1047
v  38.4506 -78.3497 33.8645
v  20.8093 -78.3497 122.553
v  -53.3326 -78.3497 82.9237
v  10.6085 -78.3497 18.9826
v  -7.45058e-09 -78.3497 17.9378
v  50.2382 -78.3497 93.1245
v  -30.2105 -78.3497 117.528
v  -38.4506 -78.3497 33.8645
v  50.2382 -78.3497 51.5058
v  10.6085 -78.3497 125.648
v  -54.3774 -78.3497 72.3151
v  20.8093 -78.3497 22.077
v  -38.4507 -78.3497 110.766
v  -30.2104 -78.3497 27.102
v  53.3326 -78.3497 61.7067
v  -1.77175e-05 -78.3497 126.693
v  -53.3326 -78.3497 61.7066
v  30.2105 -78.3497 27.102
v  19.1436 -121.137 26.0983
v  9.75935 -121.137 23.2516
v  1.43051e-06 -121.137 22.2904
v  -9.75927 -121.137 23.2516
v  -19.1436 -121.137 26.0983
v  -27.7922 -121.137 30.7211
v  -35.3728 -121.137 36.9423
v  -41.594 -121.137 44.5229
v  -46.2168 -121.137 53.1715
v  -49.0635 -121.137 62.5558
v  -50.0248 -121.137 72.3151
v  -49.0636 -121.137 82.0745
v  -46.2169 -121.137 91.4588
v  -41.5941 -121.137 100.107
v  -35.3729 -121.137 107.688
v  -27.7923 -121.137 113.909
v  -19.1437 -121.137 118.532
v  -9.75936 -121.137 121.379
v  -1.48639e-05 -121.137 122.34
v  9.75934 -121.137 121.379
v  19.1436 -121.137 118.532
v  27.7923 -121.137 113.909
v  46.2169 -121.137 91.4588
v  49.0635 -121.137 82.0745
v  50.0248 -121.137 72.3152
v  49.0635 -121.137 62.5558
v  46.2169 -121.137 53.1715
v  41.5941 -121.137 44.5229
v  35.3728 -121.137 36.9424
v  27.7923 -121.137 30.7211
v  11.1668 27.4436 -56.1396
v  -7.45058e-09 27.4436 -57.2394
v  -7.45058e-09 34.2224 -57.2394
v  11.1668 34.2224 -56.1396
v  21.9046 27.4436 -52.8823
v  21.9046 34.2224 -52.8823
v  31.8005 27.4436 -47.5928
v  31.8005 34.2224 -47.5928
v  40.4743 27.4436 -40.4744
v  40.4743 34.2224 -40.4744
v  47.5928 27.4436 -31.8005
v  47.5928 34.2224 -31.8005
v  52.8823 27.4436 -21.9046
v  52.8823 34.2224 -21.9046
v  56.1396 27.4436 -11.1669
v  56.1396 34.2224 -11.1669
v  57.2394 27.4436 -8.82149e-06
v  57.2394 34.2224 -1.00136e-05
v  56.1396 27.4436 11.1668
v  56.1396 34.2224 11.1668
v  52.8823 27.4436 21.9046
v  52.8823 34.2224 21.9046
v  47.5928 27.4436 31.8005
v  47.5928 34.2224 31.8005
v  40.4743 27.4436 40.4743
v  40.4743 34.2224 40.4743
v  31.8005 27.4436 47.5928
v  31.8005 34.2224 47.5928
v  21.9046 27.4436 52.8823
v  21.9046 34.2224 52.8823
v  11.1668 27.4436 56.1396
v  11.1668 34.2224 56.1396
v  -1.86488e-05 27.4436 57.2394
v  -1.86488e-05 34.2224 57.2394
v  -11.1669 27.4436 56.1395
v  -11.1669 34.2224 56.1395
v  -21.9046 27.4436 52.8823
v  -21.9046 34.2224 52.8823
v  -31.8005 27.4436 47.5928
v  -31.8005 34.2224 47.5928
v  -40.4744 27.4436 40.4743
v  -40.4744 34.2224 40.4743
v  -47.5928 27.4436 31.8005
v  -47.5928 34.2224 31.8005
v  -52.8823 27.4436 21.9045
v  -52.8823 34.2224 21.9045
v  -56.1396 27.4436 11.1668
v  -56.1396 34.2224 11.1668
v  -57.2394 27.4436 -5.98431e-05
v  -57.2394 34.2224 -6.07967e-05
v  -56.1395 27.4436 -11.1669
v  -56.1395 34.2224 -11.1669
v  -52.8823 27.4436 -21.9046
v  -52.8823 34.2224 -21.9046
v  -47.5928 27.4436 -31.8006
v  -47.5928 34.2224 -31.8006
v  -40.4743 27.4436 -40.4744
v  -40.4743 34.2224 -40.4744
v  -31.8004 27.4436 -47.5929
v  -31.8004 34.2224 -47.5929
v  -21.9045 27.4436 -52.8823
v  -21.9045 34.2224 -52.8823
v  50.2382 34.2224 -20.8093
v  45.2132 34.2224 -30.2105
v  -11.1668 27.4436 -56.1396
v  -11.1668 34.2224 -56.1396
v  10.6085 -26.7869 -53.3326
v  11.1668 -26.7869 -56.1396
v  21.9046 -26.7869 -52.8823
v  20.8093 -26.7869 -50.2382
v  -7.45058e-09 -26.7869 -57.2394
v  -11.1668 -26.7869 -56.1396
v  -11.1668 -20.0081 -56.1396
v  -7.45058e-09 -20.0081 -57.2394
v  -7.45058e-09 -13.2293 -57.2394
v  -11.1668 -13.2293 -56.1396
v  -11.1668 -6.45046 -56.1396
v  -7.45058e-09 -6.45046 -57.2394
v  -11.1668 0.328344 -56.1396
v  -7.45058e-09 0.328344 -57.2394
v  -7.45058e-09 7.10715 -57.2394
v  -11.1668 7.10715 -56.1396
v  -11.1668 13.886 -56.1396
v  -7.45058e-09 13.886 -57.2394
v  -11.1668 20.6648 -56.1396
v  -7.45058e-09 20.6648 -57.2394
v  -21.9045 -26.7869 -52.8823
v  -21.9045 -20.0081 -52.8823
v  -21.9045 -13.2293 -52.8823
v  -21.9045 -6.45046 -52.8823
v  -21.9045 13.886 -52.8823
v  -21.9045 20.6648 -52.8823
v  -31.8004 -26.7869 -47.5928
v  -31.8004 -20.0081 -47.5928
v  -31.8004 -13.2293 -47.5928
v  -31.8004 -6.45046 -47.5928
v  -31.8004 0.328346 -47.5928
v  -31.8004 7.10715 -47.5928
v  -31.8004 13.886 -47.5929
v  -31.8004 20.6648 -47.5929
v  -40.4743 -26.7869 -40.4744
v  -40.4743 -20.0081 -40.4744
v  -40.4743 -13.2293 -40.4744
v  -40.4743 -6.45046 -40.4744
v  -40.4743 0.328346 -40.4744
v  -40.4743 7.10715 -40.4744
v  -40.4743 13.886 -40.4744
v  -40.4743 20.6648 -40.4744
v  -47.5928 -26.7869 -31.8005
v  -47.5928 -20.0081 -31.8005
v  -47.5928 -13.2293 -31.8006
v  -47.5928 -6.45045 -31.8006
v  -47.5928 7.10715 -31.8006
v  -47.5928 13.886 -31.8006
v  -47.5928 20.6648 -31.8006
v  -52.8823 -26.7869 -21.9046
v  -52.8823 -20.0081 -21.9046
v  -52.8823 -6.45045 -21.9046
v  -52.8823 0.32835 -21.9046
v  -52.8823 7.10715 -21.9046
v  -52.8823 13.886 -21.9046
v  -52.8823 20.6648 -21.9046
v  -56.1395 -26.7869 -11.1669
v  -56.1395 -6.45045 -11.1669
v  -56.1395 13.886 -11.1669
v  -57.2394 -26.7869 -5.10216e-05
v  -57.2394 -20.0081 -5.19753e-05
v  -57.2394 -13.2293 -5.31673e-05
v  -57.2394 -6.45045 -5.4121e-05
v  -57.2394 0.328356 -5.53131e-05
v  -57.2394 7.10716 -5.65052e-05
v  -57.2394 13.886 -5.74589e-05
v  -57.2394 20.6648 -5.8651e-05
v  -56.1396 -26.7869 11.1668
v  -56.1396 -20.0081 11.1668
v  -56.1396 -13.2293 11.1668
v  -56.1396 -6.45045 11.1668
v  -56.1396 0.328356 11.1668
v  -56.1396 7.10716 11.1668
v  -56.1396 13.886 11.1668
v  -56.1396 20.6648 11.1668
v  -52.8823 -26.7869 21.9045
v  -52.8823 -20.0081 21.9045
v  -52.8823 -13.2293 21.9045
v  -52.8823 -6.45045 21.9045
v  -52.8823 0.328358 21.9045
v  -52.8823 7.10716 21.9045
v  -52.8823 13.886 21.9045
v  -52.8823 20.6648 21.9045
v  -47.5928 -26.7869 31.8005
v  -47.5928 -20.0081 31.8005
v  -47.5928 -13.2293 31.8005
v  -47.5928 -6.45045 31.8005
v  -47.5928 0.32836 31.8005
v  -47.5928 7.10716 31.8005
v  -47.5928 13.886 31.8005
v  -40.4744 -26.7869 40.4743
v  -40.4744 -20.0081 40.4743
v  -40.4744 -13.2292 40.4743
v  -40.4744 -6.45044 40.4743
v  -40.4744 0.32836 40.4743
v  -40.4744 7.10716 40.4743
v  -40.4744 13.886 40.4743
v  -40.4744 20.6648 40.4743
v  -31.8005 -26.7869 47.5928
v  -31.8005 -20.0081 47.5928
v  -31.8005 -13.2292 47.5928
v  -31.8005 -6.45044 47.5928
v  -31.8005 0.328362 47.5928
v  -31.8005 7.10717 47.5928
v  -31.8005 13.886 47.5928
v  -31.8005 20.6648 47.5928
v  -21.9046 -26.7869 52.8823
v  -21.9046 -20.008 52.8823
v  -21.9046 -13.2292 52.8823
v  -21.9046 -6.45044 52.8823
v  -21.9046 0.328362 52.8823
v  -21.9046 7.10717 52.8823
v  -21.9046 13.886 52.8823
v  -21.9046 20.6648 52.8823
v  -11.1669 -26.7869 56.1395
v  -11.1669 -20.008 56.1395
v  -11.1669 -13.2292 56.1395
v  -11.1669 -6.45044 56.1395
v  -11.1669 0.328363 56.1395
v  -11.1669 7.10717 56.1395
v  -11.1669 13.886 56.1395
v  -11.1669 20.6648 56.1395
v  -1.86488e-05 -26.7869 57.2394
v  -1.86488e-05 -20.008 57.2394
v  -1.86488e-05 -13.2292 57.2394
v  -1.86488e-05 -6.45044 57.2394
v  -1.86488e-05 0.328363 57.2394
v  -1.86488e-05 7.10717 57.2394
v  -1.86488e-05 13.886 57.2394
v  11.1668 -26.7869 56.1396
v  11.1668 -20.008 56.1396
v  11.1668 -13.2292 56.1396
v  11.1668 -6.45044 56.1396
v  11.1668 0.328363 56.1396
v  11.1668 7.10717 56.1396
v  11.1668 13.886 56.1396
v  11.1668 20.6648 56.1396
v  21.9046 -26.7869 52.8823
v  21.9046 -20.008 52.8823
v  21.9046 -13.2292 52.8823
v  21.9046 -6.45044 52.8823
v  21.9046 0.328362 52.8823
v  21.9046 7.10717 52.8823
v  21.9046 13.886 52.8823
v  21.9046 20.6648 52.8823
v  31.8005 -26.7869 47.5928
v  31.8005 -20.0081 47.5928
v  31.8005 -13.2292 47.5928
v  31.8005 -6.45044 47.5928
v  31.8005 0.328362 47.5928
v  31.8005 7.10717 47.5928
v  31.8005 13.886 47.5928
v  31.8005 20.6648 47.5928
v  40.4743 -26.7869 40.4744
v  40.4743 -20.0081 40.4744
v  40.4743 -13.2292 40.4744
v  40.4743 -6.45044 40.4744
v  40.4743 0.32836 40.4744
v  40.4743 7.10716 40.4744
v  40.4743 13.886 40.4743
v  40.4743 20.6648 40.4743
v  47.5928 -26.7869 31.8005
v  47.5928 -20.0081 31.8005
v  47.5928 -13.2293 31.8005
v  47.5928 -6.45045 31.8005
v  47.5928 0.32836 31.8005
v  47.5928 7.10716 31.8005
v  47.5928 13.886 31.8005
v  47.5928 20.6648 31.8005
v  52.8823 -26.7869 21.9046
v  52.8823 -20.0081 21.9046
v  52.8823 -13.2293 21.9046
v  52.8823 -6.45045 21.9046
v  52.8823 0.328358 21.9046
v  52.8823 7.10716 21.9046
v  52.8823 13.886 21.9046
v  52.8823 20.6648 21.9046
v  56.1396 -26.7869 11.1668
v  56.1396 -20.0081 11.1668
v  56.1396 -13.2293 11.1668
v  56.1396 -6.45045 11.1668
v  56.1396 0.328356 11.1668
v  56.1396 7.10716 11.1668
v  56.1396 13.886 11.1668
v  56.1396 20.6648 11.1668
v  57.2394 -26.7869 0
v  57.2394 -20.0081 -9.53674e-07
v  57.2394 -13.2293 -2.38419e-06
v  57.2394 -6.45045 -3.33786e-06
v  57.2394 0.328356 -4.29153e-06
v  57.2394 7.10716 -5.24521e-06
v  57.2394 13.886 -6.67572e-06
v  57.2394 20.6648 -7.62939e-06
v  56.1396 -26.7869 -11.1668
v  56.1396 -20.0081 -11.1668
v  56.1396 -13.2293 -11.1669
v  56.1396 -6.45045 -11.1669
v  56.1396 0.328352 -11.1669
v  56.1396 7.10716 -11.1669
v  56.1396 13.886 -11.1669
v  56.1396 20.6648 -11.1669
v  52.8823 -26.7869 -21.9046
v  52.8823 -20.0081 -21.9046
v  52.8823 -13.2293 -21.9046
v  52.8823 -6.45045 -21.9046
v  52.8823 0.32835 -21.9046
v  52.8823 7.10715 -21.9046
v  52.8823 13.886 -21.9046
v  52.8823 20.6648 -21.9046
v  47.5928 -26.7869 -31.8005
v  47.5928 -20.0081 -31.8005
v  47.5928 -13.2293 -31.8005
v  47.5928 -6.45045 -31.8005
v  47.5928 0.328348 -31.8005
v  47.5928 7.10715 -31.8005
v  47.5928 13.886 -31.8005
v  47.5928 20.6648 -31.8005
v  40.4743 -26.7869 -40.4743
v  40.4743 -20.0081 -40.4743
v  40.4743 -13.2293 -40.4743
v  40.4743 -6.45046 -40.4744
v  40.4743 0.328346 -40.4744
v  40.4743 7.10715 -40.4744
v  40.4743 13.886 -40.4744
v  40.4743 20.6648 -40.4744
v  31.8005 -26.7869 -47.5928
v  31.8005 -20.0081 -47.5928
v  31.8005 -13.2293 -47.5928
v  31.8005 -6.45046 -47.5928
v  31.8005 0.328346 -47.5928
v  31.8005 7.10715 -47.5928
v  31.8005 13.886 -47.5928
v  31.8005 20.6648 -47.5928
v  21.9046 -20.0081 -52.8823
v  21.9046 -13.2293 -52.8823
v  21.9046 -6.45046 -52.8823
v  21.9046 0.328344 -52.8823
v  21.9046 7.10715 -52.8823
v  21.9046 13.886 -52.8823
v  21.9046 20.6648 -52.8823
v  11.1668 -20.0081 -56.1396
v  11.1668 -13.2293 -56.1396
v  11.1668 -6.45046 -56.1396
v  11.1668 0.328344 -56.1396
v  11.1668 7.10715 -56.1396
v  11.1668 13.886 -56.1396
v  11.1668 20.6648 -56.1396
v  10.6085 34.2224 53.3326
v  20.8093 34.2224 50.2382
v  -54.3774 34.2224 -5.81741e-05
v  -53.3326 34.2224 10.6085
v  20.8093 34.2224 -50.2382
v  10.6085 34.2224 -53.3326
v  45.2132 34.2224 30.2105
v  50.2382 34.2224 20.8093
v  -38.4507 34.2224 38.4506
v  -30.2105 34.2224 45.2131
v  -30.2104 34.2224 -45.2132
v  -38.4506 34.2224 -38.4507
v  53.3326 34.2224 -10.6085
v  -1.77175e-05 34.2224 54.3774
v  -53.3326 34.2224 -10.6086
v  30.2105 34.2224 -45.2132
v  38.4506 34.2224 38.4506
v  -45.2132 34.2224 30.2104
v  -20.8093 34.2224 -50.2382
v  54.3774 34.2224 -9.77516e-06
v  -10.6085 34.2224 53.3325
v  -50.2382 34.2224 -20.8094
v  38.4506 34.2224 -38.4506
v  30.2105 34.2224 45.2132
v  -50.2382 34.2224 20.8093
v  -10.6084 34.2224 -53.3326
v  53.3326 34.2224 10.6085
v  -20.8094 34.2224 50.2382
v  -45.2131 34.2224 -30.2105
v  -7.45058e-09 34.2224 -54.3774
v  50.2382 -26.7869 20.8093
v  45.2132 -26.7869 30.2105
v  -30.2105 -26.7869 45.2132
v  -38.4507 -26.7869 38.4506
v  -38.4506 -26.7869 -38.4507
v  -30.2104 -26.7869 -45.2132
v  50.2382 -26.7869 -20.8093
v  53.3326 -26.7869 -10.6085
v  10.6085 -26.7869 53.3326
v  -1.77175e-05 -26.7869 54.3774
v  -54.3774 -26.7869 -4.81606e-05
v  -53.3326 -26.7869 -10.6086
v  30.2105 -26.7869 -45.2132
v  38.4506 -26.7869 38.4506
v  -45.2132 -26.7869 30.2104
v  -20.8093 -26.7869 -50.2382
v  54.3774 -26.7869 2.38419e-07
v  -10.6085 -26.7869 53.3326
v  -50.2382 -26.7869 -20.8094
v  38.4506 -26.7869 -38.4506
v  30.2105 -26.7869 45.2132
v  -50.2382 -26.7869 20.8093
v  -10.6084 -26.7869 -53.3326
v  53.3326 -26.7869 10.6085
v  -20.8094 -26.7869 50.2382
v  -45.2131 -26.7869 -30.2105
v  45.2132 -26.7869 -30.2105
v  20.8093 -26.7869 50.2382
v  -53.3326 -26.7869 10.6085
v  -7.45058e-09 -26.7869 -54.3774
v  3.39641 62.5247 85.0117
v  3.1392 63.4846 85.0117
v  2.6752 63.2167 85.2696
v  2.86062 62.5247 85.2696
v  2.4365 64.1873 85.0117
v  2.16861 63.7233 85.2696
v  1.4766 64.4445 85.0117
v  1.4766 63.9087 85.2696
v  0.516697 64.1873 85.0117
v  0.784591 63.7233 85.2696
v  -0.186 63.4846 85.0117
v  0.278005 63.2167 85.2696
v  -0.443205 62.5247 85.0117
v  0.0925812 62.5247 85.2696
v  -0.186 61.5648 85.0117
v  0.278004 61.8327 85.2696
v  0.516697 60.8621 85.0117
v  0.78459 61.3261 85.2696
v  1.4766 60.6049 85.0117
v  1.4766 61.1406 85.2696
v  2.4365 60.8621 85.0117
v  2.16861 61.3261 85.2696
v  3.1392 61.5648 85.0117
v  2.6752 61.8326 85.2696
v  1.4766 62.5247 85.2696
v  3.1392 63.4845 10.1949
v  3.39641 62.5246 10.1949
v  2.08947 62.5246 8.82561
v  2.00736 62.8311 8.82561
v  2.4365 64.1872 10.1949
v  1.78304 63.0554 8.8256
v  1.4766 64.4444 10.1949
v  1.4766 63.1375 8.8256
v  0.516697 64.1872 10.1949
v  1.17016 63.0554 8.8256
v  -0.186 63.4845 10.1949
v  0.945839 62.8311 8.82561
v  -0.443205 62.5246 10.1949
v  0.86373 62.5246 8.82561
v  -0.186 61.5647 10.1949
v  0.945839 62.2182 8.82561
v  0.516697 60.862 10.1949
v  1.17016 61.9939 8.82561
v  1.4766 60.6048 10.1949
v  1.4766 61.9118 8.82561
v  2.4365 60.862 10.1949
v  1.78304 61.9939 8.82561
v  3.1392 61.5647 10.1949
v  2.00736 62.2182 8.82561
v  3.1392 63.4846 56.9554
v  3.39641 62.5246 56.9554
v  3.39641 62.5246 47.6033
v  3.1392 63.4846 47.6033
v  2.4365 64.1872 56.9554
v  2.4365 64.1872 47.6033
v  1.4766 64.4445 56.9554
v  1.4766 64.4445 47.6033
v  0.516697 64.1872 56.9554
v  0.516697 64.1872 47.6033
v  -0.186 63.4846 56.9554
v  -0.186 63.4846 47.6033
v  -0.443205 62.5246 56.9554
v  -0.443205 62.5246 47.6033
v  -0.186 61.5647 56.9554
v  -0.186 61.5647 47.6033
v  0.516697 60.862 56.9554
v  0.516697 60.862 47.6033
v  1.4766 60.6048 56.9554
v  1.4766 60.6048 47.6033
v  2.4365 60.862 56.9554
v  2.4365 60.862 47.6033
v  3.1392 61.5647 56.9554
v  3.1392 61.5647 47.6033
v  3.1392 63.4845 19.547
v  3.39641 62.5246 19.547
v  3.1392 63.4845 28.8991
v  3.39641 62.5246 28.8991
v  3.1392 63.4846 38.2512
v  3.39641 62.5246 38.2512
v  3.39641 62.5247 75.6596
v  3.1392 63.4846 75.6596
v  3.39641 62.5246 66.3075
v  3.1392 63.4846 66.3075
v  2.4365 64.1872 19.547
v  2.4365 64.1872 28.8991
v  2.4365 64.1872 38.2512
v  2.4365 64.1873 75.6596
v  2.4365 64.1872 66.3075
v  1.4766 64.4444 19.547
v  1.4766 64.4444 28.8991
v  1.4766 64.4445 38.2512
v  1.4766 64.4445 75.6596
v  1.4766 64.4445 66.3075
v  0.516697 64.1872 19.547
v  0.516697 64.1872 28.8991
v  0.516697 64.1872 38.2512
v  0.516697 64.1873 75.6596
v  0.516697 64.1872 66.3075
v  -0.186 63.4845 19.547
v  -0.186 63.4845 28.8991
v  -0.186 63.4846 38.2512
v  -0.186 63.4846 75.6596
v  -0.186 63.4846 66.3075
v  -0.443205 62.5246 19.547
v  -0.443205 62.5246 28.8991
v  -0.443205 62.5246 38.2512
v  -0.443205 62.5247 75.6596
v  -0.443205 62.5247 66.3075
v  -0.186 61.5647 19.547
v  -0.186 61.5647 28.8991
v  -0.186 61.5647 38.2512
v  -0.186 61.5648 75.6596
v  -0.186 61.5648 66.3075
v  0.516697 60.862 19.547
v  0.516697 60.862 28.8991
v  0.516697 60.862 38.2512
v  0.516697 60.8621 75.6596
v  0.516697 60.8621 66.3075
v  1.4766 60.6048 19.547
v  1.4766 60.6048 28.8991
v  1.4766 60.6048 38.2512
v  1.4766 60.6049 75.6596
v  1.4766 60.6048 66.3075
v  2.4365 60.862 19.547
v  2.4365 60.862 28.8991
v  2.4365 60.862 38.2512
v  2.4365 60.8621 75.6596
v  2.4365 60.8621 66.3075
v  3.1392 61.5647 19.547
v  3.1392 61.5647 28.8991
v  3.1392 61.5647 38.2512
v  3.1392 61.5648 75.6596
v  3.1392 61.5648 66.3075
v  3.30726 63.543 11.6993
v  3.01272 63.8408 11.3105
v  3.06479 64.1312 11.4644
v  3.3271 63.7591 11.7287
v  2.51758 64.225 11.0175
v  2.85164 63.7597 11.2348
v  2.43938 64.0794 11.0145
v  2.0367 64.4324 10.8206
v  2.08736 64.6542 11.0429
v  2.62184 64.4192 11.2583
v  1.48556 64.3338 10.7992
v  1.48556 64.4969 10.7635
v  1.99327 64.2742 10.8464
v  3.05933 64.1387 13.0644
v  3.3271 63.7591 13.0644
v  2.07813 64.6628 13.0644
v  2.62184 64.4192 13.0644
v  3.30726 63.543 13.0644
v  3.1001 63.5115 13.0644
v  3.1001 63.5115 11.5364
v  3.05933 64.1387 15.6398
v  2.62184 64.4192 15.6398
v  2.07813 64.6628 15.6398
v  1.48556 64.7144 13.0644
v  1.48556 64.7144 15.6398
v  3.3271 63.7591 15.6398
v  3.30726 63.543 15.6398
v  3.1001 63.5115 15.6398
v  3.30726 63.543 19.5802
v  3.3271 63.7591 19.5509
v  3.06479 64.1312 19.8152
v  3.01272 63.8407 19.969
v  2.85164 63.7597 20.0448
v  2.51758 64.225 20.2621
v  2.43938 64.0794 20.2651
v  2.62184 64.4192 20.0212
v  2.08736 64.6542 20.2367
v  2.0367 64.4324 20.4589
v  1.48556 64.3338 20.4804
v  1.99327 64.2742 20.4332
v  1.48556 64.4969 20.5161
v  3.05933 64.1387 18.2152
v  3.3271 63.7591 18.2152
v  2.07813 64.6628 18.2152
v  2.62184 64.4192 18.2152
v  3.1001 63.5115 19.7431
v  3.1001 63.5115 18.2152
v  3.30726 63.543 18.2152
v  1.48556 64.7144 18.2152
v  1.48556 64.7144 10.9663
v  1.48556 64.7144 20.3133
v  -0.336137 63.543 11.6993
v  -0.355974 63.7591 11.7287
v  -0.0936593 64.1312 11.4644
v  -0.041593 63.8408 11.3105
v  0.453548 64.225 11.0175
v  0.531745 64.0794 11.0145
v  0.119482 63.7597 11.2348
v  0.349286 64.4192 11.2583
v  0.883769 64.6542 11.0429
v  0.934426 64.4324 10.8206
v  0.977856 64.2742 10.8464
v  -0.355974 63.7591 13.0644
v  -0.0882057 64.1387 13.0644
v  0.349286 64.4192 13.0644
v  0.892999 64.6628 13.0644
v  -0.128975 63.5115 11.5364
v  -0.128975 63.5115 13.0644
v  -0.336136 63.543 13.0644
v  -0.0882048 64.1387 15.6398
v  0.349286 64.4192 15.6398
v  0.892998 64.6628 15.6398
v  -0.336136 63.543 15.6398
v  -0.355973 63.7591 15.6398
v  -0.128975 63.5115 15.6398
v  -0.336137 63.543 19.5802
v  -0.0415926 63.8407 19.969
v  -0.0936593 64.1312 19.8152
v  -0.355974 63.7591 19.5509
v  0.119482 63.7597 20.0448
v  0.531745 64.0794 20.2651
v  0.453548 64.225 20.2621
v  0.934426 64.4324 20.4589
v  0.88377 64.6542 20.2367
v  0.349286 64.4192 20.0212
v  0.977856 64.2742 20.4332
v  -0.0882057 64.1387 18.2152
v  -0.355974 63.7591 18.2152
v  0.892999 64.6628 18.2152
v  0.349286 64.4192 18.2152
v  -0.336136 63.543 18.2152
v  -0.128975 63.5115 18.2152
v  -0.128975 63.5115 19.7431
v  -0.336137 61.527 11.6993
v  -0.041593 61.2293 11.3105
v  -0.0936593 60.9388 11.4644
v  -0.355974 61.3109 11.7287
v  0.453548 60.845 11.0175
v  0.119482 61.3103 11.2348
v  0.531745 60.9906 11.0145
v  0.934426 60.6376 10.8206
v  0.883769 60.4158 11.0429
v  0.349286 60.6508 11.2583
v  1.48556 60.7362 10.7992
v  1.48556 60.5731 10.7635
v  0.977856 60.7958 10.8464
v  -0.0882057 60.9313 13.0644
v  -0.355974 61.3109 13.0644
v  0.892998 60.4072 13.0644
v  0.349286 60.6508 13.0644
v  -0.336136 61.527 13.0644
v  -0.128975 61.5585 13.0644
v  -0.128975 61.5585 11.5364
v  -0.0882048 60.9313 15.6398
v  0.349286 60.6508 15.6398
v  0.892998 60.4072 15.6398
v  1.48556 60.3556 13.0644
v  1.48556 60.3556 15.6398
v  -0.355973 61.3109 15.6398
v  -0.336136 61.527 15.6398
v  -0.128975 61.5585 15.6398
v  -0.336137 61.527 19.5802
v  -0.355974 61.3109 19.5509
v  -0.0936593 60.9388 19.8152
v  -0.0415926 61.2293 19.969
v  0.119482 61.3103 20.0448
v  0.453548 60.845 20.2621
v  0.531745 60.9906 20.2651
v  0.349286 60.6508 20.0212
v  0.883769 60.4158 20.2367
v  0.934426 60.6376 20.4589
v  1.48556 60.7362 20.4804
v  0.977856 60.7958 20.4332
v  1.48556 60.5731 20.5161
v  -0.0882057 60.9313 18.2152
v  -0.355974 61.3109 18.2152
v  0.892999 60.4072 18.2152
v  0.349286 60.6508 18.2152
v  -0.128975 61.5585 19.7431
v  -0.128975 61.5585 18.2152
v  -0.336136 61.527 18.2152
v  1.48556 60.3556 18.2152
v  1.48556 60.3556 10.9663
v  1.48556 60.3556 20.3133
v  3.30726 61.527 11.6993
v  3.3271 61.3109 11.7287
v  3.06479 60.9388 11.4644
v  3.01272 61.2293 11.3105
v  2.51758 60.845 11.0175
v  2.43938 60.9906 11.0145
v  2.85164 61.3103 11.2348
v  2.62184 60.6508 11.2583
v  2.08736 60.4158 11.0429
v  2.0367 60.6376 10.8206
v  1.99327 60.7958 10.8464
v  3.3271 61.3109 13.0644
v  3.05933 60.9313 13.0644
v  2.62184 60.6508 13.0644
v  2.07813 60.4072 13.0644
v  3.1001 61.5585 11.5364
v  3.1001 61.5585 13.0644
v  3.30726 61.527 13.0644
v  3.05933 60.9313 15.6398
v  2.62184 60.6508 15.6398
v  2.07813 60.4072 15.6398
v  3.30726 61.527 15.6398
v  3.3271 61.3109 15.6398
v  3.1001 61.5585 15.6398
v  3.30726 61.527 19.5802
v  3.01272 61.2293 19.969
v  3.06479 60.9388 19.8152
v  3.3271 61.3109 19.5509
v  2.85164 61.3103 20.0448
v  2.43938 60.9906 20.2651
v  2.51758 60.845 20.2621
v  2.0367 60.6376 20.4589
v  2.08736 60.4158 20.2367
v  2.62184 60.6508 20.0212
v  1.99327 60.7958 20.4332
v  3.05933 60.9313 18.2152
v  3.3271 61.3109 18.2152
v  2.07813 60.4072 18.2152
v  2.62184 60.6508 18.2152
v  3.30726 61.527 18.2152
v  3.1001 61.5585 18.2152
v  3.1001 61.5585 19.7431
v  87.597 62.5246 -1.82961
v  87.597 63.4845 -1.5724
v  87.8549 63.2167 -1.10839
v  87.8549 62.5246 -1.29382
v  87.597 64.1872 -0.869699
v  87.8549 63.7232 -0.601809
v  87.597 64.4444 0.0902033
v  87.8549 63.9087 0.0902033
v  87.597 64.1872 1.05011
v  87.8549 63.7232 0.782212
v  87.597 63.4845 1.7528
v  87.8549 63.2167 1.2888
v  87.597 62.5246 2.01001
v  87.8549 62.5246 1.47422
v  87.597 61.5647 1.7528
v  87.8549 61.8326 1.2888
v  87.597 60.862 1.05011
v  87.8549 61.326 0.782212
v  87.597 60.6048 0.0902038
v  87.8549 61.1406 0.0902038
v  87.597 60.862 -0.869699
v  87.8549 61.326 -0.601809
v  87.597 61.5647 -1.5724
v  87.8549 61.8326 -1.10839
v  87.8549 62.5246 0.0902035
v  12.7802 63.4845 -1.5724
v  12.7802 62.5246 -1.8296
v  11.4109 62.5246 -0.522665
v  11.4109 62.8311 -0.440558
v  12.7802 64.1872 -0.869699
v  11.4109 63.0554 -0.216231
v  12.7802 64.4444 0.0902033
v  11.4109 63.1375 0.0902071
v  12.7802 64.1872 1.05011
v  11.4109 63.0554 0.396641
v  12.7802 63.4845 1.75281
v  11.4109 62.8311 0.620968
v  12.7802 62.5246 2.01001
v  11.4109 62.5246 0.703076
v  12.7802 61.5647 1.75281
v  11.4109 62.2182 0.620969
v  12.7802 60.862 1.05011
v  11.4109 61.9939 0.396642
v  12.7802 60.6048 0.0902076
v  11.4109 61.9118 0.0902073
v  12.7802 60.862 -0.869695
v  11.4109 61.9939 -0.216231
v  12.7802 61.5647 -1.5724
v  11.4109 62.2182 -0.440558
v  59.5407 63.4845 -1.5724
v  59.5407 62.5246 -1.8296
v  50.1886 62.5246 -1.8296
v  50.1886 63.4845 -1.5724
v  59.5407 64.1872 -0.869699
v  50.1886 64.1872 -0.869699
v  59.5407 64.4444 0.0902033
v  50.1886 64.4444 0.0902033
v  59.5407 64.1872 1.05011
v  50.1886 64.1872 1.05011
v  59.5407 63.4845 1.7528
v  50.1886 63.4845 1.7528
v  59.5407 62.5246 2.01001
v  50.1886 62.5246 2.01001
v  59.5407 61.5647 1.7528
v  50.1886 61.5647 1.7528
v  59.5407 60.862 1.05011
v  50.1886 60.862 1.05011
v  59.5407 60.6048 0.0902038
v  50.1886 60.6048 0.0902038
v  59.5407 60.862 -0.869699
v  50.1886 60.862 -0.869699
v  59.5407 61.5647 -1.5724
v  50.1886 61.5647 -1.5724
v  22.1323 63.4845 -1.5724
v  22.1323 62.5246 -1.8296
v  31.4844 63.4845 -1.5724
v  31.4844 62.5246 -1.8296
v  40.8365 63.4845 -1.5724
v  40.8365 62.5246 -1.8296
v  78.2449 62.5246 -1.8296
v  78.2449 63.4845 -1.5724
v  68.8928 62.5246 -1.8296
v  68.8928 63.4845 -1.5724
v  22.1323 64.1872 -0.869699
v  31.4844 64.1872 -0.869699
v  40.8365 64.1872 -0.869699
v  78.2449 64.1872 -0.869699
v  68.8928 64.1872 -0.869699
v  22.1323 64.4444 0.0902033
v  31.4844 64.4444 0.0902033
v  40.8365 64.4444 0.0902033
v  78.2449 64.4444 0.0902033
v  68.8928 64.4444 0.0902033
v  22.1323 64.1872 1.05011
v  31.4844 64.1872 1.05011
v  40.8365 64.1872 1.05011
v  78.2449 64.1872 1.05011
v  68.8928 64.1872 1.05011
v  22.1323 63.4845 1.75281
v  31.4844 63.4845 1.7528
v  40.8365 63.4845 1.7528
v  78.2449 63.4845 1.7528
v  68.8928 63.4845 1.7528
v  22.1323 62.5246 2.01001
v  31.4844 62.5246 2.01001
v  40.8365 62.5246 2.01001
v  78.2449 62.5246 2.01001
v  68.8928 62.5246 2.01001
v  22.1323 61.5647 1.75281
v  31.4844 61.5647 1.7528
v  40.8365 61.5647 1.7528
v  78.2449 61.5647 1.7528
v  68.8928 61.5647 1.7528
v  22.1323 60.862 1.05011
v  31.4844 60.862 1.05011
v  40.8365 60.862 1.05011
v  78.2449 60.862 1.05011
v  68.8928 60.862 1.05011
v  22.1323 60.6048 0.0902076
v  31.4844 60.6048 0.0902038
v  40.8365 60.6048 0.0902038
v  78.2449 60.6048 0.0902038
v  68.8928 60.6048 0.0902038
v  22.1323 60.862 -0.869695
v  31.4844 60.862 -0.869699
v  40.8365 60.862 -0.869699
v  78.2449 60.862 -0.869699
v  68.8928 60.862 -0.869699
v  22.1323 61.5647 -1.5724
v  31.4844 61.5647 -1.5724
v  40.8365 61.5647 -1.5724
v  78.2449 61.5647 -1.5724
v  68.8928 61.5647 -1.5724
v  14.2847 63.543 -1.74046
v  13.8959 63.8408 -1.44591
v  14.0497 64.1312 -1.49798
v  14.314 63.7591 -1.76029
v  13.6028 64.225 -0.950773
v  13.8201 63.7597 -1.28484
v  13.5998 64.0794 -0.872576
v  13.406 64.4324 -0.469893
v  13.6282 64.6542 -0.520552
v  13.8437 64.4192 -1.05503
v  13.3845 64.3338 0.0812426
v  13.3488 64.4969 0.0812426
v  13.4317 64.2742 -0.426466
v  15.6497 64.1387 -1.49253
v  15.6497 63.7591 -1.76029
v  15.6497 64.6628 -0.511321
v  15.6497 64.4192 -1.05503
v  15.6497 63.543 -1.74046
v  15.6497 63.5115 -1.5333
v  14.1217 63.5115 -1.5333
v  18.2251 64.1387 -1.49252
v  18.2251 64.4192 -1.05503
v  18.2251 64.6628 -0.511321
v  15.6497 64.7144 0.0812423
v  18.2251 64.7144 0.0812423
v  18.2251 63.7591 -1.76029
v  18.2251 63.543 -1.74046
v  18.2251 63.5115 -1.5333
v  22.1655 63.543 -1.74046
v  22.1362 63.7591 -1.76029
v  22.4005 64.1312 -1.49798
v  22.5543 63.8407 -1.44591
v  22.6301 63.7597 -1.28484
v  22.8474 64.225 -0.950773
v  22.8504 64.0794 -0.872576
v  22.6065 64.4192 -1.05503
v  22.822 64.6542 -0.520552
v  23.0443 64.4324 -0.469893
v  23.0657 64.3338 0.0812426
v  23.0185 64.2742 -0.426466
v  23.1014 64.4969 0.0812426
v  20.8005 64.1387 -1.49253
v  20.8005 63.7591 -1.76029
v  20.8005 64.6628 -0.511321
v  20.8005 64.4192 -1.05503
v  22.3285 63.5115 -1.5333
v  20.8005 63.5115 -1.5333
v  20.8005 63.543 -1.74046
v  20.8005 64.7144 0.0812423
v  13.5516 64.7144 0.0812423
v  22.8986 64.7144 0.0812423
v  14.2847 63.543 1.90294
v  14.314 63.7591 1.92278
v  14.0497 64.1312 1.66046
v  13.8959 63.8408 1.6084
v  13.6028 64.225 1.11326
v  13.5998 64.0794 1.03506
v  13.8201 63.7597 1.44732
v  13.8437 64.4192 1.21752
v  13.6282 64.6542 0.683037
v  13.406 64.4324 0.632378
v  13.4317 64.2742 0.588952
v  15.6497 63.7591 1.92278
v  15.6497 64.1387 1.65501
v  15.6497 64.4192 1.21752
v  15.6497 64.6628 0.673805
v  14.1217 63.5115 1.69578
v  15.6497 63.5115 1.69578
v  15.6497 63.543 1.90294
v  18.2251 64.1387 1.65501
v  18.2251 64.4192 1.21752
v  18.2251 64.6628 0.673805
v  18.2251 63.543 1.90295
v  18.2251 63.7591 1.92278
v  18.2251 63.5115 1.69578
v  22.1655 63.543 1.90294
v  22.5543 63.8407 1.6084
v  22.4005 64.1312 1.66046
v  22.1362 63.7591 1.92278
v  22.6301 63.7597 1.44732
v  22.8504 64.0794 1.03506
v  22.8474 64.225 1.11326
v  23.0443 64.4324 0.632378
v  22.822 64.6542 0.683037
v  22.6065 64.4192 1.21752
v  23.0185 64.2742 0.588948
v  20.8005 64.1387 1.65501
v  20.8005 63.7591 1.92278
v  20.8005 64.6628 0.673805
v  20.8005 64.4192 1.21752
v  20.8005 63.543 1.90294
v  20.8005 63.5115 1.69578
v  22.3285 63.5115 1.69578
v  14.2847 61.527 1.90294
v  13.8959 61.2293 1.6084
v  14.0497 60.9388 1.66047
v  14.314 61.3109 1.92278
v  13.6028 60.845 1.11326
v  13.8201 61.3103 1.44732
v  13.5998 60.9906 1.03506
v  13.406 60.6376 0.632379
v  13.6282 60.4158 0.683038
v  13.8437 60.6508 1.21752
v  13.3845 60.7362 0.081243
v  13.3488 60.5731 0.081243
v  13.4317 60.7958 0.588952
v  15.6497 60.9313 1.65501
v  15.6497 61.3109 1.92278
v  15.6497 60.4072 0.673806
v  15.6497 60.6508 1.21752
v  15.6497 61.527 1.90294
v  15.6497 61.5585 1.69578
v  14.1217 61.5585 1.69578
v  18.2251 60.9313 1.65501
v  18.2251 60.6508 1.21752
v  18.2251 60.4072 0.673806
v  15.6497 60.3556 0.081243
v  18.2251 60.3556 0.081243
v  18.2251 61.3109 1.92278
v  18.2251 61.527 1.90295
v  18.2251 61.5585 1.69579
v  22.1655 61.527 1.90294
v  22.1362 61.3109 1.92278
v  22.4005 60.9388 1.66047
v  22.5543 61.2293 1.6084
v  22.6301 61.3103 1.44732
v  22.8474 60.845 1.11326
v  22.8504 60.9906 1.03506
v  22.6065 60.6508 1.21752
v  22.822 60.4158 0.683038
v  23.0443 60.6376 0.632379
v  23.0657 60.7362 0.081243
v  23.0185 60.7958 0.588948
v  23.1014 60.5731 0.081243
v  20.8005 60.9313 1.65501
v  20.8005 61.3109 1.92278
v  20.8005 60.4072 0.673806
v  20.8005 60.6508 1.21752
v  22.3285 61.5585 1.69578
v  20.8005 61.5585 1.69578
v  20.8005 61.527 1.90294
v  20.8005 60.3556 0.081243
v  13.5516 60.3556 0.081243
v  22.8986 60.3556 0.081243
v  14.2847 61.527 -1.74046
v  14.314 61.3109 -1.76029
v  14.0497 60.9388 -1.49798
v  13.8959 61.2293 -1.44591
v  13.6028 60.845 -0.950773
v  13.5998 60.9906 -0.872575
v  13.8201 61.3103 -1.28484
v  13.8437 60.6508 -1.05503
v  13.6282 60.4158 -0.520551
v  13.406 60.6376 -0.469893
v  13.4317 60.7958 -0.426466
v  15.6497 61.3109 -1.76029
v  15.6497 60.9313 -1.49253
v  15.6497 60.6508 -1.05503
v  15.6497 60.4072 -0.51132
v  14.1217 61.5585 -1.5333
v  15.6497 61.5585 -1.5333
v  15.6497 61.527 -1.74046
v  18.2251 60.9313 -1.49252
v  18.2251 60.6508 -1.05503
v  18.2251 60.4072 -0.51132
v  18.2251 61.527 -1.74046
v  18.2251 61.3109 -1.76029
v  18.2251 61.5585 -1.5333
v  22.1655 61.527 -1.74046
v  22.5543 61.2293 -1.44591
v  22.4005 60.9388 -1.49798
v  22.1362 61.3109 -1.76029
v  22.6301 61.3103 -1.28484
v  22.8504 60.9906 -0.872575
v  22.8474 60.845 -0.950773
v  23.0443 60.6376 -0.469893
v  22.822 60.4158 -0.520551
v  22.6065 60.6508 -1.05503
v  23.0185 60.7958 -0.426466
v  20.8005 60.9313 -1.49253
v  20.8005 61.3109 -1.76029
v  20.8005 60.4072 -0.51132
v  20.8005 60.6508 -1.05503
v  20.8005 61.527 -1.74046
v  20.8005 61.5585 -1.5333
v  22.3285 61.5585 -1.5333
v  -0.44321 62.5246 -85.0311
v  -0.186004 63.4845 -85.0311
v  0.278003 63.2166 -85.289
v  0.0925788 62.5246 -85.289
v  0.516696 64.1872 -85.0311
v  0.784587 63.7232 -85.289
v  1.4766 64.4444 -85.0311
v  1.4766 63.9086 -85.289
v  2.4365 64.1872 -85.0311
v  2.16861 63.7232 -85.289
v  3.1392 63.4845 -85.0311
v  2.67519 63.2166 -85.289
v  3.3964 62.5246 -85.0311
v  2.86062 62.5246 -85.289
v  3.1392 61.5647 -85.0311
v  2.67519 61.8326 -85.289
v  2.4365 60.862 -85.0311
v  2.16861 61.326 -85.289
v  1.4766 60.6048 -85.0311
v  1.4766 61.1406 -85.289
v  0.516696 60.862 -85.0311
v  0.784587 61.326 -85.289
v  -0.186004 61.5647 -85.0311
v  0.278003 61.8326 -85.289
v  1.4766 62.5246 -85.289
v  -0.186001 63.4845 -10.2143
v  -0.443206 62.5246 -10.2143
v  0.863731 62.5246 -8.84502
v  0.945838 62.8311 -8.84502
v  0.516696 64.1872 -10.2143
v  1.17016 63.0554 -8.84501
v  1.4766 64.4444 -10.2143
v  1.4766 63.1375 -8.84501
v  2.43651 64.1872 -10.2143
v  1.78304 63.0554 -8.84501
v  3.1392 63.4845 -10.2143
v  2.00736 62.8311 -8.84502
v  3.39641 62.5246 -10.2143
v  2.08947 62.5246 -8.84502
v  3.1392 61.5647 -10.2143
v  2.00736 62.2182 -8.84502
v  2.43651 60.862 -10.2143
v  1.78304 61.9939 -8.84502
v  1.4766 60.6048 -10.2143
v  1.4766 61.9118 -8.84502
v  0.5167 60.862 -10.2143
v  1.17016 61.9939 -8.84502
v  -0.186001 61.5647 -10.2143
v  0.945838 62.2182 -8.84502
v  -0.186001 63.4845 -56.9748
v  -0.443206 62.5246 -56.9748
v  -0.443206 62.5246 -47.6227
v  -0.186001 63.4845 -47.6227
v  0.516696 64.1872 -56.9748
v  0.516696 64.1872 -47.6227
v  1.4766 64.4444 -56.9748
v  1.4766 64.4444 -47.6227
v  2.4365 64.1872 -56.9748
v  2.4365 64.1872 -47.6227
v  3.1392 63.4845 -56.9748
v  3.1392 63.4845 -47.6227
v  3.3964 62.5246 -56.9748
v  3.3964 62.5246 -47.6227
v  3.1392 61.5647 -56.9748
v  3.1392 61.5647 -47.6227
v  2.4365 60.862 -56.9748
v  2.4365 60.862 -47.6227
v  1.4766 60.6048 -56.9748
v  1.4766 60.6048 -47.6227
v  0.516696 60.862 -56.9748
v  0.516696 60.862 -47.6227
v  -0.186001 61.5647 -56.9748
v  -0.186001 61.5647 -47.6227
v  -0.186001 63.4845 -19.5664
v  -0.443206 62.5246 -19.5664
v  -0.186001 63.4845 -28.9185
v  -0.443206 62.5246 -28.9185
v  -0.186001 63.4845 -38.2706
v  -0.443206 62.5246 -38.2706
v  -0.443206 62.5246 -75.679
v  -0.186004 63.4845 -75.679
v  -0.443206 62.5246 -66.3269
v  -0.186001 63.4845 -66.3269
v  0.516696 64.1872 -19.5664
v  0.516696 64.1872 -28.9185
v  0.516696 64.1872 -38.2706
v  0.516696 64.1872 -75.679
v  0.516696 64.1872 -66.3269
v  1.4766 64.4444 -19.5664
v  1.4766 64.4444 -28.9185
v  1.4766 64.4444 -38.2706
v  1.4766 64.4444 -75.679
v  1.4766 64.4444 -66.3269
v  2.4365 64.1872 -19.5664
v  2.4365 64.1872 -28.9185
v  2.4365 64.1872 -38.2706
v  2.4365 64.1872 -75.679
v  2.4365 64.1872 -66.3269
v  3.1392 63.4845 -19.5664
v  3.1392 63.4845 -28.9185
v  3.1392 63.4845 -38.2706
v  3.1392 63.4845 -75.679
v  3.1392 63.4845 -66.3269
v  3.3964 62.5246 -19.5664
v  3.3964 62.5246 -28.9185
v  3.3964 62.5246 -38.2706
v  3.3964 62.5246 -75.679
v  3.3964 62.5246 -66.3269
v  3.1392 61.5647 -19.5664
v  3.1392 61.5647 -28.9185
v  3.1392 61.5647 -38.2706
v  3.1392 61.5647 -75.679
v  3.1392 61.5647 -66.3269
v  2.43651 60.862 -19.5664
v  2.4365 60.862 -28.9185
v  2.4365 60.862 -38.2706
v  2.4365 60.862 -75.679
v  2.4365 60.862 -66.3269
v  1.4766 60.6048 -19.5664
v  1.4766 60.6048 -28.9185
v  1.4766 60.6048 -38.2706
v  1.4766 60.6048 -75.679
v  1.4766 60.6048 -66.3269
v  0.5167 60.862 -19.5664
v  0.516696 60.862 -28.9185
v  0.516696 60.862 -38.2706
v  0.516696 60.862 -75.679
v  0.516696 60.862 -66.3269
v  -0.186001 61.5647 -19.5664
v  -0.186001 61.5647 -28.9185
v  -0.186001 61.5647 -38.2706
v  -0.186001 61.5647 -75.679
v  -0.186001 61.5647 -66.3269
v  -0.354061 63.543 -11.7188
v  -0.0595169 63.8408 -11.33
v  -0.111584 64.1312 -11.4838
v  -0.373897 63.7591 -11.7481
v  0.435623 64.225 -11.0369
v  0.101559 63.7597 -11.2542
v  0.51382 64.0794 -11.0339
v  0.916503 64.4324 -10.84
v  0.865844 64.6542 -11.0623
v  0.331363 64.4192 -11.2778
v  1.46764 64.3338 -10.8186
v  1.46764 64.4969 -10.7829
v  0.959929 64.2742 -10.8658
v  -0.106132 64.1387 -13.0838
v  -0.373897 63.7591 -13.0838
v  0.875075 64.6628 -13.0838
v  0.331363 64.4192 -13.0838
v  -0.354061 63.543 -13.0838
v  -0.1469 63.5115 -13.0838
v  -0.1469 63.5115 -11.5558
v  -0.106129 64.1387 -15.6592
v  0.331363 64.4192 -15.6592
v  0.875075 64.6628 -15.6592
v  1.46764 64.7144 -13.0838
v  1.46764 64.7144 -15.6592
v  -0.373897 63.7591 -15.6592
v  -0.354061 63.543 -15.6592
v  -0.1469 63.5115 -15.6592
v  -0.354061 63.543 -19.5996
v  -0.373897 63.7591 -19.5703
v  -0.111584 64.1312 -19.8346
v  -0.0595169 63.8407 -19.9884
v  0.101559 63.7597 -20.0642
v  0.435623 64.225 -20.2815
v  0.51382 64.0794 -20.2845
v  0.331363 64.4192 -20.0406
v  0.865844 64.6542 -20.2561
v  0.916503 64.4324 -20.4784
v  1.46764 64.3338 -20.4998
v  0.959929 64.2742 -20.4526
v  1.46764 64.4969 -20.5355
v  -0.106132 64.1387 -18.2346
v  -0.373897 63.7591 -18.2346
v  0.875075 64.6628 -18.2346
v  0.331363 64.4192 -18.2346
v  -0.1469 63.5115 -19.7626
v  -0.1469 63.5115 -18.2346
v  -0.354061 63.543 -18.2346
v  1.46764 64.7144 -18.2346
v  1.46764 64.7144 -10.9857
v  1.46764 64.7144 -20.3327
v  3.28934 63.543 -11.7188
v  3.30917 63.7591 -11.7481
v  3.04686 64.1312 -11.4838
v  2.99479 63.8408 -11.33
v  2.49965 64.225 -11.0369
v  2.42146 64.0794 -11.0339
v  2.83372 63.7597 -11.2542
v  2.60391 64.4192 -11.2778
v  2.06943 64.6542 -11.0623
v  2.01877 64.4324 -10.84
v  1.97535 64.2742 -10.8658
v  3.30917 63.7591 -13.0838
v  3.04141 64.1387 -13.0838
v  2.60391 64.4192 -13.0838
v  2.0602 64.6628 -13.0838
v  3.08218 63.5115 -11.5558
v  3.08218 63.5115 -13.0838
v  3.28934 63.543 -13.0838
v  3.04141 64.1387 -15.6592
v  2.60392 64.4192 -15.6592
v  2.0602 64.6628 -15.6592
v  3.28934 63.543 -15.6592
v  3.30918 63.7591 -15.6592
v  3.08218 63.5115 -15.6592
v  3.28934 63.543 -19.5996
v  2.99479 63.8407 -19.9884
v  3.04686 64.1312 -19.8346
v  3.30917 63.7591 -19.5703
v  2.83372 63.7597 -20.0642
v  2.42146 64.0794 -20.2845
v  2.49965 64.225 -20.2815
v  2.01877 64.4324 -20.4784
v  2.06943 64.6542 -20.2561
v  2.60391 64.4192 -20.0406
v  1.97534 64.2742 -20.4526
v  3.04141 64.1387 -18.2346
v  3.30917 63.7591 -18.2346
v  2.0602 64.6628 -18.2346
v  2.60391 64.4192 -18.2346
v  3.28934 63.543 -18.2346
v  3.08218 63.5115 -18.2346
v  3.08218 63.5115 -19.7626
v  3.28934 61.527 -11.7188
v  2.99479 61.2293 -11.33
v  3.04686 60.9388 -11.4838
v  3.30917 61.3109 -11.7481
v  2.49965 60.845 -11.0369
v  2.83372 61.3103 -11.2542
v  2.42146 60.9906 -11.0339
v  2.01877 60.6376 -10.84
v  2.06943 60.4158 -11.0623
v  2.60391 60.6508 -11.2778
v  1.46764 60.7362 -10.8186
v  1.46764 60.5731 -10.7829
v  1.97535 60.7958 -10.8658
v  3.04141 60.9313 -13.0838
v  3.30917 61.3109 -13.0838
v  2.0602 60.4072 -13.0838
v  2.60391 60.6508 -13.0838
v  3.28934 61.527 -13.0838
v  3.08218 61.5585 -13.0838
v  3.08218 61.5585 -11.5558
v  3.04141 60.9313 -15.6592
v  2.60392 60.6508 -15.6592
v  2.0602 60.4072 -15.6592
v  1.46764 60.3556 -13.0838
v  1.46764 60.3556 -15.6592
v  3.30918 61.3109 -15.6592
v  3.28934 61.527 -15.6592
v  3.08218 61.5585 -15.6592
v  3.28934 61.527 -19.5996
v  3.30917 61.3109 -19.5703
v  3.04686 60.9388 -19.8346
v  2.99479 61.2292 -19.9884
v  2.83372 61.3103 -20.0642
v  2.49965 60.845 -20.2815
v  2.42146 60.9906 -20.2845
v  2.60391 60.6508 -20.0406
v  2.06943 60.4158 -20.2561
v  2.01877 60.6376 -20.4784
v  1.46764 60.7362 -20.4998
v  1.97534 60.7958 -20.4526
v  1.46764 60.5731 -20.5355
v  3.04141 60.9313 -18.2346
v  3.30917 61.3109 -18.2346
v  2.0602 60.4072 -18.2346
v  2.60391 60.6508 -18.2346
v  3.08218 61.5585 -19.7626
v  3.08218 61.5585 -18.2346
v  3.28934 61.527 -18.2346
v  1.46764 60.3556 -18.2346
v  1.46764 60.3556 -10.9857
v  1.46764 60.3556 -20.3327
v  -0.354061 61.527 -11.7188
v  -0.373897 61.3109 -11.7481
v  -0.111584 60.9388 -11.4838
v  -0.0595169 61.2293 -11.33
v  0.435623 60.845 -11.0369
v  0.51382 60.9906 -11.0339
v  0.101559 61.3103 -11.2542
v  0.331363 60.6508 -11.2778
v  0.865844 60.4158 -11.0623
v  0.916503 60.6376 -10.84
v  0.959929 60.7958 -10.8658
v  -0.373897 61.3109 -13.0838
v  -0.106132 60.9313 -13.0838
v  0.331363 60.6508 -13.0838
v  0.875075 60.4072 -13.0838
v  -0.1469 61.5585 -11.5558
v  -0.1469 61.5585 -13.0838
v  -0.354061 61.527 -13.0838
v  -0.106129 60.9313 -15.6592
v  0.331363 60.6508 -15.6592
v  0.875075 60.4072 -15.6592
v  -0.354061 61.527 -15.6592
v  -0.373897 61.3109 -15.6592
v  -0.1469 61.5585 -15.6592
v  -0.354061 61.527 -19.5996
v  -0.0595169 61.2292 -19.9884
v  -0.111584 60.9388 -19.8346
v  -0.373897 61.3109 -19.5703
v  0.101559 61.3103 -20.0642
v  0.51382 60.9906 -20.2845
v  0.435623 60.845 -20.2815
v  0.916503 60.6376 -20.4784
v  0.865844 60.4158 -20.2561
v  0.331363 60.6508 -20.0406
v  0.959929 60.7958 -20.4526
v  -0.106132 60.9313 -18.2346
v  -0.373897 61.3109 -18.2346
v  0.875075 60.4072 -18.2346
v  0.331363 60.6508 -18.2346
v  -0.354061 61.527 -18.2346
v  -0.1469 61.5585 -18.2346
v  -0.1469 61.5585 -19.7626
v  -84.6711 62.5246 2.14323
v  -84.6711 63.4845 1.88602
v  -84.9289 63.2167 1.42201
v  -84.9289 62.5246 1.60744
v  -84.6711 64.1872 1.18332
v  -84.9289 63.7232 0.915428
v  -84.6711 64.4444 0.223416
v  -84.9289 63.9087 0.223416
v  -84.6711 64.1872 -0.736487
v  -84.9289 63.7232 -0.468592
v  -84.6711 63.4845 -1.43918
v  -84.9289 63.2167 -0.975179
v  -84.6711 62.5246 -1.69639
v  -84.9289 62.5246 -1.1606
v  -84.6711 61.5647 -1.43918
v  -84.9289 61.8326 -0.975179
v  -84.6711 60.862 -0.736486
v  -84.9289 61.326 -0.468592
v  -84.6711 60.6048 0.223417
v  -84.9289 61.1406 0.223417
v  -84.6711 60.862 1.18332
v  -84.9289 61.326 0.915429
v  -84.6711 61.5647 1.88602
v  -84.9289 61.8326 1.42201
v  -84.9289 62.5246 0.223416
v  -9.85424 63.4845 1.88602
v  -9.85424 62.5246 2.14322
v  -8.48494 62.5246 0.836285
v  -8.48494 62.8311 0.754178
v  -9.85423 64.1872 1.18332
v  -8.48493 63.0554 0.529851
v  -9.85423 64.4444 0.223416
v  -8.48493 63.1375 0.223413
v  -9.85423 64.1872 -0.73649
v  -8.48493 63.0554 -0.0830219
v  -9.85424 63.4845 -1.43919
v  -8.48494 62.8311 -0.307349
v  -9.85424 62.5246 -1.69639
v  -8.48494 62.5246 -0.389456
v  -9.85424 61.5647 -1.43919
v  -8.48494 62.2182 -0.307348
v  -9.85424 60.862 -0.73649
v  -8.48494 61.9939 -0.0830216
v  -9.85424 60.6048 0.223413
v  -8.48494 61.9118 0.223413
v  -9.85424 60.862 1.18332
v  -8.48494 61.9939 0.529851
v  -9.85424 61.5647 1.88602
v  -8.48494 62.2182 0.754178
v  -56.6148 63.4845 1.88602
v  -56.6147 62.5246 2.14322
v  -47.2626 62.5246 2.14322
v  -47.2627 63.4845 1.88602
v  -56.6147 64.1872 1.18332
v  -47.2626 64.1872 1.18332
v  -56.6147 64.4444 0.223416
v  -47.2626 64.4444 0.223416
v  -56.6147 64.1872 -0.736487
v  -47.2626 64.1872 -0.736487
v  -56.6148 63.4845 -1.43918
v  -47.2627 63.4845 -1.43918
v  -56.6148 62.5246 -1.69639
v  -47.2627 62.5246 -1.69639
v  -56.6148 61.5647 -1.43918
v  -47.2627 61.5647 -1.43918
v  -56.6147 60.862 -0.736486
v  -47.2626 60.862 -0.736486
v  -56.6147 60.6048 0.223417
v  -47.2626 60.6048 0.223417
v  -56.6147 60.862 1.18332
v  -47.2626 60.862 1.18332
v  -56.6148 61.5647 1.88602
v  -47.2627 61.5647 1.88602
v  -19.2063 63.4845 1.88602
v  -19.2063 62.5246 2.14322
v  -28.5585 63.4845 1.88602
v  -28.5584 62.5246 2.14322
v  -37.9106 63.4845 1.88602
v  -37.9105 62.5246 2.14322
v  -75.319 62.5246 2.14322
v  -75.319 63.4845 1.88602
v  -65.9669 62.5246 2.14322
v  -65.9669 63.4845 1.88602
v  -19.2063 64.1872 1.18332
v  -28.5584 64.1872 1.18332
v  -37.9105 64.1872 1.18332
v  -75.319 64.1872 1.18332
v  -65.9669 64.1872 1.18332
v  -19.2063 64.4444 0.223416
v  -28.5584 64.4444 0.223416
v  -37.9105 64.4444 0.223416
v  -75.319 64.4444 0.223416
v  -65.9669 64.4444 0.223416
v  -19.2063 64.1872 -0.736487
v  -28.5584 64.1872 -0.736487
v  -37.9105 64.1872 -0.736487
v  -75.319 64.1872 -0.736487
v  -65.9669 64.1872 -0.736487
v  -19.2063 63.4845 -1.43919
v  -28.5585 63.4845 -1.43918
v  -37.9106 63.4845 -1.43918
v  -75.319 63.4845 -1.43918
v  -65.9669 63.4845 -1.43918
v  -19.2063 62.5246 -1.69639
v  -28.5584 62.5246 -1.69639
v  -37.9106 62.5246 -1.69639
v  -75.319 62.5246 -1.69639
v  -65.9669 62.5246 -1.69639
v  -19.2063 61.5647 -1.43919
v  -28.5585 61.5647 -1.43918
v  -37.9106 61.5647 -1.43918
v  -75.319 61.5647 -1.43918
v  -65.9669 61.5647 -1.43918
v  -19.2063 60.862 -0.73649
v  -28.5584 60.862 -0.736486
v  -37.9106 60.862 -0.736486
v  -75.319 60.862 -0.736486
v  -65.9669 60.862 -0.736486
v  -19.2063 60.6048 0.223413
v  -28.5584 60.6048 0.223417
v  -37.9106 60.6048 0.223417
v  -75.319 60.6048 0.223417
v  -65.9669 60.6048 0.223417
v  -19.2063 60.862 1.18332
v  -28.5584 60.862 1.18332
v  -37.9106 60.862 1.18332
v  -75.319 60.862 1.18332
v  -65.9669 60.862 1.18332
v  -19.2063 61.5647 1.88602
v  -28.5585 61.5647 1.88602
v  -37.9106 61.5647 1.88602
v  -75.319 61.5647 1.88602
v  -65.9669 61.5647 1.88602
v  -11.3587 63.543 2.05408
v  -10.9699 63.8408 1.75953
v  -11.1237 64.1312 1.8116
v  -11.388 63.7591 2.07391
v  -10.6768 64.225 1.26439
v  -10.8941 63.7597 1.59846
v  -10.6738 64.0794 1.1862
v  -10.48 64.4324 0.783512
v  -10.7022 64.6542 0.834171
v  -10.9177 64.4192 1.36865
v  -10.4585 64.3338 0.232377
v  -10.4229 64.4969 0.232377
v  -10.5057 64.2742 0.740086
v  -12.7237 64.1387 1.80615
v  -12.7237 63.7591 2.07391
v  -12.7237 64.6628 0.82494
v  -12.7237 64.4192 1.36865
v  -12.7237 63.543 2.05408
v  -12.7237 63.5115 1.84692
v  -11.1958 63.5115 1.84692
v  -15.2991 64.1387 1.80614
v  -15.2991 64.4192 1.36865
v  -15.2991 64.6628 0.82494
v  -12.7237 64.7144 0.232377
v  -15.2991 64.7144 0.232377
v  -15.2991 63.7591 2.07391
v  -15.2991 63.543 2.05408
v  -15.2991 63.5115 1.84692
v  -19.2396 63.543 2.05408
v  -19.2102 63.7591 2.07391
v  -19.4745 64.1312 1.8116
v  -19.6284 63.8407 1.75953
v  -19.7041 63.7597 1.59846
v  -19.9214 64.225 1.26439
v  -19.9244 64.0794 1.1862
v  -19.6806 64.4192 1.36865
v  -19.896 64.6542 0.834171
v  -20.1183 64.4324 0.783512
v  -20.1398 64.3338 0.232377
v  -20.0925 64.2742 0.740086
v  -20.1754 64.4969 0.232377
v  -17.8745 64.1387 1.80615
v  -17.8745 63.7591 2.07391
v  -17.8745 64.6628 0.82494
v  -17.8745 64.4192 1.36865
v  -19.4025 63.5115 1.84692
v  -17.8745 63.5115 1.84692
v  -17.8745 63.543 2.05408
v  -17.8745 64.7144 0.232377
v  -10.6256 64.7144 0.232377
v  -19.9726 64.7144 0.232377
v  -11.3587 63.543 -1.58932
v  -11.388 63.7591 -1.60916
v  -11.1237 64.1312 -1.34685
v  -10.9699 63.8408 -1.29478
v  -10.6768 64.225 -0.799639
v  -10.6738 64.0794 -0.721442
v  -10.8941 63.7597 -1.1337
v  -10.9177 64.4192 -0.903898
v  -10.7022 64.6542 -0.369418
v  -10.48 64.4324 -0.318759
v  -10.5057 64.2742 -0.275332
v  -12.7237 63.7591 -1.60916
v  -12.7237 64.1387 -1.34139
v  -12.7237 64.4192 -0.903898
v  -12.7237 64.6628 -0.360186
v  -11.1958 63.5115 -1.38216
v  -12.7237 63.5115 -1.38216
v  -12.7237 63.543 -1.58932
v  -15.2991 64.1387 -1.34139
v  -15.2991 64.4192 -0.903902
v  -15.2991 64.6628 -0.360186
v  -15.2991 63.543 -1.58933
v  -15.2991 63.7591 -1.60916
v  -15.2991 63.5115 -1.38217
v  -19.2396 63.543 -1.58932
v  -19.6284 63.8407 -1.29478
v  -19.4745 64.1312 -1.34685
v  -19.2102 63.7591 -1.60916
v  -19.7041 63.7597 -1.1337
v  -19.9244 64.0794 -0.721442
v  -19.9214 64.225 -0.799639
v  -20.1183 64.4324 -0.318759
v  -19.896 64.6542 -0.369418
v  -19.6806 64.4192 -0.903898
v  -20.0925 64.2742 -0.275328
v  -17.8745 64.1387 -1.34139
v  -17.8745 63.7591 -1.60916
v  -17.8745 64.6628 -0.360186
v  -17.8745 64.4192 -0.903898
v  -17.8745 63.543 -1.58932
v  -17.8745 63.5115 -1.38216
v  -19.4025 63.5115 -1.38216
v  -11.3587 61.527 -1.58932
v  -10.9699 61.2293 -1.29478
v  -11.1237 60.9388 -1.34684
v  -11.388 61.3109 -1.60916
v  -10.6768 60.845 -0.799638
v  -10.8941 61.3103 -1.1337
v  -10.6738 60.9906 -0.721441
v  -10.48 60.6376 -0.318758
v  -10.7022 60.4158 -0.369417
v  -10.9177 60.6508 -0.903898
v  -10.4585 60.7362 0.232378
v  -10.4229 60.5731 0.232378
v  -10.5057 60.7958 -0.275331
v  -12.7237 60.9313 -1.34139
v  -12.7237 61.3109 -1.60916
v  -12.7237 60.4072 -0.360185
v  -12.7237 60.6508 -0.903898
v  -12.7237 61.527 -1.58932
v  -12.7237 61.5585 -1.38216
v  -11.1958 61.5585 -1.38216
v  -15.2991 60.9313 -1.34139
v  -15.2991 60.6508 -0.903902
v  -15.2991 60.4072 -0.360185
v  -12.7237 60.3556 0.232378
v  -15.2991 60.3556 0.232378
v  -15.2991 61.3109 -1.60916
v  -15.2991 61.527 -1.58933
v  -15.2991 61.5585 -1.38216
v  -19.2396 61.527 -1.58932
v  -19.2102 61.3109 -1.60916
v  -19.4745 60.9388 -1.34684
v  -19.6284 61.2293 -1.29478
v  -19.7041 61.3103 -1.1337
v  -19.9214 60.845 -0.799638
v  -19.9244 60.9906 -0.721441
v  -19.6806 60.6508 -0.903898
v  -19.896 60.4158 -0.369417
v  -20.1183 60.6376 -0.318758
v  -20.1398 60.7362 0.232378
v  -20.0925 60.7958 -0.275328
v  -20.1754 60.5731 0.232378
v  -17.8745 60.9313 -1.34139
v  -17.8745 61.3109 -1.60916
v  -17.8745 60.4072 -0.360185
v  -17.8745 60.6508 -0.903898
v  -19.4025 61.5585 -1.38216
v  -17.8745 61.5585 -1.38216
v  -17.8745 61.527 -1.58932
v  -17.8745 60.3556 0.232378
v  -10.6256 60.3556 0.232378
v  -19.9726 60.3556 0.232378
v  -11.3587 61.527 2.05408
v  -11.388 61.3109 2.07391
v  -11.1237 60.9388 1.8116
v  -10.9699 61.2293 1.75953
v  -10.6768 60.845 1.26439
v  -10.6738 60.9906 1.1862
v  -10.8941 61.3103 1.59846
v  -10.9177 60.6508 1.36865
v  -10.7022 60.4158 0.834172
v  -10.48 60.6376 0.783513
v  -10.5057 60.7958 0.740086
v  -12.7237 61.3109 2.07391
v  -12.7237 60.9313 1.80615
v  -12.7237 60.6508 1.36865
v  -12.7237 60.4072 0.82494
v  -11.1958 61.5585 1.84692
v  -12.7237 61.5585 1.84692
v  -12.7237 61.527 2.05408
v  -15.2991 60.9313 1.80614
v  -15.2991 60.6508 1.36865
v  -15.2991 60.4072 0.82494
v  -15.2991 61.527 2.05408
v  -15.2991 61.3109 2.07391
v  -15.2991 61.5585 1.84692
v  -19.2396 61.527 2.05408
v  -19.6284 61.2293 1.75953
v  -19.4745 60.9388 1.8116
v  -19.2102 61.3109 2.07391
v  -19.7041 61.3103 1.59846
v  -19.9244 60.9906 1.1862
v  -19.9214 60.845 1.26439
v  -20.1183 60.6376 0.783513
v  -19.896 60.4158 0.834172
v  -19.6806 60.6508 1.36865
v  -20.0925 60.7958 0.740086
v  -17.8745 60.9313 1.80615
v  -17.8745 61.3109 2.07391
v  -17.8745 60.4072 0.82494
v  -17.8745 60.6508 1.36865
v  -17.8745 61.527 2.05408
v  -17.8745 61.5585 1.84692
v  -19.4025 61.5585 1.84692
v  -5.32798 73.8268 9.4565
v  8.91227 73.8269 9.45651
v  11.2307 73.833 7.13771
v  11.2307 73.8705 -7.13018
v  8.9129 73.8766 -9.44869
v  -5.32863 73.8766 -9.44869
v  -7.64645 73.8705 -7.13019
v  -7.64645 73.8329 7.13769
v  -5.3395 50.7668 -9.4342
v  8.92382 50.7668 -9.4342
v  11.2416 50.7669 -7.11571
v  11.2416 50.7669 7.146
v  8.92318 50.7669 9.4648
v  -5.33886 50.7668 9.46478
v  -7.65733 50.7668 7.14598
v  -7.65733 50.7668 -7.11571
v  13.6544 54.4555 -9.42829
v  13.6544 54.4473 9.4581
v  12.3436 51.7993 8.14493
v  12.3436 51.7993 -8.11398
v  13.6544 58.419 -9.43415
v  13.6544 58.4024 9.45809
v  14.1793 57.7799 10.1064
v  14.1793 57.7976 -10.0817
v  7.72328 61.7102 0.683764
v  13.1481 61.103 1.30204
v  13.1481 61.106 -1.2822
v  7.72328 61.7118 -0.665961
v  11.2333 58.4211 -11.8564
v  11.2333 61.0641 -11.8603
v  13.6544 61.0613 -9.43806
v  -10.0701 66.3458 -9.44589
v  -7.64895 66.3501 -11.8682
v  -7.64895 63.7071 -11.8643
v  -10.0701 63.7035 -9.44198
v  11.2332 63.7071 -11.8643
v  13.6544 63.7036 -9.44197
v  13.6544 70.3093 -9.45175
v  11.2332 70.3146 -11.874
v  9.92244 72.9578 -10.5672
v  12.3436 72.9514 -8.14528
v  11.2326 54.4462 11.8798
v  9.92178 51.7993 10.5671
v  -10.0701 70.2678 9.45806
v  -7.64828 70.2625 11.8798
v  -6.33748 72.9022 10.5671
v  -8.75932 72.9086 8.14489
v  -10.0701 54.4555 -9.42829
v  -7.64894 54.4566 -11.8506
v  -6.33813 51.7993 -10.5358
v  -8.7593 51.7993 -8.11398
v  9.92178 72.9022 10.5671
v  12.3436 72.9086 8.1449
v  -6.33816 72.9578 -10.5672
v  -8.75932 72.9514 -8.14529
v  -6.33747 51.7993 10.5671
v  -8.7593 51.7993 8.1449
v  9.92245 51.7993 -10.5358
v  11.2333 54.4566 -11.8506
v  -10.595 69.6663 10.1063
v  -8.29593 69.6613 12.4054
v  13.6544 61.0392 9.45809
v  11.2326 61.0363 11.8798
v  11.2326 58.4003 11.8798
v  13.6544 66.3127 9.45808
v  11.2326 66.3085 11.8798
v  11.2326 63.6724 11.8798
v  13.6544 63.6759 9.45809
v  -10.0701 70.3093 -9.45175
v  -7.64896 70.3146 -11.874
v  -8.29657 69.7156 -12.3996
v  -10.595 69.7106 -10.1001
v  11.2326 70.2625 11.8798
v  13.6544 70.2679 9.45808
v  11.8802 57.7779 12.4054
v  -10.0701 63.6759 9.45806
v  -7.64828 63.6724 11.8798
v  -7.64828 66.3084 11.8798
v  -10.0701 66.3127 9.45806
v  -10.0701 61.0391 9.45806
v  -7.64828 61.0363 11.8798
v  -7.64828 58.4003 11.8798
v  -10.0701 58.4024 9.45807
v  -10.595 57.7799 10.1064
v  -8.29592 57.7779 12.4054
v  -7.64828 54.4462 11.8798
v  -10.0701 54.4472 9.45807
v  -10.595 66.9008 -10.0939
v  -8.29657 66.9049 -12.3935
v  -10.0701 61.0612 -9.43806
v  -7.64895 61.0641 -11.8603
v  -7.64895 58.4211 -11.8564
v  -10.0701 58.4189 -9.43415
v  -8.29593 66.8614 12.4054
v  -10.595 66.8654 10.1063
v  -8.29592 55.1256 12.4054
v  -10.595 55.1266 10.1064
v  14.1793 69.7106 -10.1001
v  14.1793 69.6663 10.1064
v  14.1793 55.1267 10.1064
v  11.8802 55.1257 12.4054
v  14.1793 55.1355 -10.0756
v  11.8809 55.1365 -12.3751
v  11.8809 57.7996 -12.3812
v  14.1793 66.9009 -10.0939
v  11.8809 66.9049 -12.3935
v  11.8809 69.7157 -12.3996
v  11.8802 69.6613 12.4054
v  11.8802 66.8614 12.4054
v  14.1793 66.8654 10.1064
v  -10.595 57.7976 -10.0817
v  -8.29656 57.7996 -12.3812
v  -8.29655 55.1365 -12.3751
v  -10.595 55.1355 -10.0756
v  13.6544 66.3459 -9.44588
v  11.2332 66.3501 -11.8682
v  3.08323 63.6147 11.3731
v  3.08323 61.0912 11.3731
v  -4.13898 61.7117 -0.665968
v  -9.56383 61.106 -1.28221
v  -9.56383 61.103 1.30202
v  -4.13898 61.7102 0.683755
v  0.501077 63.6147 11.3731
v  0.501078 61.0912 11.3731
v  13.1481 63.6295 1.30043
v  13.1481 63.6333 -1.28434
v  -9.56384 63.6294 1.30042
v  1.11779 63.0394 -5.92824
v  0.500984 63.648 -11.3576
v  3.08331 63.648 -11.3576
v  2.46651 63.0394 -5.92824
v  -9.56384 63.6332 -1.28435
v  3.08332 61.1178 -11.3538
v  2.46647 63.022 5.94381
v  1.11783 63.022 5.94381
v  0.500986 61.1178 -11.3538
v  7.72328 63.0317 -0.667079
v  7.72328 63.0297 0.682925
v  2.46647 61.704 5.94381
v  1.11784 61.704 5.94381
v  -4.13898 63.0297 0.682916
v  -4.13898 63.0317 -0.667087
v  2.46652 61.7179 -5.92628
v  1.11779 61.7179 -5.92628
v  10.6458 154.279 6.6123
v  11.7601 156.835 7.14895
v  8.63511 156.835 11.0676
v  7.86394 154.279 10.1006
v  -7.90417 153.67 2.26246
v  -8.41214 154.279 2.26246
v  -7.41932 154.279 -2.08739
v  -6.96165 153.67 -1.86698
v  3.73104 153.67 -7.01632
v  3.84408 154.279 -7.51155
v  7.86394 154.279 -5.57569
v  7.54722 153.67 -5.17854
v  3.75743 175.3 11.6568
v  3.84408 174.657 12.0365
v  7.86394 174.657 10.1006
v  7.62116 175.3 9.79617
v  -0.617629 154.279 12.0365
v  -0.892855 156.835 13.2423
v  -5.40866 156.835 11.0676
v  -4.63749 154.279 10.1006
v  -8.53369 160.65 -2.62404
v  -8.53369 164.466 -2.62404
v  -5.40866 164.466 -6.5427
v  -5.40866 160.65 -6.5427
v  3.84408 154.279 12.0365
v  4.11931 156.835 13.2423
v  4.36992 160.269 14.3403
v  4.11931 160.65 13.2423
v  -0.892856 160.65 13.2423
v  -1.14346 160.269 14.3403
v  -0.530987 175.3 -7.13193
v  -0.617634 174.657 -7.51155
v  -4.63749 174.657 -5.57569
v  -4.39471 175.3 -5.27125
v  4.1193 164.466 -8.7174
v  4.1193 168.281 -8.7174
v  8.6351 168.281 -6.54271
v  8.63511 164.466 -6.54271
v  -8.02276 175.3 2.26246
v  -8.41215 174.657 2.26246
v  -7.41932 174.657 6.6123
v  -7.0685 175.3 6.44335
v  -4.39471 175.3 9.79617
v  -4.63749 174.657 10.1006
v  -0.617631 174.657 12.0365
v  -0.530984 175.3 11.6568
v  11.6386 154.279 2.26246
v  12.8755 156.835 2.26245
v  3.73105 153.67 11.5412
v  -0.504594 153.67 11.5412
v  -9.649 156.835 2.26246
v  -8.53369 156.835 -2.62404
v  4.1193 172.096 -8.7174
v  3.84407 174.657 -7.51156
v  7.86394 174.657 -5.57569
v  8.6351 172.096 -6.54271
v  -9.54838 171.485 -3.11269
v  -8.53369 172.096 -2.62404
v  -5.40866 172.096 -6.5427
v  -6.11085 171.485 -7.42322
v  -8.53369 156.835 7.14895
v  -7.41932 154.279 6.6123
v  -8.53369 168.281 -2.62404
v  -5.40866 168.281 -6.5427
v  -4.63749 154.279 -5.57569
v  -5.40866 156.835 -6.5427
v  -0.892858 156.835 -8.7174
v  -0.617631 154.279 -7.51155
v  4.1193 160.65 -8.7174
v  8.63511 160.65 -6.54271
v  4.1193 156.835 -8.7174
v  -7.41932 174.657 -2.08739
v  8.63511 156.835 -6.54271
v  11.7601 156.835 -2.62404
v  10.6458 154.279 -2.08739
v  -4.32078 153.67 9.70346
v  -6.96165 153.67 6.3919
v  11.1306 153.67 2.26246
v  10.1881 153.67 6.39189
v  10.1881 153.67 -1.86699
v  7.54723 153.67 9.70345
v  -4.32078 153.67 -5.17854
v  -0.504596 153.67 -7.01632
v  10.6458 174.657 6.61229
v  10.2949 175.3 6.44335
v  11.2492 175.3 2.26245
v  11.6386 174.657 2.26245
v  10.6458 174.657 -2.08739
v  10.2949 175.3 -1.91844
v  7.62115 175.3 -5.27126
v  -7.0685 175.3 -1.91844
v  3.75743 175.3 -7.13193
v  -1.14347 168.662 -9.81539
v  -0.89286 168.281 -8.7174
v  -6.11085 168.662 -7.42322
v  9.33729 157.424 -7.42322
v  4.36991 157.424 -9.81539
v  -8.53369 172.096 7.14895
v  -9.649 172.096 2.26246
v  -0.89286 172.096 -8.7174
v  -1.14347 171.485 -9.81539
v  -8.53369 164.466 7.14895
v  -8.53369 168.281 7.14895
v  -9.649 168.281 2.26246
v  -9.649 164.466 2.26246
v  -8.53369 160.65 7.14895
v  -9.649 160.65 2.26246
v  -1.14346 168.662 14.3403
v  -0.892857 168.281 13.2423
v  4.11931 168.281 13.2423
v  4.36992 168.662 14.3403
v  11.7601 172.096 -2.62404
v  12.8754 172.096 2.26245
v  4.36991 160.269 -9.81539
v  9.33729 160.269 -7.42322
v  11.7601 164.466 -2.62404
v  11.7601 168.281 -2.62404
v  12.8754 168.281 2.26245
v  12.8755 164.466 2.26245
v  11.7601 160.65 -2.62404
v  12.8755 160.65 2.26245
v  -1.14347 157.424 -9.81538
v  4.36992 171.485 14.3403
v  4.11931 172.096 13.2423
v  -0.892857 172.096 13.2423
v  -1.14347 171.485 14.3403
v  -1.14347 160.269 -9.81538
v  -0.892859 160.65 -8.7174
v  12.7748 157.424 7.6376
v  14.0017 157.424 2.26245
v  -0.892859 164.466 -8.7174
v  9.33729 168.662 -7.42322
v  4.36991 168.662 -9.81539
v  14.0017 160.269 2.26245
v  11.7601 160.65 7.14895
v  12.7748 160.269 7.63759
v  4.36991 171.485 -9.81539
v  9.33729 171.485 -7.42322
v  -5.40866 172.096 11.0676
v  -5.40866 164.466 11.0676
v  -5.40866 168.281 11.0676
v  -5.40866 160.65 11.0676
v  8.63511 172.096 11.0676
v  12.7748 168.662 7.63759
v  11.7601 168.281 7.14895
v  14.0017 168.662 2.26245
v  8.63511 164.466 11.0676
v  8.63511 168.281 11.0676
v  4.11931 164.466 13.2423
v  8.63511 160.65 11.0676
v  12.7748 157.424 -3.11269
v  14.0017 171.485 2.26245
v  11.7601 172.096 7.14895
v  12.7748 171.485 7.6376
v  12.7748 160.269 -3.11269
v  -9.54838 157.424 -3.11269
v  -10.7752 157.424 2.26246
v  11.7601 164.466 7.14895
v  -10.7752 160.269 2.26246
v  -9.54838 160.269 -3.11269
v  12.7748 168.662 -3.11269
v  -0.892856 164.466 13.2423
v  12.7748 171.485 -3.11269
v  -9.54838 168.662 -3.11269
v  -10.7752 168.662 2.26246
v  -10.7752 171.485 2.26246
v  -6.11085 160.269 -7.42322
v  -6.11085 157.424 -7.42322
v  -9.54838 168.662 7.6376
v  -9.54838 171.485 7.6376
v  -9.54838 157.424 7.6376
v  -9.54838 160.269 7.6376
v  -6.11085 168.662 11.9481
v  -6.11085 171.485 11.9481
v  -6.11085 157.424 11.9481
v  -6.11085 160.269 11.9481
v  9.3373 168.662 11.9481
v  9.3373 171.485 11.9481
v  9.3373 157.424 11.9481
v  9.3373 160.269 11.9481
v  4.36992 157.424 14.3403
v  -1.14346 157.424 14.3403
v  1.32817 114.782 9.27903
v  -6.52773 113.827 4.51296
v  -9.7873 107.632 5.01401
v  1.76476 109.036 12.0225
v  -6.79756 100.207 3.81951
v  1.32818 102.841 9.27903
v  -3.79686 111.193 -3.89219
v  -5.37482 104.998 -6.32598
v  -1.64743 99.3288 -3.46711
v  7.32639 108.109 -3.89219
v  10.6254 102.536 -6.326
v  5.8224 97.0667 -3.09908
v  11.7784 105.647 4.51293
v  15.038 99.9019 5.01398
v  7.78068 94.8046 4.11888
v  1.83422 98.9191 10.5678
v  1.52114 92.5425 8.21179
v  -6.44966 96.657 4.54918
v  -4.30575 90.2804 3.52338
v  -3.28551 94.3949 -5.18911
v  -1.64743 88.0183 -3.46711
v  6.95392 92.1328 -5.18912
v  5.82239 85.7562 -3.09908
v  10.1181 89.8707 4.54917
v  7.78068 83.4941 4.11888
v  1.83421 87.6086 10.5678
v  1.52114 81.232 8.21179
v  -6.44967 85.3465 4.54917
v  -4.30575 78.9699 3.5234
v  -3.28552 83.0844 -5.18911
v  -1.64742 76.7078 -3.46711
v  6.95391 80.8223 -5.18912
v  5.8224 74.4457 -3.09907
v  10.1181 78.5602 4.54916
v  7.78068 72.1836 4.11888
v  1.83422 76.2981 10.5678
v  1.52113 69.9215 8.21179
v  -6.44966 74.036 4.54919
v  -4.30575 67.6594 3.52339
v  -3.28551 71.7739 -5.18911
v  -1.64742 65.3974 -3.46711
v  6.95393 69.5118 -5.18911
v  5.8224 63.1352 -3.09907
v  10.1181 67.2497 4.54916
v  7.78068 60.8731 4.11887
v  1.83421 64.9876 10.5678
v  1.52113 58.611 8.21179
v  -6.44966 62.7255 4.54919
v  -4.11226 57.7915 4.1189
v  -3.28551 60.4634 -5.18912
v  -2.15399 55.5294 -3.09907
v  6.95392 58.2013 -5.18912
v  10.1181 55.9392 4.54915
v  1.8342 53.6771 10.5678
v  -6.44965 163.464 4.54918
v  -3.2855 161.202 -5.18911
v  -1.64742 154.825 -3.46711
v  -4.30574 157.087 3.52339
v  6.95393 158.94 -5.18912
v  5.82241 152.563 -3.09908
v  10.1181 156.678 4.54915
v  7.78069 150.301 4.11888
v  7.78069 161.612 4.11887
v  1.52115 159.349 8.21179
v  1.83423 154.415 10.5678
v  1.52115 148.039 8.21179
v  -6.44965 152.153 4.54918
v  -4.30574 145.777 3.52338
v  -3.28551 149.891 -5.18911
v  -1.64742 143.515 -3.46711
v  6.95392 147.629 -5.18912
v  5.8224 141.253 -3.09908
v  10.1181 145.367 4.54916
v  7.78069 138.991 4.11888
v  1.83422 143.105 10.5678
v  1.52115 136.728 8.21179
v  -6.44966 140.843 4.54917
v  -4.30574 134.466 3.5234
v  -3.28551 138.581 -5.18911
v  -1.64741 132.204 -3.46711
v  6.95392 136.319 -5.18912
v  5.82241 129.942 -3.09907
v  10.1181 134.057 4.54916
v  7.78069 127.68 4.11888
v  1.83422 131.794 10.5678
v  1.52114 125.418 8.21179
v  -6.44965 129.532 4.54919
v  -4.30574 123.156 3.52339
v  -3.2855 127.27 -5.18911
v  -1.64741 120.894 -3.46711
v  6.95394 125.008 -5.18911
v  7.3264 120.05 -3.89219
v  10.1181 122.746 4.54916
v  10.0573 117.416 4.51293
v  1.83422 120.484 10.5678
v  -8.20288 118.969 5.01402
v  -5.37479 116.939 -6.32599
v  10.6255 114.477 -6.32599
v  15.038 111.843 5.01398
v  -6.83287 40.0324 -21.9772
v  -6.83284 40.0324 21.7064
v  -6.83284 51.0317 12.2886
v  -6.83287 51.0317 -11.717
v  10.416 40.0324 -21.9772
v  10.416 40.0324 21.7064
v  10.416 51.0317 -11.717
v  10.416 51.0317 12.2886
v  -7.45058e-09 38.8578 -54.3774
v  10.6085 38.8578 -53.3326
v  20.8093 38.8578 -50.2382
v  30.2105 38.8578 -45.2132
v  38.4506 38.8578 -38.4506
v  45.2132 38.8578 -30.2105
v  50.2382 38.8578 -20.8093
v  53.3326 38.8578 -10.6085
v  54.3774 38.8578 -1.04904e-05
v  53.3326 38.8578 10.6085
v  50.2382 38.8578 20.8093
v  45.2132 38.8578 30.2105
v  38.4506 38.8578 38.4506
v  30.2105 38.8578 45.2132
v  20.8093 38.8578 50.2382
v  10.6085 38.8578 53.3326
v  -1.77175e-05 38.8578 54.3774
v  -10.6085 38.8578 53.3325
v  -20.8094 38.8578 50.2382
v  -30.2105 38.8578 45.2131
v  -38.4507 38.8578 38.4506
v  -45.2132 38.8578 30.2104
v  -50.2382 38.8578 20.8093
v  -53.3326 38.8578 10.6085
v  -54.3774 38.8578 -5.8651e-05
v  -53.3326 38.8578 -10.6086
v  -50.2382 38.8578 -20.8094
v  -45.2131 38.8578 -30.2105
v  -38.4506 38.8578 -38.4507
v  -30.2104 38.8578 -45.2132
v  -20.8093 38.8578 -50.2382
v  -10.6084 38.8578 -53.3326
v  30.2105 41.8201 -45.2132
v  38.4506 41.8201 -38.4506
v  20.8093 41.8201 -50.2382
v  10.6085 41.8201 -53.3326
v  -7.45058e-09 41.8201 -54.3774
v  -10.6084 41.8201 -53.3326
v  -20.8093 41.8201 -50.2382
v  -30.2104 41.8201 -45.2132
v  -38.4506 41.8201 -38.4507
v  -45.2131 41.8201 -30.2105
v  -50.2382 41.8201 -20.8094
v  -53.3326 41.8201 -10.6086
v  -54.3774 41.8201 -5.93662e-05
v  -53.3326 41.8201 10.6085
v  -50.2382 41.8201 20.8093
v  -45.2132 41.8201 30.2104
v  -38.4507 41.8201 38.4506
v  -30.2105 41.8201 45.2131
v  -20.8094 41.8201 50.2382
v  -10.6085 41.8201 53.3325
v  -1.77175e-05 41.8201 54.3774
v  10.6085 41.8201 53.3326
v  20.8093 41.8201 50.2382
v  30.2105 41.8201 45.2132
v  38.4506 41.8201 38.4506
v  45.2132 41.8201 30.2105
v  50.2382 41.8201 20.8093
v  53.3326 41.8201 10.6085
v  54.3774 41.8201 -1.09673e-05
v  53.3326 41.8201 -10.6085
v  50.2382 41.8201 -20.8093
v  45.2132 41.8201 -30.2105
v  100 -38.0489 19.4621
v  100 -38.0489 36.6786
v  -100 -38.0489 36.6786
v  -100 -38.0489 19.4621
v  -100 -38.0489 0.748549
v  100 -38.0489 0.748549
v  100 -38.0489 17.9651
v  -100 -38.0489 17.9651
v  100 -38.0489 -17.965
v  100 -38.0489 -0.748538
v  -100 -38.0489 -0.748538
v  -100 -38.0489 -17.965
v  -100 -38.0489 -36.6786
v  100 -38.0489 -36.6786
v  100 -38.0489 -19.4621
v  -100 -38.0489 -19.4621
v  -100 -38.0489 -74.1058
v  100 -38.0489 -74.1058
v  100 -38.0489 -56.8893
v  -100 -38.0489 -56.8893
v  100 -25.5489 74.1058
v  100 -25.5489 56.8893
v  -100 -25.5489 56.8893
v  -100 -25.5489 74.1058
v  100 -25.5489 19.4621
v  -100 -25.5489 19.4621
v  -100 -25.5489 36.6786
v  100 -25.5489 36.6786
v  100 -25.5489 17.9651
v  100 -25.5489 0.748547
v  -100 -25.5489 0.748547
v  -100 -25.5489 17.9651
v  100 -25.5489 -17.965
v  -100 -25.5489 -17.965
v  -100 -25.5489 -0.74854
v  100 -25.5489 -0.74854
v  100 -25.5489 -19.4621
v  100 -25.5489 -36.6786
v  -100 -25.5489 -36.6786
v  -100 -25.5489 -19.4621
v  100 -25.5489 -56.8893
v  100 -25.5489 -74.1058
v  -100 -25.5489 -74.1058
v  -100 -25.5489 -56.8893
v  100 -37.0489 74.8544
v  100 -26.5489 74.8544
v  -100 -26.5489 74.8544
v  -100 -37.0489 74.8544
v  -100 -26.5489 -18.7136
v  100 -26.5489 -18.7136
v  -100 -26.5489 -74.8544
v  -100 -37.0489 -74.8544
v  100 -38.0489 -55.3922
v  100 -25.5489 -55.3922
v  100 -25.5489 -38.1757
v  100 -38.0489 -38.1757
v  100 -38.0489 56.8893
v  100 -37.0489 37.4272
v  -100 -37.0489 37.4272
v  -100 -38.0489 56.8893
v  100 -37.0489 -56.1408
v  -100 -37.0489 -56.1408
v  -100 -38.0489 74.1058
v  100 -38.0489 74.1058
v  100 -37.0489 18.7136
v  -100 -37.0489 18.7136
v  100 -37.0489 5.24521e-06
v  -100 -37.0489 5.24521e-06
v  100 -37.0489 -18.7136
v  -100 -37.0489 -18.7136
v  100 -37.0489 -37.4272
v  -100 -37.0489 -37.4272
v  100 -37.0489 -74.8544
v  -100 -26.5489 56.1408
v  100 -26.5489 56.1408
v  -100 -26.5489 37.4272
v  -100 -25.5489 38.1757
v  100 -25.5489 38.1757
v  100 -26.5489 37.4272
v  -100 -26.5489 3.57628e-06
v  100 -26.5489 3.57628e-06
v  -100 -26.5489 -37.4272
v  100 -26.5489 -37.4272
v  -100 -26.5489 -56.1408
v  -100 -25.5489 -55.3922
v  100 -26.5489 -56.1408
v  100 -26.5489 -74.8544
v  100 -37.0489 56.1408
v  100 -38.0489 38.1757
v  -100 -26.5489 18.7136
v  -100 -25.5489 -38.1757
v  -100 -25.5489 55.3922
v  100 -25.5489 55.3922
v  100 -26.5489 18.7136
v  -100 -38.0489 -38.1757
v  -100 -38.0489 -55.3922
v  100 -38.0489 55.3922
v  -100 -37.0489 56.1408
v  -100 -38.0489 55.3922
v  -100 -38.0489 38.1757
v  104.745 -15.3461 -12.5589
v  104.745 -99.4847 -96.6975
v  104.745 -99.4847 -79.8698
v  104.745 -32.1738 -12.5589
v  121.572 -99.4847 -96.6975
v  121.572 -99.4847 -79.8698
v  121.572 -32.1738 -12.5589
v  121.572 -15.3461 -12.5589
v  -120.457 -15.3461 -12.5589
v  -120.457 -99.4847 -96.6975
v  -120.457 -99.4847 -79.8698
v  -120.457 -32.1738 -12.5589
v  -103.63 -99.4847 -96.6975
v  -103.63 -99.4847 -79.8698
v  -103.63 -32.1738 -12.5589
v  -103.63 -15.3461 -12.5589
v  -103.63 -15.3461 12.4088
v  -103.63 -99.4847 96.5474
v  -103.63 -99.4847 79.7197
v  -103.63 -32.1738 12.4088
v  -120.457 -99.4847 96.5474
v  -120.457 -99.4847 79.7197
v  -120.457 -32.1738 12.4088
v  -120.457 -15.3461 12.4088
v  121.106 -15.3461 12.4088
v  121.106 -99.4847 96.5474
v  121.106 -99.4847 79.7197
v  121.106 -32.1738 12.4088
v  104.278 -99.4847 96.5474
v  104.278 -99.4847 79.7197
v  104.278 -32.1738 12.4088
v  104.278 -15.3461 12.4088
v  -124.484 -100 12.5185
v  -124.484 -100 -12.4815
v  -99.4176 -100 -12.5185
v  -99.4835 -100 12.5185
v  -99.4177 125 -12.5185
v  -124.484 125 -12.4814
v  -124.484 125 12.5186
v  -99.4835 125 12.5185
v  99.8823 -100 12.5185
v  99.8822 -100 -12.4815
v  124.948 -100 -12.5185
v  124.882 -100 12.5185
v  124.948 125 -12.5185
v  99.8822 125 -12.4814
v  99.8822 125 12.5186
v  124.882 125 12.5185
v  99.8823 -99.8966 125
v  99.8822 -124.897 125
v  124.948 -124.934 125
v  124.882 -99.8966 125
v  124.948 -124.934 -125
v  99.8822 -124.897 -125
v  99.8822 -99.8966 -125
v  124.882 -99.8966 -125
v  -124.719 -99.8966 125
v  -124.719 -124.897 125
v  -99.6531 -124.934 125
v  -99.7189 -99.8966 125
v  -99.6531 -124.934 -125
v  -124.719 -124.897 -125
v  -124.719 -99.8966 -125
v  -99.7189 -99.8966 -125
v  -135.085 100.033 37.5185
v  -135.085 100.033 12.5185
v  -135.085 74.9671 12.4814
v  -135.085 75.0329 37.5185
v  134.915 74.9671 12.4815
v  134.915 100.033 12.5186
v  134.915 100.033 37.5185
v  134.915 75.0329 37.5185
v  -135.085 100.033 -12.4815
v  -135.085 100.033 -37.4815
v  -135.085 74.9671 -37.5186
v  -135.085 75.0329 -12.4815
v  134.915 74.9671 -37.5185
v  134.915 100.033 -37.4814
v  134.915 100.033 -12.4815
v  134.915 75.0329 -12.4815
v  -100.085 100.033 12.5185
v  -100.085 100.033 -12.4815
v  -100.085 74.9671 -12.5186
v  -100.085 75.0329 12.5185
v  99.9152 74.9671 -12.5185
v  99.9151 100.033 -12.4814
v  99.9151 100.033 12.5185
v  99.9152 75.0329 12.5185
v  -100.085 -49.9671 12.5186
v  -100.085 -49.9671 -12.4814
v  -100.085 -75.0329 -12.5185
v  -100.085 -74.9671 12.5185
v  99.9152 -75.0329 -12.5185
v  99.9151 -49.9671 -12.4814
v  99.9151 -49.9671 12.5186
v  99.9152 -74.9671 12.5185
v  -99.6363 -37.6525 -100
v  -87.1363 -37.6525 -100
v  -87.1178 -50.1855 -100
v  -99.6363 -50.1525 -100
v  -87.1178 -50.1854 100
v  -87.1363 -37.6525 100
v  -99.6363 -37.6525 100
v  -99.6363 -50.1525 100
v  87.3352 -37.6525 -100
v  99.8352 -37.6525 -100
v  99.8537 -50.1855 -100
v  87.3352 -50.1525 -100
v  99.8537 -50.1854 100
v  99.8352 -37.6525 100
v  87.3352 -37.6525 100
v  87.3352 -50.1525 100

# 6234 UV coordinates
vt 0.32999 0.864977 0
vt 0.25646 0.864977 0
vt 0.25646 0.854998 0
vt 0.32999 0.854998 0
vt 0.236713 0.779358 0
vt 0.236713 0.769379 0
vt 0.241488 0.769379 0
vt 0.24088 0.779358 0
vt 0.251037 0.859189 0
vt 0.251037 0.869168 0
vt 0.246262 0.869168 0
vt 0.246262 0.859189 0
vt 0.809859 0.170855 0
vt 0.809859 0.241082 0
vt 0.79988 0.238008 0
vt 0.79988 0.167781 0
vt 0.241488 0.869168 0
vt 0.242095 0.859189 0
vt 0.231939 0.769574 0
vt 0.231939 0.869332 0
vt 0.225404 0.869235 0
vt 0.225404 0.769476 0
vt 0.342179 0.815083 0
vt 0.268649 0.815083 0
vt 0.25646 0.775168 0
vt 0.32999 0.775168 0
vt 0.231939 0.779358 0
vt 0.231939 0.769379 0
vt 0.241968 0.819274 0
vt 0.246743 0.819274 0
vt 0.251037 0.769379 0
vt 0.251037 0.779358 0
vt 0.246262 0.779358 0
vt 0.246262 0.769379 0
vt 0.231939 0.869168 0
vt 0.231939 0.859189 0
vt 0.236713 0.859189 0
vt 0.236713 0.869168 0
vt 0.241008 0.819274 0
vt 0.236233 0.819274 0
vt 0.205799 0.869332 0
vt 0.205799 0.769574 0
vt 0.212334 0.769476 0
vt 0.212334 0.869235 0
vt 0.819838 0.167781 0
vt 0.819838 0.238008 0
vt 0.809859 0.241082 0
vt 0.809859 0.170855 0
vt 0.25646 0.765189 0
vt 0.32999 0.765189 0
vt 0.242095 0.779358 0
vt 0.241488 0.769379 0
vt 0.218869 0.869138 0
vt 0.218869 0.769379 0
vt 0.24088 0.859189 0
vt 0.241488 0.869168 0
vt 0.218869 0.769379 0
vt 0.218869 0.869138 0
vt 0.827473 0.25646 0
vt 0.827473 0.424241 0
vt 0.767051 0.424241 0
vt 0.767051 0.25646 0
vt 0.0950223 0.769379 0
vt 0.125523 0.769379 0
vt 0.125523 0.829819 0
vt 0.0950223 0.829819 0
vt 0.829801 5.76558e-09 0
vt 0.829801 0.167781 0
vt 0.769379 0.167781 0
vt 0.769379 0 0
vt 0.0950223 0.829819 0
vt 0.0645212 0.829819 0
vt 0.0645212 0.769379 0
vt 0.0950223 0.769379 0
vt 0.918396 0.25646 0
vt 0.918396 0.424241 0
vt 0.887895 0.424241 0
vt 0.887895 0.25646 0
vt 0.37268 0.765189 0
vt 0.37268 0.93297 0
vt 0.342179 0.93297 0
vt 0.342179 0.765189 0
vt 0.887895 0.424241 0
vt 0.827473 0.424241 0
vt 0.827473 0.25646 0
vt 0.0340202 0.769379 0
vt 0.0645212 0.829819 0
vt 0.0340202 0.829819 0
vt 0.890223 5.76558e-09 0
vt 0.890223 0.167781 0
vt 0.829801 0 0
vt 0.79988 0.228221 0
vt 0.769379 0.228221 0
vt 0.769379 0.167781 0
vt 0.79988 0.167781 0
vt 0.403181 0.765189 0
vt 0.403181 0.93297 0
vt 0.37268 0.765189 0
vt 0.920724 5.76558e-09 0
vt 0.920724 0.167781 0
vt 0.890223 0.167781 0
vt 0.890223 0 0
vt 0.77421 0.228221 0
vt 0.777746 0.228221 0
vt 0.777274 0.230058 0
vt 0.774725 0.230057 0
vt 0.780809 0.22999 0
vt 0.779482 0.231333 0
vt 0.782577 0.233054 0
vt 0.780756 0.233541 0
vt 0.782577 0.236591 0
vt 0.780756 0.236091 0
vt 0.780809 0.239654 0
vt 0.779482 0.2383 0
vt 0.777746 0.241422 0
vt 0.777274 0.239574 0
vt 0.77421 0.241422 0
vt 0.774725 0.239574 0
vt 0.771147 0.239653 0
vt 0.772517 0.238299 0
vt 0.769379 0.236589 0
vt 0.771242 0.23609 0
vt 0.769379 0.233052 0
vt 0.771242 0.23354 0
vt 0.771147 0.229989 0
vt 0.772517 0.231332 0
vt 0.775999 0.234816 0
vt 0.787408 0.241422 0
vt 0.790944 0.241423 0
vt 0.790472 0.243259 0
vt 0.787923 0.243259 0
vt 0.794007 0.243192 0
vt 0.79268 0.244534 0
vt 0.795775 0.246255 0
vt 0.793954 0.246743 0
vt 0.795775 0.249792 0
vt 0.793954 0.249293 0
vt 0.794007 0.252855 0
vt 0.79268 0.251501 0
vt 0.790944 0.254623 0
vt 0.790472 0.252776 0
vt 0.787408 0.254623 0
vt 0.787923 0.252775 0
vt 0.784346 0.252854 0
vt 0.785715 0.2515 0
vt 0.782577 0.24979 0
vt 0.78444 0.249291 0
vt 0.782577 0.246253 0
vt 0.78444 0.246741 0
vt 0.784346 0.24319 0
vt 0.785715 0.244533 0
vt 0.789197 0.248017 0
vt 0.790944 0.228221 0
vt 0.794006 0.229989 0
vt 0.792679 0.231343 0
vt 0.790472 0.230069 0
vt 0.795774 0.233052 0
vt 0.793954 0.233551 0
vt 0.795774 0.236589 0
vt 0.793954 0.236101 0
vt 0.794006 0.239653 0
vt 0.792679 0.23831 0
vt 0.790944 0.241422 0
vt 0.790472 0.239585 0
vt 0.787408 0.241422 0
vt 0.787922 0.239586 0
vt 0.784345 0.239654 0
vt 0.785714 0.238311 0
vt 0.78444 0.236103 0
vt 0.782577 0.233054 0
vt 0.78444 0.233553 0
vt 0.784345 0.22999 0
vt 0.785714 0.231344 0
vt 0.787408 0.228221 0
vt 0.787922 0.230069 0
vt 0.789197 0.234827 0
vt 0.777747 0.241422 0
vt 0.78081 0.243191 0
vt 0.779483 0.244545 0
vt 0.777275 0.24327 0
vt 0.782577 0.246254 0
vt 0.780757 0.246753 0
vt 0.782577 0.249791 0
vt 0.780757 0.249303 0
vt 0.780808 0.252854 0
vt 0.779482 0.251511 0
vt 0.777746 0.254623 0
vt 0.777274 0.252786 0
vt 0.774209 0.254623 0
vt 0.774724 0.252786 0
vt 0.771147 0.252854 0
vt 0.772517 0.251512 0
vt 0.769379 0.249791 0
vt 0.771242 0.249303 0
vt 0.76938 0.246254 0
vt 0.771243 0.246753 0
vt 0.771148 0.243191 0
vt 0.772518 0.244545 0
vt 0.774211 0.241422 0
vt 0.774726 0.24327 0
vt 0.776 0.248028 0
vt 0.813797 0.241422 0
vt 0.817332 0.241422 0
vt 0.816869 0.243256 0
vt 0.814321 0.243256 0
vt 0.820394 0.243191 0
vt 0.819077 0.244531 0
vt 0.822163 0.246254 0
vt 0.820352 0.246739 0
vt 0.822164 0.249791 0
vt 0.820353 0.249289 0
vt 0.820397 0.252854 0
vt 0.819079 0.251498 0
vt 0.817336 0.254623 0
vt 0.816872 0.252773 0
vt 0.813801 0.254623 0
vt 0.814323 0.252773 0
vt 0.810738 0.252854 0
vt 0.812116 0.251498 0
vt 0.80897 0.249791 0
vt 0.810841 0.249289 0
vt 0.808969 0.246254 0
vt 0.81084 0.246739 0
vt 0.810736 0.243191 0
vt 0.812114 0.244531 0
vt 0.815596 0.248014 0
vt 0.80414 0.241422 0
vt 0.807201 0.24319 0
vt 0.805884 0.244547 0
vt 0.803676 0.243272 0
vt 0.808969 0.246252 0
vt 0.807158 0.246755 0
vt 0.808969 0.24979 0
vt 0.807158 0.249305 0
vt 0.807201 0.252853 0
vt 0.805884 0.251513 0
vt 0.80414 0.254623 0
vt 0.803676 0.252789 0
vt 0.800604 0.254624 0
vt 0.801128 0.25279 0
vt 0.797543 0.252856 0
vt 0.798921 0.251515 0
vt 0.795775 0.249793 0
vt 0.797646 0.249307 0
vt 0.795775 0.246256 0
vt 0.797646 0.246757 0
vt 0.797543 0.243193 0
vt 0.798921 0.244549 0
vt 0.800604 0.241423 0
vt 0.801128 0.243273 0
vt 0.802402 0.248031 0
vt 0.251037 0.771258 0
vt 0.255013 0.769379 0
vt 0.255013 0.869138 0
vt 0.251037 0.871016 0
vt 0.0379961 0.931456 0
vt 0.0340202 0.929577 0
vt 0.0379961 0.831697 0
vt 0.806967 0.424241 0
vt 0.806967 0.494468 0
vt 0.767051 0.506452 0
vt 0.767051 0.436225 0
vt 0.846882 0.436225 0
vt 0.846882 0.506452 0
vt 0.302948 0.484292 0
vt 0.30486 0.481962 0
vt 0.325371 0.495667 0
vt 0.32395 0.498326 0
vt 0.140859 0.51292 0
vt 0.140564 0.515919 0
vt 0.115896 0.515919 0
vt 0.1156 0.51292 0
vt 0.722891 0.227833 0
vt 0.720979 0.225503 0
vt 0.738422 0.20806 0
vt 0.740752 0.209972 0
vt 0.484292 0.0464881 0
vt 0.481962 0.0484002 0
vt 0.464519 0.0309572 0
vt 0.466431 0.0286272 0
vt 0.397319 0.25646 0
vt 0.397024 0.259459 0
vt 0.372356 0.259459 0
vt 0.37206 0.25646 0
vt 0.0464882 0.740752 0
vt 0.0484004 0.738422 0
vt 0.0689111 0.752127 0
vt 0.0674902 0.754785 0
vt 0.25646 0.37206 0
vt 0.25346 0.372356 0
vt 0.248648 0.348161 0
vt 0.251532 0.347287 0
vt 0 0.140859 0
vt 0.00299967 0.140564 0
vt 0.00781213 0.164758 0
vt 0.00492773 0.165633 0
vt 0.445429 0.498326 0
vt 0.444009 0.495667 0
vt 0.464519 0.481962 0
vt 0.466431 0.484292 0
vt 0.517847 0.0908267 0
vt 0.520732 0.0917016 0
vt 0.515919 0.115896 0
vt 0.51292 0.1156 0
vt 0.014594 0.32395 0
vt 0.0172523 0.325371 0
vt 0.00781219 0.348161 0
vt 0.0049278 0.347286 0
vt 0.347287 0.251532 0
vt 0.348162 0.248648 0
vt 0.372356 0.25346 0
vt 0.37206 0.25646 0
vt 0.241866 0.18897 0
vt 0.239207 0.187549 0
vt 0.248648 0.164758 0
vt 0.251532 0.165633 0
vt 0.251532 0.603746 0
vt 0.248648 0.604621 0
vt 0.239208 0.581831 0
vt 0.241866 0.58041 0
vt 0.764452 0.0908267 0
vt 0.761567 0.0917016 0
vt 0.752127 0.0689112 0
vt 0.754785 0.0674903 0
vt 0.347286 0.00492785 0
vt 0.348161 0.00781223 0
vt 0.325371 0.0172524 0
vt 0.32395 0.0145941 0
vt 0.0674903 0.014594 0
vt 0.0689112 0.0172523 0
vt 0.0484005 0.0309571 0
vt 0.0464883 0.0286271 0
vt 0.271054 0.32395 0
vt 0.273712 0.325371 0
vt 0.264272 0.348161 0
vt 0.261388 0.347286 0
vt 0.0049278 0.603746 0
vt 0.00781221 0.604621 0
vt 0.00299968 0.628815 0
vt 1.15312e-08 0.62852 0
vt 0.188969 0.498326 0
vt 0.187549 0.495667 0
vt 0.208059 0.481962 0
vt 0.209972 0.484292 0
vt 0.484293 0.209972 0
vt 0.481963 0.208059 0
vt 0.495667 0.187549 0
vt 0.498326 0.18897 0
vt 0.51292 0.37206 0
vt 0.50992 0.372356 0
vt 0.505107 0.348161 0
vt 0.507992 0.347286 0
vt 0.559408 0.227833 0
vt 0.56132 0.225503 0
vt 0.581831 0.239207 0
vt 0.58041 0.241866 0
vt 0.140859 0.25646 0
vt 0.140564 0.259459 0
vt 0.115896 0.259459 0
vt 0.1156 0.25646 0
vt 0.1156 0.25646 0
vt 0.115896 0.25346 0
vt 0.140564 0.25346 0
vt 0.140859 0.25646 0
vt 0.209972 0.740752 0
vt 0.208059 0.738422 0
vt 0.225503 0.720979 0
vt 0.227833 0.722891 0
vt 0.653779 0 0
vt 0.653484 0.00299966 0
vt 0.628815 0.00299966 0
vt 0.62852 1.15312e-08 0
vt 0.0464882 0.484292 0
vt 0.0484004 0.481962 0
vt 0.0689111 0.495667 0
vt 0.0674902 0.498326 0
vt 0.25646 0.115601 0
vt 0.259459 0.115896 0
vt 0.259459 0.140564 0
vt 0.25646 0.14086 0
vt 0.209972 0.0286273 0
vt 0.20806 0.0309573 0
vt 0.187549 0.0172524 0
vt 0.18897 0.0145941 0
vt 0.285087 0.466432 0
vt 0.287417 0.464519 0
vt 0.0917016 0.520732 0
vt 0.0908266 0.517847 0
vt 0.701889 0.241866 0
vt 0.700468 0.239207 0
vt 0.498326 0.0674902 0
vt 0.495667 0.0689111 0
vt 0.422093 0.261388 0
vt 0.421218 0.264272 0
vt 0.239208 0.325371 0
vt 0.241866 0.32395 0
vt 0.0172522 0.187548 0
vt 0.0145939 0.188969 0
vt 0.0917015 0.761567 0
vt 0.0908265 0.764452 0
vt 0.527514 0.0674903 0
vt 0.530172 0.0689112 0
vt 0.00299967 0.372356 0
vt 0 0.37206 0
vt 0.32395 0.241866 0
vt 0.325371 0.239208 0
vt 0.25346 0.140564 0
vt 0.25646 0.14086 0
vt 0.422093 0.507992 0
vt 0.421218 0.505107 0
vt 0.225503 0.56132 0
vt 0.227833 0.559408 0
vt 0.769379 0.1156 0
vt 0.76638 0.115896 0
vt 0.37206 0 0
vt 0.372355 0.00299967 0
vt 0.285087 0.302948 0
vt 0.287417 0.30486 0
vt 0.00299967 0.653484 0
vt 0 0.653779 0
vt 0.225503 0.464519 0
vt 0.227833 0.466432 0
vt 0.0309574 0.0484001 0
vt 0.0286274 0.0464879 0
vt 0.51292 0.397319 0
vt 0.50992 0.397024 0
vt 0.541547 0.209972 0
vt 0.543877 0.20806 0
vt 0.0917016 0.264272 0
vt 0.0908266 0.261388 0
vt 0.466432 0.227832 0
vt 0.46452 0.225502 0
vt 0.164758 0.248648 0
vt 0.165633 0.251532 0
vt 0.239207 0.700468 0
vt 0.241866 0.701889 0
vt 0.678553 0.00492778 0
vt 0.677678 0.00781216 0
vt 0.261388 0.0908268 0
vt 0.264272 0.0917018 0
vt 0.164758 0.00781222 0
vt 0.165633 0.00492782 0
vt 0.271054 0.445429 0
vt 0.273712 0.444009 0
vt 0.0689111 0.530172 0
vt 0.0674903 0.527514 0
vt 0.0917015 0.505107 0
vt 0.0908265 0.507992 0
vt 0.507992 0.0908266 0
vt 0.505107 0.0917015 0
vt 0.445429 0.271054 0
vt 0.444008 0.273712 0
vt 0.678553 0.251532 0
vt 0.677678 0.248648 0
vt 0.225503 0.30486 0
vt 0.227833 0.302948 0
vt 0.0309571 0.208059 0
vt 0.0286271 0.209972 0
vt 0.115896 0.76638 0
vt 0.1156 0.769379 0
vt 0.541547 0.0464881 0
vt 0.543877 0.0484003 0
vt 0.00299966 0.397024 0
vt 0 0.397319 0
vt 0.302948 0.227833 0
vt 0.30486 0.225503 0
vt 0.25346 0.115896 0
vt 0.25646 0.1156 0
vt 0.397319 0.51292 0
vt 0.397024 0.50992 0
vt 0.20806 0.543877 0
vt 0.209972 0.541547 0
vt 0.769379 0.14086 0
vt 0.76638 0.140564 0
vt 0.397319 0 0
vt 0.397024 0.00299967 0
vt 0.302948 0.285087 0
vt 0.30486 0.287417 0
vt 0.00781222 0.677678 0
vt 0.00492782 0.678553 0
vt 0.239207 0.444009 0
vt 0.241866 0.445429 0
vt 0.0172524 0.0689109 0
vt 0.0145941 0.0674901 0
vt 0.507992 0.422093 0
vt 0.505107 0.421218 0
vt 0.527514 0.18897 0
vt 0.530172 0.187549 0
vt 0.0689111 0.273712 0
vt 0.0674903 0.271054 0
vt 0.44543 0.241866 0
vt 0.444009 0.239207 0
vt 0.187549 0.239208 0
vt 0.188969 0.241866 0
vt 0.248648 0.677678 0
vt 0.251532 0.678553 0
vt 0.701889 0.014594 0
vt 0.700468 0.0172523 0
vt 0.271054 0.0674904 0
vt 0.273712 0.0689113 0
vt 0.140564 0.00299968 0
vt 0.14086 2.30623e-08 0
vt 0.261388 0.422093 0
vt 0.264272 0.421218 0
vt 0.0484003 0.543877 0
vt 0.0464881 0.541547 0
vt 0.115896 0.50992 0
vt 0.1156 0.51292 0
vt 0.51292 0.1156 0
vt 0.50992 0.115896 0
vt 0.466432 0.285087 0
vt 0.464519 0.287417 0
vt 0.653779 0.25646 0
vt 0.653484 0.25346 0
vt 0.20806 0.287417 0
vt 0.209972 0.285087 0
vt 0.431002 0.8563 0
vt 0.430943 0.831162 0
vt 0.443324 0.831162 0
vt 0.443383 0.8563 0
vt 0.0119704 0.86049 0
vt 0.0120295 0.885628 0
vt 5.90929e-05 0.885628 0
vt 0 0.86049 0
vt 0.469008 0.8563 0
vt 0.469067 0.881437 0
vt 0.456705 0.881437 0
vt 0.456646 0.8563 0
vt 0.430768 0.806991 0
vt 0.443149 0.806991 0
vt 0.0122046 0.909799 0
vt 0.000234127 0.909799 0
vt 0.469242 0.905608 0
vt 0.45688 0.905608 0
vt 0.430484 0.784714 0
vt 0.442865 0.784714 0
vt 0.0124888 0.932076 0
vt 0.000518352 0.932076 0
vt 0.469526 0.927885 0
vt 0.457164 0.927885 0
vt 0.430102 0.765189 0
vt 0.442483 0.765189 0
vt 0.0128713 0.951601 0
vt 0.00090086 0.951601 0
vt 0.469909 0.947411 0
vt 0.457547 0.947411 0
vt 0.932053 0.25646 0
vt 0.93151 0.275985 0
vt 0.919132 0.275985 0
vt 0.919676 0.25646 0
vt 0.483156 0.765189 0
vt 0.482612 0.784714 0
vt 0.470645 0.784714 0
vt 0.471189 0.765189 0
vt 0.945692 0.25646 0
vt 0.945148 0.275985 0
vt 0.93279 0.275985 0
vt 0.933334 0.25646 0
vt 0.931106 0.298262 0
vt 0.918729 0.298262 0
vt 0.482208 0.806991 0
vt 0.470241 0.806991 0
vt 0.944744 0.298262 0
vt 0.932386 0.298262 0
vt 0.930857 0.322433 0
vt 0.91848 0.322433 0
vt 0.48196 0.831162 0
vt 0.469993 0.831162 0
vt 0.944496 0.322433 0
vt 0.932137 0.322433 0
vt 0.930773 0.347571 0
vt 0.918396 0.347571 0
vt 0.481876 0.8563 0
vt 0.469909 0.8563 0
vt 0.944412 0.347571 0
vt 0.932053 0.347571 0
vt 0.930857 0.372708 0
vt 0.91848 0.372708 0
vt 0.48196 0.881437 0
vt 0.469993 0.881437 0
vt 0.944496 0.372708 0
vt 0.932137 0.372708 0
vt 0.931106 0.39688 0
vt 0.918729 0.39688 0
vt 0.482208 0.905609 0
vt 0.470241 0.905609 0
vt 0.944744 0.39688 0
vt 0.932386 0.39688 0
vt 0.93151 0.419156 0
vt 0.919132 0.419156 0
vt 0.482612 0.927885 0
vt 0.470645 0.927885 0
vt 0.945148 0.419156 0
vt 0.93279 0.419156 0
vt 0.932053 0.438682 0
vt 0.919676 0.438682 0
vt 0.483156 0.947411 0
vt 0.471189 0.947411 0
vt 0.945692 0.438682 0
vt 0.933334 0.438682 0
vt 0.429719 0.784714 0
vt 0.417338 0.784714 0
vt 0.41772 0.765189 0
vt 0.947253 0 0
vt 0.94687 0.0195255 0
vt 0.9349 0.0195255 0
vt 0.935282 0 0
vt 0.456646 0.765189 0
vt 0.456264 0.784714 0
vt 0.443902 0.784714 0
vt 0.444284 0.765189 0
vt 0.429435 0.806991 0
vt 0.417054 0.806991 0
vt 0.946586 0.0418021 0
vt 0.934616 0.0418021 0
vt 0.455979 0.806991 0
vt 0.443617 0.806991 0
vt 0.42926 0.831162 0
vt 0.416879 0.831162 0
vt 0.946411 0.0659735 0
vt 0.934441 0.0659735 0
vt 0.455804 0.831162 0
vt 0.443442 0.831162 0
vt 0.429201 0.8563 0
vt 0.41682 0.8563 0
vt 0.946352 0.091111 0
vt 0.934381 0.091111 0
vt 0.455745 0.8563 0
vt 0.443383 0.8563 0
vt 0.42926 0.881437 0
vt 0.416879 0.881437 0
vt 0.946411 0.116248 0
vt 0.934441 0.116248 0
vt 0.455804 0.881437 0
vt 0.443442 0.881437 0
vt 0.429435 0.905609 0
vt 0.417054 0.905609 0
vt 0.946586 0.14042 0
vt 0.934616 0.14042 0
vt 0.455979 0.905609 0
vt 0.443618 0.905609 0
vt 0.429719 0.927885 0
vt 0.417338 0.927885 0
vt 0.94687 0.162696 0
vt 0.9349 0.162696 0
vt 0.456264 0.927885 0
vt 0.443902 0.927885 0
vt 0.430102 0.947411 0
vt 0.41772 0.947411 0
vt 0.947253 0.182222 0
vt 0.935282 0.182222 0
vt 0.456646 0.947411 0
vt 0.444284 0.947411 0
vt 0.934381 0 0
vt 0.933838 0.0195255 0
vt 0.921461 0.0195255 0
vt 0.922004 0 0
vt 0.496403 0.765189 0
vt 0.495859 0.784714 0
vt 0.483892 0.784714 0
vt 0.484436 0.765189 0
vt 0.41682 0.765189 0
vt 0.416276 0.784714 0
vt 0.403918 0.784714 0
vt 0.404461 0.765189 0
vt 0.933434 0.0418021 0
vt 0.921057 0.0418021 0
vt 0.495455 0.806991 0
vt 0.483488 0.806991 0
vt 0.415872 0.806991 0
vt 0.403514 0.806991 0
vt 0.933185 0.0659735 0
vt 0.920808 0.0659735 0
vt 0.495207 0.831162 0
vt 0.48324 0.831162 0
vt 0.415624 0.831162 0
vt 0.403265 0.831162 0
vt 0.933101 0.0911109 0
vt 0.920724 0.0911109 0
vt 0.495123 0.8563 0
vt 0.483156 0.8563 0
vt 0.41554 0.8563 0
vt 0.403181 0.8563 0
vt 0.933185 0.116248 0
vt 0.920808 0.116248 0
vt 0.495207 0.881437 0
vt 0.48324 0.881437 0
vt 0.415624 0.881437 0
vt 0.403265 0.881437 0
vt 0.933434 0.14042 0
vt 0.921057 0.14042 0
vt 0.495455 0.905609 0
vt 0.483488 0.905609 0
vt 0.415872 0.905609 0
vt 0.403514 0.905609 0
vt 0.933838 0.162696 0
vt 0.921461 0.162696 0
vt 0.495859 0.927885 0
vt 0.483892 0.927885 0
vt 0.416276 0.927885 0
vt 0.403918 0.927885 0
vt 0.934381 0.182222 0
vt 0.922004 0.182222 0
vt 0.496403 0.947411 0
vt 0.484436 0.947411 0
vt 0.41682 0.947411 0
vt 0.404461 0.947411 0
vt 0.430102 0.947411 0
vt 0.430484 0.927885 0
vt 0.442865 0.927885 0
vt 0.442483 0.947411 0
vt 0.0128713 0.769379 0
vt 0.0124888 0.788905 0
vt 0.000518343 0.788905 0
vt 0.000900848 0.769379 0
vt 0.469909 0.765189 0
vt 0.469526 0.784714 0
vt 0.457164 0.784714 0
vt 0.457547 0.765189 0
vt 0.430768 0.905609 0
vt 0.443149 0.905609 0
vt 0.0122045 0.811181 0
vt 0.000234119 0.811181 0
vt 0.469242 0.806991 0
vt 0.45688 0.806991 0
vt 0.430943 0.881437 0
vt 0.443324 0.881437 0
vt 0.0120295 0.835353 0
vt 5.909e-05 0.835353 0
vt 0.469067 0.831162 0
vt 0.456705 0.831162 0
vt 0.227833 0.0464882 0
vt 0.225503 0.0484004 0
vt 0.264272 0.164758 0
vt 0.261388 0.165633 0
vt 0.0286273 0.466432 0
vt 0.0309573 0.464519 0
vt 0.604621 0.00781222 0
vt 0.603746 0.00492783 0
vt 0.188969 0.754785 0
vt 0.187549 0.752127 0
vt 0.0908264 0.251532 0
vt 0.0917014 0.248648 0
vt 0.165633 0.261388 0
vt 0.164758 0.264272 0
vt 0.604621 0.248648 0
vt 0.603746 0.251532 0
vt 0.495667 0.325371 0
vt 0.498326 0.32395 0
vt 0.505107 0.164758 0
vt 0.507992 0.165633 0
vt 0.165633 0.507992 0
vt 0.164758 0.505107 0
vt 0.014594 0.58041 0
vt 0.0172523 0.581831 0
vt 0.259459 0.372356 0
vt 0.25646 0.37206 0
vt 0.0908267 0.00492782 0
vt 0.0917016 0.00781219 0
vt 0.30486 0.0309574 0
vt 0.302948 0.0286274 0
vt 0.738422 0.0484003 0
vt 0.740752 0.0464881 0
vt 0.25646 0.62852 0
vt 0.25346 0.628815 0
vt 0.227832 0.209972 0
vt 0.225502 0.20806 0
vt 0.397024 0.25346 0
vt 0.397319 0.25646 0
vt 0.0286272 0.302948 0
vt 0.0309572 0.30486 0
vt 0.515919 0.140564 0
vt 0.51292 0.14086 0
vt 0.481962 0.464519 0
vt 0.484292 0.466432 0
vt 3.45935e-08 0.1156 0
vt 0.0029997 0.115896 0
vt 0.25646 0.397319 0
vt 0.25346 0.397024 0
vt 0.0286273 0.722891 0
vt 0.0309573 0.720979 0
vt 0.348161 0.264272 0
vt 0.347286 0.261388 0
vt 0.444008 0.0172523 0
vt 0.445429 0.014594 0
vt 0.752127 0.187549 0
vt 0.754785 0.18897 0
vt 0.165633 0.517847 0
vt 0.164758 0.520732 0
vt 0.348161 0.505107 0
vt 0.347286 0.507992 0
vt 0.241866 0.0674904 0
vt 0.239208 0.0689112 0
vt 0.273712 0.187549 0
vt 0.271054 0.18897 0
vt 0.0145941 0.445429 0
vt 0.0172523 0.444009 0
vt 0.581831 0.0172523 0
vt 0.58041 0.014594 0
vt 0.165633 0.764452 0
vt 0.164758 0.761567 0
vt 0.06749 0.241866 0
vt 0.0689109 0.239207 0
vt 0.18897 0.271054 0
vt 0.187549 0.273712 0
vt 0.628815 0.25346 0
vt 0.62852 0.25646 0
vt 0.481962 0.30486 0
vt 0.484292 0.302948 0
vt 0.50992 0.140564 0
vt 0.51292 0.140859 0
vt 0.140859 0.51292 0
vt 0.140564 0.50992 0
vt 0.0286272 0.559408 0
vt 0.0309572 0.56132 0
vt 0.259459 0.397024 0
vt 0.25646 0.397319 0
vt 0.1156 0 0
vt 0.115896 0.00299967 0
vt 0.287417 0.0484004 0
vt 0.285087 0.0464882 0
vt 0.720979 0.0309572 0
vt 0.722891 0.0286272 0
vt 0.25646 0.653779 0
vt 0.25346 0.653484 0
vt 0.209972 0.227833 0
vt 0.208059 0.225503 0
vt 0.421218 0.248648 0
vt 0.422093 0.251532 0
vt 0.0464881 0.285087 0
vt 0.0484003 0.287417 0
vt 0.520732 0.164758 0
vt 0.517847 0.165633 0
vt 0.495667 0.444009 0
vt 0.498325 0.445429 0
vt 0.00492788 0.0908264 0
vt 0.00781228 0.0917014 0
vt 0.251532 0.422093 0
vt 0.248648 0.421218 0
vt 0.0145941 0.701889 0
vt 0.0172523 0.700468 0
vt 0.325371 0.273712 0
vt 0.32395 0.271054 0
vt 0.421218 0.00781217 0
vt 0.422093 0.00492778 0
vt 0.761567 0.164758 0
vt 0.764452 0.165633 0
vt 0.18897 0.527514 0
vt 0.187549 0.530172 0
vt 0.372356 0.50992 0
vt 0.37206 0.51292 0
vt 0.251532 0.0908267 0
vt 0.248648 0.0917017 0
vt 0.287417 0.20806 0
vt 0.285087 0.209972 0
vt 0.00492782 0.422093 0
vt 0.00781222 0.421218 0
vt 0.56132 0.0309572 0
vt 0.559408 0.0286272 0
vt 0.140859 0.769379 0
vt 0.140564 0.76638 0
vt 0.0464879 0.227832 0
vt 0.0484001 0.225502 0
vt 0.284619 0.558648 0
vt 0.286911 0.560529 0
vt 0.27343 0.580705 0
vt 0.270815 0.579307 0
vt 0.627471 0.25646 0
vt 0.627763 0.259432 0
vt 0.603789 0.264201 0
vt 0.602922 0.261343 0
vt 0.682307 0.773245 0
vt 0.681002 0.775687 0
vt 0.660068 0.767016 0
vt 0.660872 0.764366 0
vt 0.760344 0.670732 0
vt 0.763093 0.669899 0
vt 0.772087 0.691613 0
vt 0.769554 0.692967 0
vt 0.508729 0.651477 0
vt 0.505778 0.651187 0
vt 0.505778 0.626922 0
vt 0.508729 0.626631 0
vt 0.579797 0.49613 0
vt 0.581205 0.493496 0
vt 0.603789 0.50285 0
vt 0.602922 0.505708 0
vt 0.755649 0.888371 0
vt 0.758441 0.888096 0
vt 0.76292 0.910614 0
vt 0.760236 0.911429 0
vt 0.668201 0.755095 0
vt 0.667359 0.752318 0
vt 0.689301 0.743229 0
vt 0.690669 0.745789 0
vt 0.270815 0.698801 0
vt 0.27343 0.697404 0
vt 0.286911 0.717579 0
vt 0.284619 0.71946 0
vt 0.638116 0.995411 0
vt 0.637844 0.992656 0
vt 0.660068 0.988235 0
vt 0.660872 0.990885 0
vt 0.980759 0.933148 0
vt 0.978285 0.931826 0
vt 0.987071 0.910614 0
vt 0.989755 0.911429 0
vt 0.955707 0.540195 0
vt 0.953885 0.542415 0
vt 0.934343 0.529357 0
vt 0.935696 0.526825 0
vt 0.668201 0.517664 0
vt 0.667359 0.520441 0
vt 0.644064 0.515808 0
vt 0.644349 0.51292 0
vt 0.75259 0.323338 0
vt 0.749956 0.324745 0
vt 0.736375 0.304421 0
vt 0.738684 0.302526 0
vt 0.551431 0.786135 0
vt 0.553187 0.788276 0
vt 0.537165 0.804298 0
vt 0.535025 0.802541 0
vt 0.865791 0.75727 0
vt 0.866073 0.754412 0
vt 0.889576 0.754412 0
vt 0.889858 0.75727 0
vt 0.536292 0.715081 0
vt 0.538535 0.71324 0
vt 0.555329 0.730034 0
vt 0.553488 0.732278 0
vt 0.442342 0.527275 0
vt 0.440944 0.52989 0
vt 0.418526 0.520604 0
vt 0.419386 0.517767 0
vt 0.51292 0.371011 0
vt 0.515892 0.371303 0
vt 0.515892 0.395748 0
vt 0.51292 0.39604 0
vt 0.818464 0.770853 0
vt 0.819786 0.773328 0
vt 0.800696 0.786083 0
vt 0.798917 0.783914 0
vt 0.819953 0.526825 0
vt 0.821307 0.529357 0
vt 0.801764 0.542415 0
vt 0.799942 0.540195 0
vt 0.395018 0.765189 0
vt 0.394727 0.762238 0
vt 0.418526 0.757504 0
vt 0.419386 0.760342 0
vt 0.739774 0.911982 0
vt 0.737124 0.911179 0
vt 0.741545 0.888955 0
vt 0.7443 0.889226 0
vt 0.863241 0.995963 0
vt 0.863516 0.993171 0
vt 0.886475 0.993171 0
vt 0.88675 0.995963 0
vt 0.755649 0.62422 0
vt 0.752761 0.624504 0
vt 0.748128 0.60121 0
vt 0.750905 0.600368 0
vt 0.738684 0.464525 0
vt 0.736375 0.462631 0
vt 0.749956 0.442306 0
vt 0.75259 0.443714 0
vt 0.513255 0.911982 0
vt 0.515905 0.911179 0
vt 0.524576 0.932113 0
vt 0.522134 0.933418 0
vt 0.951074 0.783914 0
vt 0.949294 0.786083 0
vt 0.930205 0.773328 0
vt 0.931527 0.770853 0
vt 0.986095 0.692967 0
vt 0.983562 0.691613 0
vt 0.992557 0.669899 0
vt 0.995305 0.670732 0
vt 0.52278 0.5779 0
vt 0.525339 0.579268 0
vt 0.516251 0.60121 0
vt 0.513473 0.600368 0
vt 0.302188 0.541079 0
vt 0.304069 0.543371 0
vt 0.581205 0.273555 0
vt 0.579797 0.270921 0
vt 0.701599 0.786135 0
vt 0.699842 0.788276 0
vt 0.755649 0.647128 0
vt 0.758507 0.646847 0
vt 0.503882 0.675846 0
vt 0.501045 0.674986 0
vt 0.771706 0.931826 0
vt 0.769232 0.933148 0
vt 0.709049 0.730034 0
vt 0.71089 0.732277 0
vt 0.627763 0.507619 0
vt 0.62747 0.510591 0
vt 0.614914 0.995411 0
vt 0.615185 0.992656 0
vt 0.99155 0.888096 0
vt 0.994342 0.888371 0
vt 0.972724 0.557213 0
vt 0.970504 0.559035 0
vt 0.620314 0.515808 0
vt 0.620029 0.51292 0
vt 0.261307 0.675846 0
vt 0.264144 0.674986 0
vt 0.71909 0.287136 0
vt 0.720985 0.284827 0
vt 0.570722 0.773245 0
vt 0.572027 0.775687 0
vt 0.842187 0.752575 0
vt 0.843021 0.749827 0
vt 0.463001 0.541079 0
vt 0.46112 0.543371 0
vt 0.520661 0.419722 0
vt 0.517803 0.420589 0
vt 0.784462 0.802318 0
vt 0.782293 0.800538 0
vt 0.575077 0.743229 0
vt 0.573709 0.745789 0
vt 0.370171 0.765189 0
vt 0.370462 0.762238 0
vt 0.730895 0.933418 0
vt 0.728453 0.932113 0
vt 0.908993 0.988692 0
vt 0.909808 0.991377 0
vt 0.842187 0.517615 0
vt 0.843021 0.520363 0
vt 0.739039 0.579267 0
vt 0.741598 0.577899 0
vt 0.75931 0.419722 0
vt 0.762168 0.42059 0
vt 0.508729 0.889226 0
vt 0.511484 0.888955 0
vt 0.972724 0.712977 0
vt 0.970505 0.711155 0
vt 0.511617 0.624505 0
vt 0.508729 0.62422 0
vt 0.322847 0.527275 0
vt 0.324245 0.52989 0
vt 0.560881 0.287136 0
vt 0.558986 0.284827 0
vt 0.908993 0.764541 0
vt 0.909808 0.761857 0
vt 0.755649 0.623062 0
vt 0.758507 0.623343 0
vt 0.494373 0.698801 0
vt 0.491759 0.697404 0
vt 0.718005 0.802541 0
vt 0.715864 0.804298 0
vt 0.784462 0.950916 0
vt 0.782293 0.952695 0
vt 0.725844 0.71324 0
vt 0.728087 0.715081 0
vt 0.652207 0.507619 0
vt 0.6525 0.510591 0
vt 0.592158 0.990885 0
vt 0.592962 0.988235 0
vt 0.99155 0.865137 0
vt 0.994342 0.864862 0
vt 0.986095 0.577223 0
vt 0.983562 0.578577 0
vt 0.597019 0.520441 0
vt 0.596177 0.517664 0
vt 0.25646 0.651477 0
vt 0.25941 0.651187 0
vt 0.698766 0.273556 0
vt 0.700174 0.270921 0
vt 0.592158 0.764366 0
vt 0.592962 0.767016 0
vt 0.819953 0.743365 0
vt 0.821307 0.740833 0
vt 0.48057 0.558648 0
vt 0.478278 0.560529 0
vt 0.530015 0.442306 0
vt 0.527381 0.443714 0
vt 0.771706 0.821407 0
vt 0.769232 0.820085 0
vt 0.59702 0.752318 0
vt 0.596177 0.755095 0
vt 0.345802 0.760342 0
vt 0.346663 0.757504 0
vt 0.718005 0.952709 0
vt 0.715865 0.950953 0
vt 0.930205 0.979906 0
vt 0.931527 0.98238 0
vt 0.865791 0.51292 0
vt 0.866073 0.515778 0
vt 0.725843 0.559519 0
vt 0.728087 0.557678 0
vt 0.764079 0.395748 0
vt 0.767051 0.396041 0
vt 0.508729 0.866025 0
vt 0.511484 0.866296 0
vt 0.955707 0.729995 0
vt 0.953885 0.727775 0
vt 0.511617 0.648255 0
vt 0.508729 0.64854 0
vt 0.345802 0.517767 0
vt 0.346663 0.520604 0
vt 0.543596 0.304421 0
vt 0.541287 0.302526 0
vt 0.886475 0.760062 0
vt 0.88675 0.75727 0
vt 0.760344 0.599458 0
vt 0.763093 0.600291 0
vt 0.48057 0.71946 0
vt 0.478278 0.717579 0
vt 0.730895 0.821833 0
vt 0.728453 0.823138 0
vt 0.800696 0.967151 0
vt 0.798917 0.969319 0
vt 0.195212 0.854178 0
vt 0.195266 0.877268 0
vt 0.186335 0.877574 0
vt 0.18628 0.854178 0
vt 0.165179 0.857101 0
vt 0.165235 0.881052 0
vt 0.156151 0.881303 0
vt 0.156094 0.857101 0
vt 0.0225596 0.859663 0
vt 0.0226177 0.88439 0
vt 0.0129299 0.884572 0
vt 0.0128713 0.859663 0
vt 0.195427 0.899471 0
vt 0.186498 0.900071 0
vt 0.165402 0.904082 0
vt 0.15632 0.904576 0
vt 0.0227899 0.908166 0
vt 0.0131033 0.908524 0
vt 0.195688 0.919933 0
vt 0.186762 0.920804 0
vt 0.165673 0.925306 0
vt 0.156593 0.926024 0
vt 0.0230695 0.930079 0
vt 0.0133849 0.930599 0
vt 0.19604 0.937868 0
vt 0.187118 0.938977 0
vt 0.166037 0.94391 0
vt 0.156962 0.944823 0
vt 0.0234457 0.949285 0
vt 0.013764 0.949947 0
vt 0.176158 0.770488 0
vt 0.175659 0.788423 0
vt 0.166723 0.787552 0
vt 0.167228 0.769379 0
vt 0.135838 0.770292 0
vt 0.13532 0.788896 0
vt 0.126233 0.788179 0
vt 0.126756 0.769379 0
vt 0.755254 0.760502 0
vt 0.75472 0.779708 0
vt 0.74503 0.779188 0
vt 0.745569 0.75984 0
vt 0.175288 0.808886 0
vt 0.166347 0.808285 0
vt 0.134935 0.810121 0
vt 0.125844 0.809627 0
vt 0.754322 0.801621 0
vt 0.74463 0.801262 0
vt 0.17506 0.831088 0
vt 0.166115 0.830782 0
vt 0.134698 0.833151 0
vt 0.125604 0.832899 0
vt 0.754078 0.825397 0
vt 0.744384 0.825214 0
vt 0.174982 0.854178 0
vt 0.166037 0.854178 0
vt 0.134618 0.857101 0
vt 0.125523 0.857101 0
vt 0.753995 0.850124 0
vt 0.7443 0.850124 0
vt 0.17506 0.877268 0
vt 0.166115 0.877574 0
vt 0.134698 0.881052 0
vt 0.125604 0.881304 0
vt 0.754078 0.87485 0
vt 0.744384 0.875033 0
vt 0.175288 0.899471 0
vt 0.166347 0.900071 0
vt 0.134935 0.904082 0
vt 0.125844 0.904576 0
vt 0.754322 0.898627 0
vt 0.74463 0.898985 0
vt 0.175659 0.919933 0
vt 0.166723 0.920804 0
vt 0.13532 0.925307 0
vt 0.126233 0.926024 0
vt 0.75472 0.920539 0
vt 0.74503 0.921059 0
vt 0.176158 0.937868 0
vt 0.167228 0.938977 0
vt 0.135838 0.94391 0
vt 0.126756 0.944823 0
vt 0.755254 0.939746 0
vt 0.745569 0.940408 0
vt 0.205799 0.770488 0
vt 0.205448 0.788423 0
vt 0.196522 0.787552 0
vt 0.196878 0.769379 0
vt 0.156094 0.770292 0
vt 0.15573 0.788896 0
vt 0.146651 0.788179 0
vt 0.147019 0.769379 0
vt 0.0340202 0.770041 0
vt 0.0336439 0.789248 0
vt 0.0239593 0.788728 0
vt 0.0243384 0.769379 0
vt 0.205187 0.808886 0
vt 0.196257 0.808285 0
vt 0.155459 0.810121 0
vt 0.146377 0.809627 0
vt 0.0333644 0.81116 0
vt 0.0236777 0.810802 0
vt 0.205026 0.831088 0
vt 0.196095 0.830782 0
vt 0.155292 0.833151 0
vt 0.146209 0.832899 0
vt 0.0331922 0.834936 0
vt 0.0235043 0.834754 0
vt 0.204972 0.854178 0
vt 0.19604 0.854178 0
vt 0.155236 0.857101 0
vt 0.146152 0.857101 0
vt 0.033134 0.859663 0
vt 0.0234457 0.859663 0
vt 0.205026 0.877268 0
vt 0.196095 0.877574 0
vt 0.155292 0.881052 0
vt 0.146209 0.881304 0
vt 0.0331921 0.88439 0
vt 0.0235043 0.884573 0
vt 0.205187 0.899471 0
vt 0.196257 0.900071 0
vt 0.155459 0.904082 0
vt 0.146377 0.904576 0
vt 0.0333643 0.908166 0
vt 0.0236777 0.908525 0
vt 0.205448 0.919933 0
vt 0.196522 0.920804 0
vt 0.15573 0.925307 0
vt 0.146651 0.926024 0
vt 0.0336439 0.930079 0
vt 0.0239594 0.930599 0
vt 0.205799 0.937868 0
vt 0.196878 0.938977 0
vt 0.156094 0.94391 0
vt 0.147019 0.944823 0
vt 0.0340202 0.949285 0
vt 0.0243384 0.949947 0
vt 0.18628 0.770488 0
vt 0.18578 0.788423 0
vt 0.176844 0.787552 0
vt 0.17735 0.769379 0
vt 0.146152 0.770292 0
vt 0.145634 0.788896 0
vt 0.136547 0.788179 0
vt 0.13707 0.769379 0
vt 0.507357 0.765851 0
vt 0.506822 0.785057 0
vt 0.497133 0.784537 0
vt 0.497671 0.765189 0
vt 0.185409 0.808886 0
vt 0.176468 0.808285 0
vt 0.145249 0.810121 0
vt 0.136158 0.809627 0
vt 0.506425 0.806969 0
vt 0.496733 0.806611 0
vt 0.185181 0.831088 0
vt 0.176237 0.830782 0
vt 0.145012 0.833151 0
vt 0.135918 0.832899 0
vt 0.50618 0.830746 0
vt 0.496486 0.830563 0
vt 0.185104 0.854178 0
vt 0.176158 0.854178 0
vt 0.144932 0.857101 0
vt 0.135838 0.857101 0
vt 0.506098 0.855473 0
vt 0.496403 0.855473 0
vt 0.185181 0.877268 0
vt 0.176237 0.877574 0
vt 0.145012 0.881052 0
vt 0.135918 0.881304 0
vt 0.50618 0.880199 0
vt 0.496486 0.880382 0
vt 0.185409 0.899471 0
vt 0.176468 0.900071 0
vt 0.145249 0.904082 0
vt 0.136158 0.904576 0
vt 0.506425 0.903976 0
vt 0.496732 0.904334 0
vt 0.18578 0.919933 0
vt 0.176844 0.920804 0
vt 0.145634 0.925307 0
vt 0.136547 0.926024 0
vt 0.506822 0.925888 0
vt 0.497133 0.926408 0
vt 0.18628 0.937868 0
vt 0.17735 0.938977 0
vt 0.146152 0.94391 0
vt 0.13707 0.944823 0
vt 0.507357 0.945095 0
vt 0.497671 0.945757 0
vt 0.19604 0.770488 0
vt 0.195688 0.788423 0
vt 0.186762 0.787552 0
vt 0.187118 0.769379 0
vt 0.166037 0.770292 0
vt 0.165673 0.788896 0
vt 0.156593 0.788179 0
vt 0.156962 0.769379 0
vt 0.0234457 0.770041 0
vt 0.0230695 0.789248 0
vt 0.0133849 0.788728 0
vt 0.013764 0.769379 0
vt 0.195427 0.808886 0
vt 0.186498 0.808285 0
vt 0.165402 0.810121 0
vt 0.15632 0.809627 0
vt 0.0227899 0.81116 0
vt 0.0131033 0.810802 0
vt 0.195266 0.831088 0
vt 0.186335 0.830782 0
vt 0.165235 0.833151 0
vt 0.156151 0.832899 0
vt 0.0226177 0.834936 0
vt 0.0129299 0.834754 0
vt 0.536291 0.557679 0
vt 0.538535 0.55952 0
vt 0.997142 0.646847 0
vt 1 0.647128 0
vt 0.967698 0.800538 0
vt 0.965529 0.802318 0
vt 0.537165 0.950953 0
vt 0.535025 0.952709 0
vt 0.720985 0.482224 0
vt 0.71909 0.479915 0
vt 0.755649 0.648539 0
vt 0.752761 0.648255 0
vt 0.840184 0.991377 0
vt 0.840998 0.988692 0
vt 0.741545 0.866296 0
vt 0.7443 0.866025 0
vt 0.440944 0.748218 0
vt 0.442341 0.750833 0
vt 0.785145 0.559035 0
vt 0.782925 0.557213 0
vt 0.840183 0.761857 0
vt 0.840998 0.764541 0
vt 0.517803 0.346462 0
vt 0.520661 0.347329 0
vt 0.394727 0.51587 0
vt 0.395018 0.51292 0
vt 0.52278 0.69486 0
vt 0.52534 0.693492 0
vt 0.912628 0.749827 0
vt 0.913462 0.752575 0
vt 0.524576 0.823138 0
vt 0.522134 0.821833 0
vt 0.762168 0.346462 0
vt 0.75931 0.347329 0
vt 0.690669 0.526971 0
vt 0.689301 0.52953 0
vt 0.912628 0.520363 0
vt 0.913462 0.517615 0
vt 0.967698 0.952695 0
vt 0.965529 0.950916 0
vt 0.681002 0.979564 0
vt 0.682307 0.982006 0
vt 0.304069 0.734737 0
vt 0.302188 0.737029 0
vt 0.644349 0.75984 0
vt 0.644064 0.756952 0
vt 0.755649 0.864862 0
vt 0.758441 0.865137 0
vt 0.558986 0.482224 0
vt 0.560881 0.479915 0
vt 0.501044 0.603123 0
vt 0.503882 0.602262 0
vt 0.785145 0.711155 0
vt 0.782925 0.712977 0
vt 0.637844 0.762595 0
vt 0.638116 0.75984 0
vt 0.6525 0.25646 0
vt 0.652208 0.259432 0
vt 0.264144 0.603123 0
vt 0.261307 0.602262 0
vt 0.553488 0.540482 0
vt 0.555329 0.542725 0
vt 0.997142 0.623343 0
vt 1 0.623062 0
vt 0.980759 0.820085 0
vt 0.978285 0.821407 0
vt 0.553187 0.966975 0
vt 0.551431 0.969116 0
vt 0.700174 0.49613 0
vt 0.698766 0.493496 0
vt 0.750905 0.672392 0
vt 0.748128 0.671549 0
vt 0.818464 0.98238 0
vt 0.819786 0.979906 0
vt 0.737124 0.844072 0
vt 0.739774 0.843269 0
vt 0.46112 0.734738 0
vt 0.463001 0.737029 0
vt 0.772087 0.578577 0
vt 0.769554 0.577223 0
vt 0.863241 0.75727 0
vt 0.863516 0.760062 0
vt 0.527381 0.323337 0
vt 0.530015 0.324745 0
vt 0.370462 0.51587 0
vt 0.370171 0.51292 0
vt 0.513474 0.672392 0
vt 0.516251 0.67155 0
vt 0.934343 0.740833 0
vt 0.935696 0.743365 0
vt 0.515905 0.844072 0
vt 0.513255 0.843269 0
vt 0.767051 0.371011 0
vt 0.764079 0.371304 0
vt 0.71089 0.540482 0
vt 0.709049 0.542725 0
vt 0.889576 0.515778 0
vt 0.889858 0.51292 0
vt 0.951074 0.969319 0
vt 0.949295 0.96715 0
vt 0.699842 0.966975 0
vt 0.701599 0.969116 0
vt 0.324245 0.748218 0
vt 0.322847 0.750833 0
vt 0.620029 0.75984 0
vt 0.620314 0.756952 0
vt 0.760236 0.841805 0
vt 0.76292 0.842619 0
vt 0.541287 0.464525 0
vt 0.543596 0.462631 0
vt 0.491759 0.580705 0
vt 0.494373 0.579307 0
vt 0.801764 0.727775 0
vt 0.799942 0.729995 0
vt 0.615185 0.762595 0
vt 0.614914 0.75984 0
vt 0.677049 0.261343 0
vt 0.676182 0.264201 0
vt 0.25941 0.626922 0
vt 0.25646 0.626631 0
vt 0.573709 0.526971 0
vt 0.575077 0.52953 0
vt 0.992557 0.600291 0
vt 0.995305 0.599458 0
vt 0.989755 0.841805 0
vt 0.987071 0.842619 0
vt 0.572027 0.979564 0
vt 0.570722 0.982006 0
vt 0.677049 0.505708 0
vt 0.676182 0.50285 0
vt 0.741598 0.69486 0
vt 0.739039 0.693492 0
vt 0.991045 0.0821552 0
vt 0.990908 0.111838 0
vt 0.976508 0.111907 0
vt 0.976646 0.0819526 0
vt 0.991452 0.053044 0
vt 0.977057 0.0525748 0
vt 0.992113 0.0256233 0
vt 0.977723 0.0249028 0
vt 0.993002 0.000946567 0
vt 0.97862 0 0
vt 0.983964 0.92403 0
vt 0.984853 0.948706 0
vt 0.970472 0.949653 0
vt 0.969575 0.92475 0
vt 0.983304 0.896609 0
vt 0.968909 0.897078 0
vt 0.982897 0.867498 0
vt 0.968498 0.8677 0
vt 0.98276 0.837815 0
vt 0.96836 0.837746 0
vt 0.982897 0.808701 0
vt 0.968498 0.808365 0
vt 0.983304 0.781276 0
vt 0.968909 0.780688 0
vt 0.983964 0.756592 0
vt 0.969575 0.755778 0
vt 0.984853 0.735599 0
vt 0.970472 0.734593 0
vt 0.993059 0.708719 0
vt 0.993948 0.733395 0
vt 0.979567 0.734342 0
vt 0.97867 0.709439 0
vt 0.992398 0.681298 0
vt 0.978003 0.681767 0
vt 0.991992 0.652187 0
vt 0.977592 0.652389 0
vt 0.991854 0.622504 0
vt 0.977454 0.622435 0
vt 0.991992 0.59339 0
vt 0.977593 0.593054 0
vt 0.992398 0.565965 0
vt 0.978003 0.565377 0
vt 0.993059 0.541281 0
vt 0.97867 0.540467 0
vt 0.993948 0.520288 0
vt 0.979567 0.519282 0
vt 0.993059 0.497199 0
vt 0.993948 0.518192 0
vt 0.979567 0.519198 0
vt 0.97867 0.498012 0
vt 0.992398 0.472515 0
vt 0.978003 0.473102 0
vt 0.991992 0.445089 0
vt 0.977593 0.445425 0
vt 0.991854 0.415976 0
vt 0.977454 0.416045 0
vt 0.991992 0.386293 0
vt 0.977593 0.38609 0
vt 0.992398 0.357182 0
vt 0.978003 0.356713 0
vt 0.993059 0.329761 0
vt 0.97867 0.329041 0
vt 0.993948 0.305084 0
vt 0.979567 0.304138 0
vt 0.992113 0.193061 0
vt 0.993002 0.214054 0
vt 0.97862 0.21506 0
vt 0.977723 0.193874 0
vt 0.991452 0.168377 0
vt 0.977057 0.168964 0
vt 0.311741 0.166297 0
vt 0.304138 0.167046 0
vt 0.304138 0.137091 0
vt 0.311741 0.13784 0
vt 0.991045 0.140951 0
vt 0.976646 0.141287 0
vt 0.376571 0.563718 0
vt 0.354031 0.548657 0
vt 0.334862 0.529488 0
vt 0.319801 0.506948 0
vt 0.309427 0.481902 0
vt 0.304138 0.455314 0
vt 0.304138 0.428205 0
vt 0.309426 0.401617 0
vt 0.3198 0.376571 0
vt 0.334861 0.354031 0
vt 0.35403 0.334862 0
vt 0.376571 0.319801 0
vt 0.401616 0.309427 0
vt 0.428204 0.304138 0
vt 0.455313 0.304138 0
vt 0.481901 0.309426 0
vt 0.506947 0.3198 0
vt 0.529487 0.334861 0
vt 0.548656 0.35403 0
vt 0.563717 0.376571 0
vt 0.574092 0.401616 0
vt 0.57938 0.428204 0
vt 0.57938 0.455313 0
vt 0.574092 0.481902 0
vt 0.563718 0.506947 0
vt 0.548657 0.529487 0
vt 0.529488 0.548656 0
vt 0.506947 0.563717 0
vt 0.481902 0.574092 0
vt 0.455314 0.57938 0
vt 0.428205 0.57938 0
vt 0.401616 0.574092 0
vt 0.0128037 0.895107 0
vt 0.0129291 0.921696 0
vt 0.000127295 0.922238 0
vt 0 0.895251 0
vt 0.849042 0.850209 0
vt 0.849171 0.877554 0
vt 0.835839 0.878076 0
vt 0.835708 0.850345 0
vt 0.822412 0.878409 0
vt 0.82228 0.850416 0
vt 0.781981 0.853688 0
vt 0.782114 0.881975 0
vt 0.768228 0.882365 0
vt 0.768093 0.853777 0
vt 0.754106 0.882771 0
vt 0.753969 0.853871 0
vt 0.0133006 0.946743 0
vt 0.000504343 0.947661 0
vt 0.849553 0.903313 0
vt 0.836226 0.9042 0
vt 0.822803 0.904779 0
vt 0.782509 0.908623 0
vt 0.768628 0.909296 0
vt 0.754509 0.909996 0
vt 0.0139038 0.969287 0
vt 0.00111657 0.970542 0
vt 0.850173 0.926498 0
vt 0.836856 0.927712 0
vt 0.823438 0.928513 0
vt 0.783151 0.932606 0
vt 0.769276 0.933534 0
vt 0.755165 0.934499 0
vt 0.0147156 0.98846 0
vt 0.00194055 0.990002 0
vt 0.851008 0.946216 0
vt 0.837702 0.947709 0
vt 0.824293 0.948698 0
vt 0.784015 0.953004 0
vt 0.770149 0.954148 0
vt 0.756047 0.955338 0
vt 0.0294312 0.793832 0
vt 0.0286194 0.816369 0
vt 0.0158322 0.815333 0
vt 0.0166562 0.792458 0
vt 0.82228 0.746055 0
vt 0.821445 0.769232 0
vt 0.808128 0.768223 0
vt 0.808974 0.744717 0
vt 0.79471 0.767519 0
vt 0.795565 0.743793 0
vt 0.890591 0.736744 0
vt 0.889727 0.760721 0
vt 0.875852 0.75992 0
vt 0.876725 0.735688 0
vt 0.861741 0.759089 0
vt 0.862623 0.734593 0
vt 0.0280162 0.841412 0
vt 0.01522 0.840751 0
vt 0.820825 0.794987 0
vt 0.807499 0.794342 0
vt 0.794075 0.793885 0
vt 0.889085 0.787363 0
vt 0.875204 0.786845 0
vt 0.861085 0.786309 0
vt 0.0276447 0.867998 0
vt 0.014843 0.867736 0
vt 0.820443 0.82233 0
vt 0.807111 0.822071 0
vt 0.793684 0.821876 0
vt 0.88869 0.815648 0
vt 0.874804 0.815431 0
vt 0.860682 0.815206 0
vt 0.0275193 0.895107 0
vt 0.0147156 0.895251 0
vt 0.820314 0.850209 0
vt 0.80698 0.850345 0
vt 0.793552 0.850416 0
vt 0.888557 0.844489 0
vt 0.874669 0.844578 0
vt 0.860545 0.844671 0
vt 0.0276447 0.921696 0
vt 0.0148429 0.922238 0
vt 0.820443 0.877554 0
vt 0.807111 0.878076 0
vt 0.793684 0.878409 0
vt 0.88869 0.872776 0
vt 0.874804 0.873166 0
vt 0.860682 0.873572 0
vt 0.0280162 0.946743 0
vt 0.0152199 0.947661 0
vt 0.820825 0.903314 0
vt 0.807499 0.9042 0
vt 0.794075 0.904779 0
vt 0.889085 0.899424 0
vt 0.875204 0.900096 0
vt 0.861085 0.900797 0
vt 0.0286194 0.969287 0
vt 0.0158322 0.970542 0
vt 0.821445 0.926498 0
vt 0.808128 0.927712 0
vt 0.79471 0.928513 0
vt 0.889727 0.923407 0
vt 0.875852 0.924335 0
vt 0.861741 0.925299 0
vt 0.0294312 0.98846 0
vt 0.0166562 0.990002 0
vt 0.82228 0.946216 0
vt 0.808974 0.947709 0
vt 0.795565 0.948699 0
vt 0.890591 0.943805 0
vt 0.876725 0.944949 0
vt 0.862623 0.946139 0
vt 1 0.736194 0
vt 0.9991 0.755363 0
vt 0.986318 0.754049 0
vt 0.987232 0.734593 0
vt 0.927981 0.737199 0
vt 0.927055 0.756913 0
vt 0.913744 0.755637 0
vt 0.914683 0.735644 0
vt 0.90033 0.754774 0
vt 0.901278 0.734593 0
vt 0.956319 0.00246363 0
vt 0.955361 0.0228571 0
vt 0.941491 0.0218654 0
vt 0.942459 0.00125529 0
vt 0.927384 0.0208352 0
vt 0.928363 0 0
vt 0.998392 0.777903 0
vt 0.9856 0.776927 0
vt 0.926328 0.780094 0
vt 0.913006 0.779146 0
vt 0.899585 0.778505 0
vt 0.954608 0.0468373 0
vt 0.94073 0.0461004 0
vt 0.926615 0.0453349 0
vt 0.997905 0.802949 0
vt 0.985105 0.802348 0
vt 0.925826 0.805851 0
vt 0.912498 0.805268 0
vt 0.899072 0.804873 0
vt 0.95409 0.0734826 0
vt 0.940206 0.0730289 0
vt 0.926085 0.0725575 0
vt 0.997656 0.829537 0
vt 0.984853 0.829334 0
vt 0.925571 0.833195 0
vt 0.912238 0.832998 0
vt 0.898811 0.832865 0
vt 0.953825 0.101769 0
vt 0.939939 0.101616 0
vt 0.925815 0.101457 0
vt 0.997656 0.856646 0
vt 0.984853 0.856849 0
vt 0.925571 0.861075 0
vt 0.912238 0.861272 0
vt 0.898811 0.861406 0
vt 0.953825 0.13061 0
vt 0.939939 0.130763 0
vt 0.925815 0.130922 0
vt 0.997905 0.883234 0
vt 0.985105 0.883836 0
vt 0.925826 0.888419 0
vt 0.912498 0.889003 0
vt 0.899072 0.889398 0
vt 0.95409 0.158896 0
vt 0.940206 0.15935 0
vt 0.926085 0.159822 0
vt 0.998392 0.90828 0
vt 0.9856 0.909256 0
vt 0.926328 0.914177 0
vt 0.913006 0.915125 0
vt 0.899585 0.915766 0
vt 0.954608 0.185542 0
vt 0.94073 0.186279 0
vt 0.926615 0.187044 0
vt 0.999099 0.93082 0
vt 0.986318 0.932134 0
vt 0.927055 0.937358 0
vt 0.913744 0.938634 0
vt 0.90033 0.939497 0
vt 0.955361 0.209522 0
vt 0.941491 0.210514 0
vt 0.927384 0.211544 0
vt 1 0.949989 0
vt 0.987232 0.95159 0
vt 0.927981 0.957072 0
vt 0.914683 0.958626 0
vt 0.901278 0.959678 0
vt 0.956319 0.229915 0
vt 0.942459 0.231124 0
vt 0.928363 0.232379 0
vt 0.0436775 0.793773 0
vt 0.0429699 0.816313 0
vt 0.0301781 0.815336 0
vt 0.0308962 0.792458 0
vt 0.752241 0.755131 0
vt 0.751514 0.778312 0
vt 0.738192 0.777364 0
vt 0.73893 0.753855 0
vt 0.724771 0.776723 0
vt 0.725516 0.752992 0
vt 0.723996 0.755014 0
vt 0.723244 0.778994 0
vt 0.709366 0.778257 0
vt 0.710126 0.754022 0
vt 0.695251 0.777492 0
vt 0.69602 0.752992 0
vt 0.0424826 0.841358 0
vt 0.0296834 0.840757 0
vt 0.751012 0.80407 0
vt 0.737683 0.803486 0
vt 0.724258 0.803091 0
vt 0.722725 0.80564 0
vt 0.708842 0.805186 0
vt 0.694721 0.804714 0
vt 0.0422342 0.867947 0
vt 0.0294312 0.867744 0
vt 0.750757 0.831414 0
vt 0.737424 0.831217 0
vt 0.723996 0.831083 0
vt 0.722461 0.833926 0
vt 0.708574 0.833773 0
vt 0.694451 0.833614 0
vt 0.0422342 0.895056 0
vt 0.0294313 0.895259 0
vt 0.750757 0.859293 0
vt 0.737424 0.859491 0
vt 0.723997 0.859624 0
vt 0.722461 0.862767 0
vt 0.708574 0.86292 0
vt 0.694451 0.863079 0
vt 0.0424826 0.921644 0
vt 0.0296834 0.922245 0
vt 0.751012 0.886637 0
vt 0.737683 0.887221 0
vt 0.724258 0.887616 0
vt 0.722725 0.891053 0
vt 0.708842 0.891507 0
vt 0.694721 0.891979 0
vt 0.04297 0.946689 0
vt 0.0301781 0.947666 0
vt 0.751514 0.912395 0
vt 0.738192 0.913343 0
vt 0.724771 0.913984 0
vt 0.723244 0.917699 0
vt 0.709366 0.918436 0
vt 0.695251 0.919201 0
vt 0.0436775 0.96923 0
vt 0.0308962 0.970544 0
vt 0.752241 0.935576 0
vt 0.73893 0.936852 0
vt 0.725516 0.937715 0
vt 0.723996 0.941679 0
vt 0.710126 0.942671 0
vt 0.69602 0.943701 0
vt 0.0147156 0.793832 0
vt 0.0139038 0.816369 0
vt 0.00111666 0.815333 0
vt 0.00194055 0.792458 0
vt 0.851008 0.746055 0
vt 0.850173 0.769232 0
vt 0.836856 0.768223 0
vt 0.837702 0.744717 0
vt 0.823438 0.767519 0
vt 0.824293 0.743793 0
vt 0.784015 0.745944 0
vt 0.783151 0.76992 0
vt 0.769276 0.769119 0
vt 0.770149 0.744888 0
vt 0.755165 0.768288 0
vt 0.756047 0.743792 0
vt 0.0133006 0.841412 0
vt 0.000504343 0.840751 0
vt 0.849553 0.794987 0
vt 0.836226 0.794342 0
vt 0.822803 0.793885 0
vt 0.782509 0.796563 0
vt 0.768628 0.796045 0
vt 0.754509 0.795508 0
vt 0.0129291 0.867998 0
vt 0.000127327 0.867736 0
vt 0.849171 0.82233 0
vt 0.835839 0.822071 0
vt 0.822412 0.821876 0
vt 0.782114 0.824848 0
vt 0.768228 0.82463 0
vt 0.754106 0.824406 0
vt 0.165598 0.635769 0
vt 0.279274 0.628398 0
vt 0.278532 0.652059 0
vt 0.164915 0.657537 0
vt 0.498346 0.290983 0
vt 0.500563 0.298294 0
vt 0.471184 0.304138 0
vt 0.470435 0.296534 0
vt 0.58423 0.0836388 0
vt 0.590968 0.0800372 0
vt 0.602432 0.107712 0
vt 0.59512 0.10993 0
vt 0.343993 0.0599774 0
vt 0.338087 0.0551304 0
vt 0.359269 0.0339491 0
vt 0.364115 0.0398551 0
vt 0.387776 0.280092 0
vt 0.384175 0.286831 0
vt 0.359268 0.270188 0
vt 0.364115 0.264282 0
vt 0.59512 0.194208 0
vt 0.602432 0.196426 0
vt 0.590968 0.224101 0
vt 0.58423 0.220499 0
vt 0.441978 0.00760344 0
vt 0.441229 0 0
vt 0.471184 1.59119e-08 0
vt 0.470435 0.00760347 0
vt 0.317293 0.194208 0
vt 0.309982 0.196426 0
vt 0.524637 0.280093 0
vt 0.528238 0.286831 0
vt 0.548298 0.0398553 0
vt 0.553145 0.0339494 0
vt 0.574326 0.0551308 0
vt 0.56842 0.0599777 0
vt 0.328183 0.0836387 0
vt 0.321445 0.0800371 0
vt 0.414068 0.290983 0
vt 0.41185 0.298294 0
vt 0.600672 0.166297 0
vt 0.608275 0.167046 0
vt 0.414068 0.0131551 0
vt 0.41185 0.00584383 0
vt 0.328183 0.220499 0
vt 0.321445 0.2241 0
vt 0.548298 0.264283 0
vt 0.553145 0.270189 0
vt 0.524637 0.0240453 0
vt 0.528238 0.0173073 0
vt 0.317293 0.10993 0
vt 0.309982 0.107712 0
vt 0.441978 0.296534 0
vt 0.441229 0.304138 0
vt 0.600672 0.13784 0
vt 0.608275 0.137091 0
vt 0.387777 0.0240451 0
vt 0.384175 0.017307 0
vt 0.343993 0.24416 0
vt 0.338087 0.249007 0
vt 0.56842 0.24416 0
vt 0.574326 0.249007 0
vt 0.498346 0.0131552 0
vt 0.500564 0.00584398 0
vt 0.319263 0.649329 0
vt 0.333808 0.627562 0
vt 0.35232 0.60905 0
vt 0.374087 0.594506 0
vt 0.398273 0.584488 0
vt 0.42395 0.57938 0
vt 0.450129 0.57938 0
vt 0.475805 0.584488 0
vt 0.499992 0.594506 0
vt 0.521759 0.609051 0
vt 0.540271 0.627562 0
vt 0.554815 0.649329 0
vt 0.564834 0.673516 0
vt 0.569941 0.699192 0
vt 0.569941 0.725372 0
vt 0.564834 0.751048 0
vt 0.554815 0.775235 0
vt 0.540271 0.797002 0
vt 0.521759 0.815513 0
vt 0.499992 0.830058 0
vt 0.475805 0.840076 0
vt 0.450129 0.845184 0
vt 0.42395 0.845184 0
vt 0.398273 0.840076 0
vt 0.374087 0.830058 0
vt 0.352319 0.815513 0
vt 0.333808 0.797002 0
vt 0.319263 0.775234 0
vt 0.309245 0.751048 0
vt 0.304138 0.725372 0
vt 0.304138 0.699192 0
vt 0.309245 0.673516 0
vt 0.580091 0.782131 0
vt 0.693708 0.776654 0
vt 0.693197 0.802945 0
vt 0.57962 0.806318 0
vt 0.166467 0.617258 0
vt 0.28022 0.608276 0
vt 0.580774 0.760364 0
vt 0.694451 0.752992 0
vt 0.77319 0.155044 0
vt 0.886807 0.160521 0
vt 0.88755 0.184183 0
vt 0.773873 0.176811 0
vt 0.744769 0.377585 0
vt 0.858346 0.374212 0
vt 0.858085 0.402123 0
vt 0.74453 0.403262 0
vt 0.745923 0.501071 0
vt 0.8596 0.508443 0
vt 0.860545 0.528565 0
vt 0.746793 0.519583 0
vt 0.772719 0.130857 0
vt 0.886296 0.13423 0
vt 0.74524 0.353399 0
vt 0.858857 0.347921 0
vt 0.74524 0.479304 0
vt 0.858857 0.484781 0
vt 0.772479 0.105181 0
vt 0.886035 0.10632 0
vt 0.745923 0.331632 0
vt 0.8596 0.32426 0
vt 0.744769 0.455117 0
vt 0.858346 0.45849 0
vt 0.772479 0.0790017 0
vt 0.886035 0.0778628 0
vt 0.746793 0.31312 0
vt 0.860545 0.304138 0
vt 0.744529 0.429441 0
vt 0.858085 0.43058 0
vt 0.772719 0.0533254 0
vt 0.886296 0.0499524 0
vt 0.165598 0.805209 0
vt 0.279274 0.812581 0
vt 0.28022 0.832703 0
vt 0.166467 0.823721 0
vt 0.77319 0.0291388 0
vt 0.886807 0.0236613 0
vt 0.164915 0.783442 0
vt 0.278532 0.788919 0
vt 0.773873 0.00737149 0
vt 0.88755 0 0
vt 0.164444 0.759255 0
vt 0.27802 0.762628 0
vt 0.580091 0.908036 0
vt 0.693708 0.913514 0
vt 0.694451 0.937175 0
vt 0.580774 0.929804 0
vt 0.164204 0.733579 0
vt 0.277759 0.734718 0
vt 0.57962 0.88385 0
vt 0.693197 0.887223 0
vt 0.164204 0.7074 0
vt 0.277759 0.706261 0
vt 0.57938 0.858173 0
vt 0.692936 0.859312 0
vt 0.164444 0.681723 0
vt 0.27802 0.67835 0
vt 0.57938 0.831994 0
vt 0.692936 0.830855 0
vt 0.97548 0.386174 0
vt 0.975341 0.416129 0
vt 0.957265 0.416045 0
vt 0.957404 0.38609 0
vt 0.97589 0.356796 0
vt 0.957814 0.356713 0
vt 0.976557 0.329124 0
vt 0.958481 0.329041 0
vt 0.977454 0.304221 0
vt 0.959378 0.304138 0
vt 0.975611 0.190157 0
vt 0.976508 0.21506 0
vt 0.958431 0.215144 0
vt 0.957534 0.190241 0
vt 0.974944 0.162485 0
vt 0.956868 0.162569 0
vt 0.974534 0.133108 0
vt 0.956457 0.133191 0
vt 0.974395 0.103153 0
vt 0.956319 0.103237 0
vt 0.974534 0.0737727 0
vt 0.956457 0.0738563 0
vt 0.974944 0.0460957 0
vt 0.956868 0.0461794 0
vt 0.975611 0.0211857 0
vt 0.957534 0.0212694 0
vt 0.976508 0 0
vt 0.958431 8.36249e-05 0
vt 0.956368 0.494295 0
vt 0.957265 0.519198 0
vt 0.939189 0.519282 0
vt 0.938292 0.494379 0
vt 0.955701 0.466623 0
vt 0.937625 0.466707 0
vt 0.955291 0.437246 0
vt 0.937215 0.437329 0
vt 0.955152 0.407291 0
vt 0.937076 0.407375 0
vt 0.955291 0.377911 0
vt 0.937215 0.377994 0
vt 0.955701 0.350234 0
vt 0.937625 0.350317 0
vt 0.956368 0.325324 0
vt 0.938292 0.325407 0
vt 0.957265 0.304138 0
vt 0.939189 0.304221 0
vt 0.976557 0.71324 0
vt 0.977454 0.734426 0
vt 0.959378 0.734342 0
vt 0.958481 0.713156 0
vt 0.97589 0.68833 0
vt 0.957814 0.688246 0
vt 0.97548 0.660653 0
vt 0.957404 0.660569 0
vt 0.975341 0.631273 0
vt 0.957265 0.631189 0
vt 0.97548 0.601318 0
vt 0.957404 0.601234 0
vt 0.97589 0.57194 0
vt 0.957814 0.571856 0
vt 0.976557 0.544268 0
vt 0.958481 0.544184 0
vt 0.977454 0.519365 0
vt 0.959378 0.519282 0
vt 0.976557 0.498096 0
vt 0.977454 0.519282 0
vt 0.959378 0.519198 0
vt 0.958481 0.498012 0
vt 0.97589 0.473186 0
vt 0.957814 0.473102 0
vt 0.10993 0.0131551 0
vt 0.107712 0.00584385 0
vt 0.137092 0 0
vt 0.137841 0.00760345 0
vt 0.97548 0.445509 0
vt 0.957404 0.445425 0
vt 0.194208 0.59512 0
vt 0.196426 0.602432 0
vt 0.167046 0.608276 0
vt 0.166298 0.600672 0
vt 0.955152 0.631273 0
vt 0.955291 0.660653 0
vt 0.937215 0.660569 0
vt 0.937076 0.631189 0
vt 0.934963 0.63144 0
vt 0.935102 0.66082 0
vt 0.917026 0.660736 0
vt 0.916887 0.631356 0
vt 0.898949 0.660653 0
vt 0.898811 0.631272 0
vt 0.781902 0.640639 0
vt 0.78204 0.67002 0
vt 0.763964 0.669936 0
vt 0.763826 0.640556 0
vt 0.745888 0.669852 0
vt 0.745749 0.640472 0
vt 0.955701 0.68833 0
vt 0.937625 0.688246 0
vt 0.935512 0.688497 0
vt 0.917436 0.688413 0
vt 0.89936 0.68833 0
vt 0.782451 0.697697 0
vt 0.764375 0.697613 0
vt 0.746298 0.697529 0
vt 0.956368 0.71324 0
vt 0.938292 0.713156 0
vt 0.936179 0.713407 0
vt 0.918103 0.713323 0
vt 0.900026 0.71324 0
vt 0.783117 0.722607 0
vt 0.765041 0.722523 0
vt 0.746965 0.722439 0
vt 0.957265 0.734425 0
vt 0.939189 0.734342 0
vt 0.937076 0.734593 0
vt 0.919 0.734509 0
vt 0.900923 0.734425 0
vt 0.784015 0.743792 0
vt 0.765938 0.743709 0
vt 0.747862 0.743625 0
vt 0.968359 0.734676 0
vt 0.967462 0.759579 0
vt 0.949386 0.759495 0
vt 0.950283 0.734593 0
vt 0.925815 0.000167266 0
vt 0.924918 0.02507 0
vt 0.906842 0.0249864 0
vt 0.907739 8.36329e-05 0
vt 0.888765 0.0249027 0
vt 0.889662 0 0
vt 0.860545 0.528732 0
vt 0.859648 0.553635 0
vt 0.841572 0.553551 0
vt 0.842469 0.528649 0
vt 0.823496 0.553468 0
vt 0.824393 0.528565 0
vt 0.966796 0.787251 0
vt 0.94872 0.787167 0
vt 0.924252 0.052742 0
vt 0.906175 0.0526584 0
vt 0.888099 0.0525747 0
vt 0.858982 0.581307 0
vt 0.840905 0.581223 0
vt 0.822829 0.58114 0
vt 0.966385 0.816629 0
vt 0.948309 0.816545 0
vt 0.923841 0.0821198 0
vt 0.905765 0.0820362 0
vt 0.887688 0.0819525 0
vt 0.858571 0.610685 0
vt 0.840495 0.610601 0
vt 0.822419 0.610518 0
vt 0.966247 0.846584 0
vt 0.948171 0.8465 0
vt 0.923703 0.112074 0
vt 0.905626 0.111991 0
vt 0.88755 0.111907 0
vt 0.858433 0.640639 0
vt 0.840356 0.640556 0
vt 0.82228 0.640472 0
vt 0.966385 0.875964 0
vt 0.948309 0.87588 0
vt 0.923841 0.141455 0
vt 0.905765 0.141371 0
vt 0.887688 0.141288 0
vt 0.858571 0.67002 0
vt 0.840495 0.669936 0
vt 0.822419 0.669852 0
vt 0.966796 0.903641 0
vt 0.94872 0.903557 0
vt 0.924252 0.169132 0
vt 0.906175 0.169048 0
vt 0.888099 0.168964 0
vt 0.858982 0.697697 0
vt 0.840905 0.697613 0
vt 0.822829 0.697529 0
vt 0.967462 0.928551 0
vt 0.949386 0.928467 0
vt 0.924918 0.194042 0
vt 0.906842 0.193958 0
vt 0.888765 0.193874 0
vt 0.859648 0.722607 0
vt 0.841572 0.722523 0
vt 0.823496 0.722439 0
vt 0.968359 0.949737 0
vt 0.950283 0.949653 0
vt 0.925815 0.215228 0
vt 0.907739 0.215144 0
vt 0.889662 0.21506 0
vt 0.860545 0.743793 0
vt 0.842469 0.743709 0
vt 0.824393 0.743625 0
vt 0.94817 0.734593 0
vt 0.947273 0.755778 0
vt 0.929197 0.755862 0
vt 0.930094 0.734676 0
vt 0.898811 0.519365 0
vt 0.897914 0.540551 0
vt 0.879837 0.540635 0
vt 0.880734 0.519449 0
vt 0.861761 0.540718 0
vt 0.862658 0.519533 0
vt 0.898811 0.304138 0
vt 0.897914 0.325324 0
vt 0.879837 0.325407 0
vt 0.880734 0.304221 0
vt 0.861761 0.325491 0
vt 0.862658 0.304305 0
vt 0.946607 0.780688 0
vt 0.928531 0.780772 0
vt 0.897247 0.565461 0
vt 0.879171 0.565545 0
vt 0.861094 0.565628 0
vt 0.897247 0.350234 0
vt 0.879171 0.350317 0
vt 0.861094 0.350401 0
vt 0.946196 0.808365 0
vt 0.92812 0.808449 0
vt 0.896837 0.593138 0
vt 0.87876 0.593222 0
vt 0.860684 0.593305 0
vt 0.896837 0.37791 0
vt 0.87876 0.377994 0
vt 0.860684 0.378078 0
vt 0.946058 0.837746 0
vt 0.927981 0.837829 0
vt 0.896698 0.622518 0
vt 0.878622 0.622602 0
vt 0.860545 0.622686 0
vt 0.896698 0.407291 0
vt 0.878622 0.407375 0
vt 0.860545 0.407458 0
vt 0.946196 0.8677 0
vt 0.92812 0.867784 0
vt 0.896837 0.652473 0
vt 0.87876 0.652557 0
vt 0.860684 0.65264 0
vt 0.896837 0.437245 0
vt 0.87876 0.437329 0
vt 0.860684 0.437413 0
vt 0.946607 0.897078 0
vt 0.928531 0.897162 0
vt 0.897247 0.681851 0
vt 0.879171 0.681934 0
vt 0.861094 0.682018 0
vt 0.897247 0.466623 0
vt 0.879171 0.466707 0
vt 0.861094 0.466791 0
vt 0.947273 0.92475 0
vt 0.929197 0.924834 0
vt 0.897914 0.709523 0
vt 0.879837 0.709607 0
vt 0.861761 0.70969 0
vt 0.897914 0.494295 0
vt 0.879837 0.494379 0
vt 0.861761 0.494463 0
vt 0.94817 0.949653 0
vt 0.930094 0.949737 0
vt 0.898811 0.734426 0
vt 0.880734 0.734509 0
vt 0.862658 0.734593 0
vt 0.898811 0.519198 0
vt 0.880734 0.519282 0
vt 0.862658 0.519365 0
vt 0.300409 0.608276 0
vt 0.299512 0.629461 0
vt 0.281435 0.629545 0
vt 0.282332 0.608359 0
vt 0.937076 0.304138 0
vt 0.936179 0.325324 0
vt 0.918103 0.325407 0
vt 0.919 0.304221 0
vt 0.900026 0.325491 0
vt 0.900923 0.304305 0
vt 0.82228 0.528565 0
vt 0.821383 0.549751 0
vt 0.803307 0.549834 0
vt 0.804204 0.528649 0
vt 0.78523 0.549918 0
vt 0.786127 0.528732 0
vt 0.298845 0.654371 0
vt 0.280769 0.654455 0
vt 0.935512 0.350234 0
vt 0.917436 0.350317 0
vt 0.89936 0.350401 0
vt 0.820716 0.574661 0
vt 0.80264 0.574744 0
vt 0.784564 0.574828 0
vt 0.298435 0.682048 0
vt 0.280358 0.682132 0
vt 0.935102 0.37791 0
vt 0.917026 0.377994 0
vt 0.898949 0.378078 0
vt 0.820306 0.602338 0
vt 0.80223 0.602421 0
vt 0.784153 0.602505 0
vt 0.298296 0.711429 0
vt 0.28022 0.711512 0
vt 0.934963 0.407291 0
vt 0.916887 0.407374 0
vt 0.898811 0.407458 0
vt 0.820167 0.631718 0
vt 0.802091 0.631802 0
vt 0.784015 0.631885 0
vt 0.298435 0.741383 0
vt 0.280358 0.741467 0
vt 0.935102 0.437245 0
vt 0.917026 0.437329 0
vt 0.898949 0.437413 0
vt 0.820306 0.661673 0
vt 0.80223 0.661756 0
vt 0.784153 0.66184 0
vt 0.298845 0.770761 0
vt 0.280769 0.770845 0
vt 0.935512 0.466623 0
vt 0.917436 0.466707 0
vt 0.89936 0.46679 0
vt 0.820716 0.69105 0
vt 0.80264 0.691134 0
vt 0.784564 0.691218 0
vt 0.299512 0.798433 0
vt 0.281435 0.798517 0
vt 0.936179 0.494295 0
vt 0.918103 0.494379 0
vt 0.900026 0.494462 0
vt 0.821383 0.718722 0
vt 0.803307 0.718806 0
vt 0.78523 0.71889 0
vt 0.300409 0.823336 0
vt 0.282332 0.823419 0
vt 0.937076 0.519198 0
vt 0.919 0.519282 0
vt 0.900923 0.519365 0
vt 0.82228 0.743625 0
vt 0.804204 0.743709 0
vt 0.786127 0.743792 0
vt 0.957265 0.519365 0
vt 0.956368 0.544268 0
vt 0.938292 0.544185 0
vt 0.939189 0.519282 0
vt 0.937076 0.519533 0
vt 0.936179 0.544435 0
vt 0.918103 0.544352 0
vt 0.919 0.519449 0
vt 0.900026 0.544268 0
vt 0.900923 0.519365 0
vt 0.784015 0.528732 0
vt 0.783118 0.553635 0
vt 0.765041 0.553551 0
vt 0.765938 0.528649 0
vt 0.746965 0.553468 0
vt 0.747862 0.528565 0
vt 0.955701 0.57194 0
vt 0.937625 0.571856 0
vt 0.935512 0.572107 0
vt 0.917436 0.572024 0
vt 0.89936 0.57194 0
vt 0.782451 0.581307 0
vt 0.764375 0.581223 0
vt 0.746298 0.58114 0
vt 0.955291 0.601318 0
vt 0.937215 0.601234 0
vt 0.935102 0.601485 0
vt 0.917026 0.601402 0
vt 0.898949 0.601318 0
vt 0.782041 0.610685 0
vt 0.763964 0.610601 0
vt 0.745888 0.610518 0
vt 0.0240452 0.220499 0
vt 0.0173071 0.2241 0
vt 0.00584385 0.196426 0
vt 0.0131551 0.194208 0
vt 0.24416 0.264283 0
vt 0.249007 0.270189 0
vt 0.2241 0.286831 0
vt 0.220499 0.280093 0
vt 0.220499 0.0240454 0
vt 0.224101 0.0173073 0
vt 0.249007 0.0339494 0
vt 0.24416 0.0398554 0
vt 0.0131553 0.10993 0
vt 0.00584401 0.107712 0
vt 0.0173073 0.080037 0
vt 0.0240454 0.0836386 0
vt 0.13784 0.296534 0
vt 0.137091 0.304138 0
vt 0.107712 0.298294 0
vt 0.10993 0.290983 0
vt 0.296534 0.13784 0
vt 0.304138 0.137091 0
vt 0.304138 0.167046 0
vt 0.296534 0.166298 0
vt 0.083639 0.0240451 0
vt 0.0800375 0.017307 0
vt 0.0398551 0.24416 0
vt 0.0339491 0.249007 0
vt 0.264282 0.24416 0
vt 0.270188 0.249007 0
vt 0.194208 0.0131553 0
vt 0.196426 0.00584401 0
vt 0.00760348 0.13784 0
vt 3.18238e-08 0.137091 0
vt 0.166297 0.296534 0
vt 0.167046 0.304138 0
vt 0.290983 0.10993 0
vt 0.298294 0.107712 0
vt 0.0599777 0.0398551 0
vt 0.0551308 0.0339491 0
vt 0.0599774 0.264282 0
vt 0.0551305 0.270188 0
vt 0.280092 0.220499 0
vt 0.286831 0.224101 0
vt 0.166298 0.00760348 0
vt 0.167047 3.18238e-08 0
vt 0.00760345 0.166297 0
vt 0 0.167046 0
vt 0.194208 0.290983 0
vt 0.196426 0.298294 0
vt 0.280092 0.0836389 0
vt 0.286831 0.0800373 0
vt 0.0398554 0.0599773 0
vt 0.0339494 0.0551304 0
vt 0.0836387 0.280092 0
vt 0.0800371 0.28683 0
vt 0.290983 0.194208 0
vt 0.298294 0.196426 0
vt 0.270189 0.0551308 0
vt 0.264283 0.0599777 0
vt 0.00760345 0.470435 0
vt 1.59119e-08 0.471184 0
vt 0 0.441229 0
vt 0.00760345 0.441978 0
vt 0.166297 0.311741 0
vt 0.167046 0.304138 0
vt 0.196426 0.309982 0
vt 0.194208 0.317293 0
vt 0.290983 0.498346 0
vt 0.298294 0.500564 0
vt 0.286831 0.528238 0
vt 0.280092 0.524637 0
vt 0.0599776 0.56842 0
vt 0.0551307 0.574326 0
vt 0.0339493 0.553145 0
vt 0.0398553 0.548298 0
vt 0.0599775 0.343993 0
vt 0.0551305 0.338087 0
vt 0.0800372 0.321445 0
vt 0.0836388 0.328183 0
vt 0.280093 0.387777 0
vt 0.286831 0.384175 0
vt 0.298294 0.41185 0
vt 0.290983 0.414068 0
vt 0.137092 0.608276 0
vt 0.13784 0.600672 0
vt 0.00584388 0.41185 0
vt 0.0131551 0.414068 0
vt 0.2241 0.321445 0
vt 0.220499 0.328183 0
vt 0.270188 0.553145 0
vt 0.264282 0.548298 0
vt 0.0173073 0.528238 0
vt 0.0240453 0.524637 0
vt 0.107712 0.309982 0
vt 0.10993 0.317293 0
vt 0.304138 0.441229 0
vt 0.296534 0.441978 0
vt 0.107712 0.602432 0
vt 0.10993 0.59512 0
vt 0.0173071 0.384175 0
vt 0.0240452 0.387777 0
vt 0.249007 0.338087 0
vt 0.24416 0.343993 0
vt 0.249007 0.574326 0
vt 0.24416 0.56842 0
vt 0.00584394 0.500564 0
vt 0.0131552 0.498346 0
vt 0.137091 0.304138 0
vt 0.13784 0.311741 0
vt 0.304138 0.471184 0
vt 0.296534 0.470435 0
vt 0.0800374 0.590968 0
vt 0.0836389 0.58423 0
vt 0.0339492 0.359268 0
vt 0.0398552 0.364115 0
vt 0.270189 0.359268 0
vt 0.264283 0.364115 0
vt 0.220499 0.58423 0
vt 0.224101 0.590968 0
vt 0.581068 0.709209 0
vt 0.58158 0.682918 0
vt 0.744269 0.682918 0
vt 0.743757 0.709209 0
vt 0.580326 0.73287 0
vt 0.743014 0.73287 0
vt 0.57938 0.752992 0
vt 0.742069 0.752992 0
vt 0.743584 0.508443 0
vt 0.74453 0.528565 0
vt 0.581841 0.528565 0
vt 0.580895 0.508443 0
vt 0.742842 0.484782 0
vt 0.580153 0.484782 0
vt 0.74233 0.45849 0
vt 0.579641 0.45849 0
vt 0.742069 0.43058 0
vt 0.57938 0.43058 0
vt 0.742069 0.402123 0
vt 0.57938 0.402123 0
vt 0.74233 0.374212 0
vt 0.579641 0.374212 0
vt 0.742842 0.347921 0
vt 0.580153 0.347921 0
vt 0.743584 0.32426 0
vt 0.580895 0.32426 0
vt 0.74453 0.304138 0
vt 0.581841 0.304138 0
vt 0.609018 0.0236613 0
vt 0.608275 1.59119e-08 0
vt 0.770964 0 0
vt 0.771707 0.0236613 0
vt 0.60953 0.0499524 0
vt 0.772219 0.0499523 0
vt 0.609791 0.0778628 0
vt 0.772479 0.0778628 0
vt 0.609791 0.10632 0
vt 0.772479 0.10632 0
vt 0.60953 0.13423 0
vt 0.772219 0.13423 0
vt 0.609018 0.160521 0
vt 0.771707 0.160521 0
vt 0.608275 0.184183 0
vt 0.770964 0.184183 0
vt 0.000742711 0.631937 0
vt 0 0.608276 0
vt 0.162689 0.608276 0
vt 0.163431 0.631937 0
vt 0.00125433 0.658228 0
vt 0.163943 0.658228 0
vt 0.00151511 0.686138 0
vt 0.164204 0.686138 0
vt 0.00151511 0.714596 0
vt 0.164204 0.714596 0
vt 0.00125429 0.742506 0
vt 0.163943 0.742506 0
vt 0.000742727 0.768797 0
vt 0.163431 0.768797 0
vt 2.38678e-08 0.792458 0
vt 0.162689 0.792458 0
vt 0.580326 0.548687 0
vt 0.57938 0.528565 0
vt 0.742069 0.528565 0
vt 0.743014 0.548687 0
vt 0.581068 0.572349 0
vt 0.743757 0.572349 0
vt 0.58158 0.59864 0
vt 0.744269 0.59864 0
vt 0.581841 0.62655 0
vt 0.74453 0.62655 0
vt 0.581841 0.655007 0
vt 0.74453 0.655007 0
vt 0.815425 0.657063 0
vt 0.813251 0.653297 0
vt 0.815525 0.65269 0
vt 0.817092 0.655405 0
vt 0.813251 0.64895 0
vt 0.815525 0.649556 0
vt 0.815425 0.645184 0
vt 0.817092 0.646841 0
vt 0.81919 0.64301 0
vt 0.819807 0.645274 0
vt 0.823538 0.64301 0
vt 0.822941 0.645274 0
vt 0.827303 0.645184 0
vt 0.825655 0.646842 0
vt 0.829477 0.64895 0
vt 0.827222 0.649556 0
vt 0.829477 0.653297 0
vt 0.827223 0.65269 0
vt 0.827303 0.657063 0
vt 0.825655 0.655405 0
vt 0.823538 0.659237 0
vt 0.822941 0.656972 0
vt 0.81919 0.659237 0
vt 0.819807 0.656972 0
vt 0.821374 0.651123 0
vt 0.889708 0.479668 0
vt 0.885496 0.479701 0
vt 0.885562 0.473535 0
vt 0.886907 0.473525 0
vt 0.846635 0.825695 0
vt 0.842287 0.825695 0
vt 0.843752 0.820127 0
vt 0.84514 0.820127 0
vt 0.977308 0.339314 0
vt 0.973108 0.339314 0
vt 0.975967 0.333323 0
vt 0.977308 0.333323 0
vt 0.981508 0.339314 0
vt 0.978649 0.333323 0
vt 0.846635 0.831232 0
vt 0.842287 0.831232 0
vt 0.843812 0.825695 0
vt 0.8452 0.825695 0
vt 0.873994 0.479699 0
vt 0.869806 0.479663 0
vt 0.872713 0.473524 0
vt 0.87405 0.473535 0
vt 0.878205 0.479666 0
vt 0.875395 0.473524 0
vt 0.389036 0.855652 0
vt 0.384688 0.855652 0
vt 0.386182 0.850174 0
vt 0.38757 0.850174 0
vt 0.991856 0.327332 0
vt 0.996056 0.327332 0
vt 0.993197 0.333323 0
vt 0.991856 0.333323 0
vt 0.987657 0.327332 0
vt 0.990516 0.333323 0
vt 0.336554 0.84672 0
vt 0.340902 0.84672 0
vt 0.339467 0.852228 0
vt 0.338079 0.852228 0
vt 0.881309 0.479665 0
vt 0.884226 0.473524 0
vt 0.889708 0.684151 0
vt 0.885496 0.684185 0
vt 0.885496 0.643288 0
vt 0.889708 0.643255 0
vt 0.892818 0.684057 0
vt 0.892818 0.64316 0
vt 0.977308 0.543897 0
vt 0.973108 0.543897 0
vt 0.973108 0.50298 0
vt 0.977308 0.50298 0
vt 0.981508 0.543897 0
vt 0.981508 0.50298 0
vt 0.984582 0.543897 0
vt 0.984582 0.50298 0
vt 0.873994 0.684185 0
vt 0.869806 0.684149 0
vt 0.869806 0.643252 0
vt 0.873994 0.643288 0
vt 0.878205 0.684151 0
vt 0.878205 0.643254 0
vt 0.881309 0.684057 0
vt 0.881309 0.64316 0
vt 0.991856 0.12275 0
vt 0.996056 0.12275 0
vt 0.996056 0.163666 0
vt 0.991856 0.163666 0
vt 0.987657 0.12275 0
vt 0.987657 0.163666 0
vt 0.984582 0.12275 0
vt 0.984582 0.163666 0
vt 0.881309 0.684148 0
vt 0.881309 0.643251 0
vt 0.889708 0.520564 0
vt 0.885496 0.520598 0
vt 0.889708 0.561461 0
vt 0.885496 0.561495 0
vt 0.889708 0.602358 0
vt 0.885496 0.602391 0
vt 0.885496 0.765978 0
vt 0.889708 0.765944 0
vt 0.889708 0.806841 0
vt 0.885496 0.806875 0
vt 0.885496 0.725081 0
vt 0.889708 0.725048 0
vt 0.892818 0.52047 0
vt 0.892818 0.479573 0
vt 0.892818 0.561366 0
vt 0.892818 0.602263 0
vt 0.892818 0.76585 0
vt 0.892818 0.806747 0
vt 0.892818 0.724953 0
vt 0.977308 0.380231 0
vt 0.973108 0.380231 0
vt 0.977308 0.421147 0
vt 0.973108 0.421147 0
vt 0.977308 0.462064 0
vt 0.973108 0.462064 0
vt 0.973108 0.62573 0
vt 0.977308 0.62573 0
vt 0.977308 0.666646 0
vt 0.973108 0.666646 0
vt 0.973108 0.584813 0
vt 0.977308 0.584813 0
vt 0.981508 0.380231 0
vt 0.981508 0.421147 0
vt 0.981508 0.462064 0
vt 0.981508 0.62573 0
vt 0.981508 0.666646 0
vt 0.981508 0.584813 0
vt 0.984582 0.380231 0
vt 0.984582 0.339314 0
vt 0.984582 0.421147 0
vt 0.984582 0.462064 0
vt 0.984582 0.62573 0
vt 0.984582 0.666646 0
vt 0.984582 0.584813 0
vt 0.873994 0.520596 0
vt 0.869806 0.520561 0
vt 0.873994 0.561494 0
vt 0.869806 0.561458 0
vt 0.873994 0.602391 0
vt 0.869806 0.602355 0
vt 0.869806 0.765943 0
vt 0.873994 0.765979 0
vt 0.873994 0.806876 0
vt 0.869806 0.80684 0
vt 0.869806 0.725046 0
vt 0.873994 0.725082 0
vt 0.878205 0.520563 0
vt 0.878205 0.56146 0
vt 0.878205 0.602357 0
vt 0.878205 0.765945 0
vt 0.878205 0.806843 0
vt 0.878205 0.725048 0
vt 0.881309 0.520469 0
vt 0.881309 0.479572 0
vt 0.881309 0.561366 0
vt 0.881309 0.602263 0
vt 0.881309 0.765852 0
vt 0.881309 0.806749 0
vt 0.881309 0.724954 0
vt 0.991856 0.286416 0
vt 0.996056 0.286416 0
vt 0.991856 0.245499 0
vt 0.996056 0.245499 0
vt 0.991856 0.204583 0
vt 0.996056 0.204583 0
vt 0.996056 0.0409166 0
vt 0.991856 0.0409165 0
vt 0.991856 0 0
vt 0.996056 6.67589e-08 0
vt 0.996056 0.0818331 0
vt 0.991856 0.081833 0
vt 0.987657 0.286416 0
vt 0.987657 0.245499 0
vt 0.987657 0.204583 0
vt 0.987657 0.0409166 0
vt 0.987657 6.67589e-08 0
vt 0.987657 0.0818331 0
vt 0.984582 0.286416 0
vt 0.984582 0.327332 0
vt 0.984582 0.245499 0
vt 0.984582 0.204583 0
vt 0.984582 0.0409166 0
vt 0.984582 1.00138e-07 0
vt 0.984582 0.0818331 0
vt 0.881309 0.520561 0
vt 0.881309 0.561458 0
vt 0.881309 0.602355 0
vt 0.881309 0.765941 0
vt 0.881309 0.806838 0
vt 0.881309 0.725045 0
vt 0.341112 0.689746 0
vt 0.339794 0.691485 0
vt 0.338526 0.690805 0
vt 0.340168 0.689614 0
vt 0.861453 0.810105 0
vt 0.863125 0.807934 0
vt 0.863482 0.80864 0
vt 0.86209 0.810447 0
vt 0.860552 0.812212 0
vt 0.859575 0.811987 0
vt 0.860596 0.809645 0
vt 0.860984 0.814624 0
vt 0.860271 0.814624 0
vt 0.861243 0.812402 0
vt 0.338493 0.683809 0
vt 0.340168 0.683773 0
vt 0.636617 0.883963 0
vt 0.634278 0.884906 0
vt 0.634238 0.876062 0
vt 0.636617 0.876062 0
vt 0.109834 0.778674 0
vt 0.109834 0.784646 0
vt 0.108928 0.784646 0
vt 0.108928 0.777961 0
vt 0.341112 0.683776 0
vt 0.638531 0.864794 0
vt 0.638531 0.876062 0
vt 0.636617 0.864794 0
vt 0.634238 0.864794 0
vt 0.631646 0.876062 0
vt 0.631646 0.864794 0
vt 0.340168 0.672511 0
vt 0.341112 0.672514 0
vt 0.109834 0.795914 0
vt 0.108928 0.795914 0
vt 0.341112 0.655282 0
vt 0.340168 0.655408 0
vt 0.338526 0.654287 0
vt 0.339794 0.653622 0
vt 0.2256 0.858327 0
vt 0.225244 0.859034 0
vt 0.22357 0.856859 0
vt 0.224207 0.856517 0
vt 0.222714 0.857322 0
vt 0.221692 0.854978 0
vt 0.222668 0.85475 0
vt 0.223099 0.852338 0
vt 0.223359 0.854561 0
vt 0.222387 0.852337 0
vt 0.338493 0.661285 0
vt 0.340168 0.661249 0
vt 0.634238 0.853526 0
vt 0.634278 0.844682 0
vt 0.636617 0.845625 0
vt 0.636617 0.853526 0
vt 0.109834 0.813153 0
vt 0.108928 0.813866 0
vt 0.108928 0.807181 0
vt 0.109834 0.807181 0
vt 0.341112 0.661252 0
vt 0.638531 0.853526 0
vt 0.631646 0.853526 0
vt 0.859314 0.814621 0
vt 0.631646 0.885241 0
vt 0.22143 0.852343 0
vt 0.631646 0.844347 0
vt 0.329451 0.662089 0
vt 0.328297 0.660245 0
vt 0.329451 0.659523 0
vt 0.622396 0.829973 0
vt 0.621491 0.827847 0
vt 0.622396 0.82692 0
vt 0.864416 0.806639 0
vt 0.864559 0.807548 0
vt 0.638555 0.883062 0
vt 0.338493 0.672547 0
vt 0.438967 0.813439 0
vt 0.437873 0.812669 0
vt 0.438967 0.810883 0
vt 0.438779 0.825166 0
vt 0.437873 0.82424 0
vt 0.438779 0.822112 0
vt 0.226679 0.859422 0
vt 0.226537 0.860333 0
vt 0.638555 0.846526 0
vt 0.528195 0.790799 0
vt 0.527249 0.79093 0
vt 0.525633 0.789738 0
vt 0.526905 0.789059 0
vt 0.861453 0.819135 0
vt 0.86209 0.818793 0
vt 0.863482 0.820593 0
vt 0.863125 0.821297 0
vt 0.860596 0.819588 0
vt 0.859575 0.817253 0
vt 0.860552 0.817034 0
vt 0.861243 0.816844 0
vt 0.527249 0.796771 0
vt 0.5256 0.796734 0
vt 0.626674 0.883963 0
vt 0.626674 0.876062 0
vt 0.629053 0.876062 0
vt 0.629013 0.884906 0
vt 0.74827 0.798923 0
vt 0.749176 0.79821 0
vt 0.749176 0.804895 0
vt 0.74827 0.804895 0
vt 0.528195 0.796768 0
vt 0.62476 0.864794 0
vt 0.626674 0.864794 0
vt 0.62476 0.876062 0
vt 0.629053 0.864794 0
vt 0.528195 0.808031 0
vt 0.527249 0.808033 0
vt 0.749176 0.816163 0
vt 0.74827 0.816163 0
vt 0.528195 0.825262 0
vt 0.526905 0.826923 0
vt 0.525633 0.826256 0
vt 0.527249 0.825137 0
vt 0.2256 0.846374 0
vt 0.224207 0.848171 0
vt 0.22357 0.847829 0
vt 0.225244 0.845671 0
vt 0.222668 0.849928 0
vt 0.221692 0.849712 0
vt 0.222714 0.84738 0
vt 0.223359 0.850119 0
vt 0.5256 0.819259 0
vt 0.527249 0.819296 0
vt 0.629053 0.853526 0
vt 0.626674 0.853526 0
vt 0.626674 0.845625 0
vt 0.629013 0.844682 0
vt 0.74827 0.833403 0
vt 0.74827 0.827431 0
vt 0.749176 0.827431 0
vt 0.749176 0.834116 0
vt 0.528195 0.819293 0
vt 0.62476 0.853526 0
vt 0.623297 0.832489 0
vt 0.622396 0.831558 0
vt 0.623297 0.829436 0
vt 0.32389 0.661673 0
vt 0.322523 0.661673 0
vt 0.322539 0.659534 0
vt 0.864559 0.821676 0
vt 0.864416 0.822579 0
vt 0.624736 0.883062 0
vt 0.5256 0.807997 0
vt 0.438772 0.834329 0
vt 0.437873 0.832207 0
vt 0.438772 0.831276 0
vt 0.320107 0.664611 0
vt 0.319011 0.662871 0
vt 0.320107 0.662091 0
vt 0.226679 0.845295 0
vt 0.226537 0.844393 0
vt 0.624736 0.846526 0
vt 0.338491 0.693225 0
vt 0.339806 0.691485 0
vt 0.341075 0.692166 0
vt 0.339436 0.693356 0
vt 0.745121 0.83352 0
vt 0.746811 0.831358 0
vt 0.747163 0.832062 0
vt 0.745758 0.833862 0
vt 0.744207 0.835621 0
vt 0.743244 0.835402 0
vt 0.744279 0.833067 0
vt 0.744638 0.838031 0
vt 0.743923 0.838031 0
vt 0.744901 0.835811 0
vt 0.341108 0.699162 0
vt 0.339436 0.699197 0
vt 0.219492 0.884009 0
vt 0.217154 0.884952 0
vt 0.217114 0.876108 0
vt 0.219492 0.876108 0
vt 0.749176 0.833403 0
vt 0.749176 0.827431 0
vt 0.750083 0.827431 0
vt 0.750083 0.834116 0
vt 0.338491 0.699194 0
vt 0.221406 0.86484 0
vt 0.221406 0.876108 0
vt 0.219492 0.86484 0
vt 0.217114 0.86484 0
vt 0.214521 0.876108 0
vt 0.214521 0.86484 0
vt 0.339436 0.71046 0
vt 0.338491 0.710457 0
vt 0.749176 0.816163 0
vt 0.750083 0.816163 0
vt 0.338491 0.727688 0
vt 0.339436 0.727563 0
vt 0.341075 0.728684 0
vt 0.339806 0.729349 0
vt 0.84491 0.85405 0
vt 0.844557 0.854753 0
vt 0.842868 0.852594 0
vt 0.843505 0.852252 0
vt 0.842025 0.853044 0
vt 0.840991 0.850711 0
vt 0.841956 0.850496 0
vt 0.842387 0.848085 0
vt 0.842649 0.850305 0
vt 0.841672 0.848086 0
vt 0.341108 0.721686 0
vt 0.339436 0.721722 0
vt 0.217114 0.853572 0
vt 0.217154 0.844728 0
vt 0.219492 0.845671 0
vt 0.219492 0.853572 0
vt 0.749176 0.798923 0
vt 0.750083 0.79821 0
vt 0.750083 0.804895 0
vt 0.338491 0.721719 0
vt 0.221406 0.853572 0
vt 0.214521 0.853572 0
vt 0.742978 0.838034 0
vt 0.214521 0.885287 0
vt 0.840726 0.84808 0
vt 0.214521 0.844393 0
vt 0.33312 0.659523 0
vt 0.33312 0.661694 0
vt 0.331759 0.661694 0
vt 0.834633 0.556652 0
vt 0.833738 0.55452 0
vt 0.834633 0.553597 0
vt 0.748126 0.830076 0
vt 0.748259 0.830979 0
vt 0.22143 0.883108 0
vt 0.341108 0.710424 0
vt 0.438968 0.822112 0
vt 0.437873 0.821341 0
vt 0.438968 0.819559 0
vt 0.834632 0.565817 0
vt 0.833738 0.564892 0
vt 0.834632 0.562762 0
vt 0.846003 0.855129 0
vt 0.84587 0.856031 0
vt 0.22143 0.846572 0
vt 0.621491 0.825179 0
vt 0.622437 0.825048 0
vt 0.624052 0.82624 0
vt 0.622779 0.82692 0
vt 0.745121 0.84255 0
vt 0.745758 0.842208 0
vt 0.747163 0.844015 0
vt 0.746811 0.844721 0
vt 0.744279 0.84301 0
vt 0.743244 0.840668 0
vt 0.744207 0.840443 0
vt 0.744901 0.840253 0
vt 0.622437 0.819207 0
vt 0.624085 0.819244 0
vt 0.20955 0.884009 0
vt 0.20955 0.876108 0
vt 0.211928 0.876108 0
vt 0.211888 0.884952 0
vt 0.530791 0.789771 0
vt 0.531698 0.789059 0
vt 0.531698 0.795744 0
vt 0.530791 0.795744 0
vt 0.621491 0.81921 0
vt 0.207636 0.86484 0
vt 0.20955 0.86484 0
vt 0.207636 0.876108 0
vt 0.211928 0.86484 0
vt 0.621491 0.807947 0
vt 0.622437 0.807945 0
vt 0.531698 0.807011 0
vt 0.530791 0.807011 0
vt 0.621491 0.790716 0
vt 0.622779 0.789056 0
vt 0.624052 0.789722 0
vt 0.622437 0.790842 0
vt 0.84491 0.842097 0
vt 0.843505 0.843906 0
vt 0.842868 0.843564 0
vt 0.844557 0.84139 0
vt 0.841956 0.845673 0
vt 0.840991 0.845446 0
vt 0.842025 0.843101 0
vt 0.842649 0.845863 0
vt 0.624085 0.79672 0
vt 0.622437 0.796683 0
vt 0.211928 0.853572 0
vt 0.20955 0.853572 0
vt 0.20955 0.845671 0
vt 0.211888 0.844728 0
vt 0.530791 0.824251 0
vt 0.530791 0.818279 0
vt 0.531698 0.818279 0
vt 0.531698 0.824964 0
vt 0.621491 0.796685 0
vt 0.207636 0.853572 0
vt 0.62239 0.833029 0
vt 0.621491 0.832109 0
vt 0.62239 0.829973 0
vt 0.326412 0.66167 0
vt 0.325045 0.66167 0
vt 0.325063 0.659534 0
vt 0.748259 0.845107 0
vt 0.748126 0.846016 0
vt 0.207612 0.883108 0
vt 0.624085 0.807982 0
vt 0.438774 0.831276 0
vt 0.437873 0.82914 0
vt 0.438774 0.82822 0
vt 0.623492 0.829436 0
vt 0.622396 0.8277 0
vt 0.623492 0.82692 0
vt 0.846003 0.841002 0
vt 0.84587 0.840091 0
vt 0.207612 0.846572 0
vt 0.341112 0.85494 0
vt 0.341112 0.850592 0
vt 0.343412 0.851202 0
vt 0.343412 0.854336 0
vt 0.343285 0.846826 0
vt 0.344979 0.848487 0
vt 0.347048 0.844652 0
vt 0.347692 0.84692 0
vt 0.351393 0.844652 0
vt 0.350824 0.84692 0
vt 0.355157 0.846825 0
vt 0.353537 0.848486 0
vt 0.357329 0.85059 0
vt 0.355104 0.851201 0
vt 0.357329 0.854938 0
vt 0.355104 0.854335 0
vt 0.355157 0.858704 0
vt 0.353537 0.85705 0
vt 0.351393 0.860878 0
vt 0.350824 0.858617 0
vt 0.347048 0.860878 0
vt 0.347692 0.858618 0
vt 0.343285 0.858705 0
vt 0.344979 0.857051 0
vt 0.349258 0.852769 0
vt 0.964691 0.660684 0
vt 0.968899 0.660688 0
vt 0.968859 0.666658 0
vt 0.967516 0.666657 0
vt 0.846633 0.808948 0
vt 0.842287 0.808948 0
vt 0.843936 0.803336 0
vt 0.845323 0.803336 0
vt 0.988782 0.993978 0
vt 0.992982 0.993978 0
vt 0.990123 0.999969 0
vt 0.988782 0.999969 0
vt 0.984582 0.993978 0
vt 0.987441 0.999969 0
vt 0.520537 0.855851 0
vt 0.516189 0.855851 0
vt 0.51776 0.850502 0
vt 0.519148 0.850502 0
vt 0.980389 0.00595563 0
vt 0.976183 0.00596239 0
vt 0.979013 2.15715e-06 0
vt 0.980356 0 0
vt 0.984582 0.00596269 0
vt 0.981694 2.25311e-06 0
vt 0.511843 0.850502 0
vt 0.516189 0.850502 0
vt 0.514884 0.855936 0
vt 0.513497 0.855936 0
vt 0.954321 0.339314 0
vt 0.950122 0.339314 0
vt 0.952981 0.333323 0
vt 0.954321 0.333323 0
vt 0.958521 0.339314 0
vt 0.955662 0.333323 0
vt 0.846634 0.803336 0
vt 0.842287 0.803336 0
vt 0.84368 0.797643 0
vt 0.845068 0.797643 0
vt 0.973091 0.660684 0
vt 0.970197 0.666657 0
vt 0.964691 0.456102 0
vt 0.968899 0.456106 0
vt 0.968899 0.497023 0
vt 0.964691 0.497019 0
vt 0.961596 0.456092 0
vt 0.961596 0.497008 0
vt 0.988782 0.789396 0
vt 0.992982 0.789396 0
vt 0.992982 0.830312 0
vt 0.988782 0.830312 0
vt 0.984582 0.789396 0
vt 0.984582 0.830312 0
vt 0.976183 0.210541 0
vt 0.973091 0.21056 0
vt 0.973091 0.169644 0
vt 0.976183 0.169625 0
vt 0.980389 0.210534 0
vt 0.980389 0.169619 0
vt 0.984582 0.210541 0
vt 0.984582 0.169626 0
vt 0.950122 0.543896 0
vt 0.947047 0.543896 0
vt 0.947047 0.50298 0
vt 0.950122 0.50298 0
vt 0.954321 0.543896 0
vt 0.954321 0.50298 0
vt 0.958521 0.543896 0
vt 0.958521 0.50298 0
vt 0.961595 0.543896 0
vt 0.961595 0.50298 0
vt 0.973091 0.456102 0
vt 0.973091 0.497019 0
vt 0.964691 0.619767 0
vt 0.968899 0.619771 0
vt 0.964691 0.578851 0
vt 0.968899 0.578855 0
vt 0.964691 0.537935 0
vt 0.968899 0.537939 0
vt 0.968899 0.374274 0
vt 0.964691 0.37427 0
vt 0.964691 0.333354 0
vt 0.968899 0.333358 0
vt 0.968899 0.41519 0
vt 0.964691 0.415186 0
vt 0.961596 0.619757 0
vt 0.961596 0.660673 0
vt 0.961596 0.57884 0
vt 0.961596 0.537924 0
vt 0.961596 0.374259 0
vt 0.961596 0.333343 0
vt 0.961596 0.415175 0
vt 0.988782 0.953062 0
vt 0.992982 0.953062 0
vt 0.988782 0.912145 0
vt 0.992982 0.912145 0
vt 0.988782 0.871229 0
vt 0.992982 0.871229 0
vt 0.992982 0.707563 0
vt 0.988782 0.707563 0
vt 0.988782 0.666646 0
vt 0.992982 0.666646 0
vt 0.992982 0.748479 0
vt 0.988782 0.748479 0
vt 0.984582 0.953062 0
vt 0.984582 0.912145 0
vt 0.984582 0.871229 0
vt 0.984582 0.707563 0
vt 0.984582 0.748479 0
vt 0.976183 0.0468781 0
vt 0.973091 0.0468969 0
vt 0.973091 0.00598111 0
vt 0.976183 0.0877939 0
vt 0.973091 0.0878126 0
vt 0.976183 0.12871 0
vt 0.973091 0.128728 0
vt 0.973091 0.292391 0
vt 0.976183 0.292373 0
vt 0.976183 0.333288 0
vt 0.973091 0.333307 0
vt 0.973091 0.251476 0
vt 0.976183 0.251457 0
vt 0.980389 0.0468714 0
vt 0.980389 0.0877871 0
vt 0.980389 0.128703 0
vt 0.980389 0.292366 0
vt 0.980389 0.333282 0
vt 0.980389 0.25145 0
vt 0.984582 0.0468784 0
vt 0.984582 0.0877942 0
vt 0.984582 0.12871 0
vt 0.984582 0.292373 0
vt 0.984582 0.333289 0
vt 0.984582 0.251457 0
vt 0.950122 0.38023 0
vt 0.947047 0.38023 0
vt 0.947047 0.339314 0
vt 0.950122 0.421147 0
vt 0.947047 0.421147 0
vt 0.950122 0.462063 0
vt 0.947047 0.462063 0
vt 0.947047 0.62573 0
vt 0.950122 0.62573 0
vt 0.950122 0.666646 0
vt 0.947047 0.666646 0
vt 0.947047 0.584813 0
vt 0.950122 0.584813 0
vt 0.954321 0.38023 0
vt 0.954321 0.421147 0
vt 0.954321 0.462063 0
vt 0.954321 0.62573 0
vt 0.954321 0.666646 0
vt 0.954321 0.584813 0
vt 0.958521 0.38023 0
vt 0.958521 0.421147 0
vt 0.958521 0.462063 0
vt 0.958521 0.62573 0
vt 0.958521 0.666646 0
vt 0.958521 0.584813 0
vt 0.961595 0.38023 0
vt 0.961595 0.339314 0
vt 0.961595 0.421147 0
vt 0.961595 0.462063 0
vt 0.961595 0.62573 0
vt 0.961595 0.666646 0
vt 0.961595 0.584813 0
vt 0.973091 0.619767 0
vt 0.973091 0.578851 0
vt 0.973091 0.537935 0
vt 0.973091 0.37427 0
vt 0.973091 0.333354 0
vt 0.973091 0.415186 0
vt 0.338488 0.765534 0
vt 0.337176 0.767231 0
vt 0.335907 0.766558 0
vt 0.337543 0.765406 0
vt 0.527743 0.830467 0
vt 0.529437 0.828263 0
vt 0.529788 0.828977 0
vt 0.52838 0.83081 0
vt 0.526827 0.832596 0
vt 0.525866 0.832344 0
vt 0.526904 0.829978 0
vt 0.527257 0.835009 0
vt 0.526542 0.835014 0
vt 0.527521 0.832783 0
vt 0.335874 0.759558 0
vt 0.337543 0.759563 0
vt 0.181913 0.845671 0
vt 0.184251 0.844728 0
vt 0.184291 0.853572 0
vt 0.181913 0.853572 0
vt 0.43767 0.803296 0
vt 0.43767 0.797324 0
vt 0.438576 0.797324 0
vt 0.438576 0.804009 0
vt 0.338488 0.759562 0
vt 0.179998 0.86484 0
vt 0.179998 0.853572 0
vt 0.181913 0.86484 0
vt 0.184291 0.86484 0
vt 0.186884 0.853572 0
vt 0.186884 0.86484 0
vt 0.337543 0.748295 0
vt 0.338488 0.748295 0
vt 0.43767 0.786056 0
vt 0.438576 0.786056 0
vt 0.338488 0.731055 0
vt 0.337543 0.731184 0
vt 0.335907 0.730023 0
vt 0.337176 0.729349 0
vt 0.487777 0.863706 0
vt 0.487419 0.86442 0
vt 0.485753 0.862214 0
vt 0.48639 0.861872 0
vt 0.484891 0.862703 0
vt 0.483874 0.860336 0
vt 0.484855 0.860084 0
vt 0.485288 0.857671 0
vt 0.485546 0.859898 0
vt 0.484576 0.857666 0
vt 0.335874 0.737023 0
vt 0.337543 0.737027 0
vt 0.184291 0.876108 0
vt 0.184251 0.884952 0
vt 0.181913 0.884009 0
vt 0.181913 0.876108 0
vt 0.43767 0.768816 0
vt 0.438576 0.768103 0
vt 0.438576 0.774788 0
vt 0.43767 0.774788 0
vt 0.338488 0.737027 0
vt 0.179998 0.876108 0
vt 0.186884 0.876108 0
vt 0.5256 0.834986 0
vt 0.186884 0.844393 0
vt 0.483614 0.857694 0
vt 0.186884 0.885287 0
vt 0.32778 0.664223 0
vt 0.326658 0.662422 0
vt 0.32778 0.66167 0
vt 0.438788 0.810883 0
vt 0.437873 0.808731 0
vt 0.438788 0.807824 0
vt 0.530756 0.826923 0
vt 0.530887 0.827851 0
vt 0.179975 0.846572 0
vt 0.335874 0.748291 0
vt 0.321268 0.662091 0
vt 0.320139 0.661345 0
vt 0.321268 0.659538 0
vt 0.335003 0.76745 0
vt 0.334079 0.766532 0
vt 0.335003 0.764394 0
vt 0.488848 0.864834 0
vt 0.488702 0.865762 0
vt 0.179975 0.883108 0
vt 0.742997 0.762022 0
vt 0.742052 0.76215 0
vt 0.740418 0.761001 0
vt 0.741687 0.760329 0
vt 0.527743 0.839493 0
vt 0.52838 0.839152 0
vt 0.529788 0.840925 0
vt 0.529437 0.841619 0
vt 0.526904 0.839916 0
vt 0.525866 0.837608 0
vt 0.526827 0.837416 0
vt 0.527521 0.837223 0
vt 0.742052 0.767994 0
vt 0.740384 0.768001 0
vt 0.191855 0.845671 0
vt 0.191855 0.853572 0
vt 0.189476 0.853572 0
vt 0.189517 0.844728 0
vt 0.336678 0.767944 0
vt 0.337585 0.767231 0
vt 0.337585 0.773916 0
vt 0.336678 0.773916 0
vt 0.742997 0.767994 0
vt 0.193769 0.86484 0
vt 0.191855 0.86484 0
vt 0.193769 0.853572 0
vt 0.189476 0.86484 0
vt 0.742997 0.779262 0
vt 0.742052 0.779261 0
vt 0.337585 0.785183 0
vt 0.336678 0.785183 0
vt 0.742997 0.796502 0
vt 0.741687 0.79821 0
vt 0.740418 0.797536 0
vt 0.742052 0.796373 0
vt 0.487777 0.851758 0
vt 0.48639 0.85353 0
vt 0.485753 0.853188 0
vt 0.487419 0.851064 0
vt 0.484855 0.855264 0
vt 0.483874 0.855072 0
vt 0.484891 0.852765 0
vt 0.485546 0.855458 0
vt 0.740384 0.790536 0
vt 0.742052 0.790529 0
vt 0.189476 0.876108 0
vt 0.191855 0.876108 0
vt 0.191855 0.884009 0
vt 0.189517 0.884952 0
vt 0.336678 0.802423 0
vt 0.336678 0.796451 0
vt 0.337585 0.796451 0
vt 0.337585 0.803136 0
vt 0.742997 0.790529 0
vt 0.193769 0.876108 0
vt 0.335862 0.668864 0
vt 0.334985 0.66793 0
vt 0.335862 0.665811 0
vt 0.325009 0.664613 0
vt 0.32389 0.66386 0
vt 0.325009 0.662063 0
vt 0.530887 0.841971 0
vt 0.530756 0.842855 0
vt 0.193793 0.846572 0
vt 0.740384 0.779269 0
vt 0.335871 0.656669 0
vt 0.334985 0.654567 0
vt 0.335871 0.653622 0
vt 0.317879 0.66209 0
vt 0.316748 0.660282 0
vt 0.317879 0.659538 0
vt 0.488848 0.850713 0
vt 0.488702 0.849829 0
vt 0.193793 0.883108 0
vt 0.74561 0.762022 0
vt 0.746905 0.760329 0
vt 0.748177 0.761001 0
vt 0.746556 0.76215 0
vt 0.861452 0.82594 0
vt 0.863121 0.823815 0
vt 0.863479 0.824509 0
vt 0.86209 0.826282 0
vt 0.860554 0.828016 0
vt 0.859574 0.827824 0
vt 0.860593 0.825516 0
vt 0.860986 0.830423 0
vt 0.860274 0.830418 0
vt 0.861245 0.828209 0
vt 0.74821 0.768001 0
vt 0.746556 0.767994 0
vt 0.824969 0.879708 0
vt 0.822631 0.88065 0
vt 0.822591 0.871806 0
vt 0.824969 0.871806 0
vt 0.337585 0.802423 0
vt 0.338491 0.796451 0
vt 0.338491 0.803136 0
vt 0.74561 0.767994 0
vt 0.826883 0.860538 0
vt 0.826883 0.871806 0
vt 0.824969 0.860538 0
vt 0.822591 0.860538 0
vt 0.819998 0.871806 0
vt 0.819998 0.860538 0
vt 0.746556 0.779261 0
vt 0.74561 0.779262 0
vt 0.338491 0.785183 0
vt 0.74561 0.796501 0
vt 0.746556 0.796373 0
vt 0.748177 0.797536 0
vt 0.746906 0.79821 0
vt 0.747169 0.812213 0
vt 0.746818 0.812907 0
vt 0.745122 0.810781 0
vt 0.745759 0.81044 0
vt 0.744285 0.811204 0
vt 0.743246 0.808896 0
vt 0.744204 0.808705 0
vt 0.744635 0.806298 0
vt 0.744898 0.808512 0
vt 0.743919 0.806303 0
vt 0.74821 0.790536 0
vt 0.746556 0.790529 0
vt 0.822591 0.84927 0
vt 0.822631 0.840426 0
vt 0.824969 0.841369 0
vt 0.824969 0.84927 0
vt 0.337585 0.767944 0
vt 0.338491 0.767231 0
vt 0.338491 0.773916 0
vt 0.337585 0.773916 0
vt 0.74561 0.790529 0
vt 0.826883 0.84927 0
vt 0.819998 0.84927 0
vt 0.859314 0.830445 0
vt 0.819998 0.880985 0
vt 0.742978 0.806275 0
vt 0.819998 0.840091 0
vt 0.318992 0.66462 0
vt 0.317871 0.662848 0
vt 0.318992 0.66209 0
vt 0.335871 0.662764 0
vt 0.334985 0.66066 0
vt 0.335871 0.659716 0
vt 0.864407 0.822579 0
vt 0.864552 0.823463 0
vt 0.826907 0.878806 0
vt 0.74821 0.779269 0
vt 0.326177 0.664202 0
vt 0.325045 0.663454 0
vt 0.326177 0.66167 0
vt 0.335861 0.678021 0
vt 0.334985 0.677088 0
vt 0.335861 0.674968 0
vt 0.74827 0.813259 0
vt 0.74814 0.814143 0
vt 0.826907 0.84227 0
vt 0.34109 0.768927 0
vt 0.340144 0.769055 0
vt 0.338524 0.767903 0
vt 0.339796 0.767231 0
vt 0.861452 0.834966 0
vt 0.86209 0.834624 0
vt 0.863479 0.836457 0
vt 0.863121 0.837171 0
vt 0.860593 0.835454 0
vt 0.859574 0.833087 0
vt 0.860554 0.832836 0
vt 0.861245 0.83265 0
vt 0.340144 0.774899 0
vt 0.338491 0.774903 0
vt 0.815027 0.879708 0
vt 0.815027 0.871806 0
vt 0.817406 0.871806 0
vt 0.817365 0.88065 0
vt 0.843193 0.761025 0
vt 0.842287 0.761738 0
vt 0.842287 0.755053 0
vt 0.843193 0.755053 0
vt 0.34109 0.774899 0
vt 0.813113 0.860538 0
vt 0.815027 0.860538 0
vt 0.813113 0.871806 0
vt 0.817406 0.860538 0
vt 0.34109 0.786167 0
vt 0.340144 0.786167 0
vt 0.842287 0.743785 0
vt 0.843193 0.743785 0
vt 0.34109 0.803407 0
vt 0.339796 0.805112 0
vt 0.338524 0.804438 0
vt 0.340144 0.803278 0
vt 0.747169 0.800266 0
vt 0.745759 0.802098 0
vt 0.745122 0.801755 0
vt 0.746818 0.799551 0
vt 0.744204 0.803885 0
vt 0.743246 0.803633 0
vt 0.744285 0.801266 0
vt 0.744898 0.804072 0
vt 0.338491 0.797439 0
vt 0.340144 0.797434 0
vt 0.817406 0.84927 0
vt 0.815027 0.84927 0
vt 0.815027 0.841369 0
vt 0.817365 0.840426 0
vt 0.843193 0.726545 0
vt 0.843193 0.732517 0
vt 0.842287 0.732517 0
vt 0.842287 0.725833 0
vt 0.34109 0.797435 0
vt 0.813113 0.84927 0
vt 0.336678 0.770287 0
vt 0.335755 0.76937 0
vt 0.336678 0.767231 0
vt 0.331728 0.664614 0
vt 0.330605 0.663857 0
vt 0.331728 0.662086 0
vt 0.864552 0.837584 0
vt 0.864407 0.838512 0
vt 0.813089 0.878806 0
vt 0.338491 0.786171 0
vt 0.438787 0.819558 0
vt 0.437873 0.817405 0
vt 0.438787 0.816499 0
vt 0.334019 0.664224 0
vt 0.332889 0.662445 0
vt 0.334019 0.661694 0
vt 0.74827 0.799139 0
vt 0.74814 0.79821 0
vt 0.813089 0.84227 0
vt 0.807312 0.659237 0
vt 0.802965 0.659237 0
vt 0.80358 0.656974 0
vt 0.806714 0.656974 0
vt 0.799199 0.657063 0
vt 0.800866 0.655407 0
vt 0.797026 0.653297 0
vt 0.799299 0.652693 0
vt 0.797026 0.64895 0
vt 0.799298 0.649558 0
vt 0.7992 0.645184 0
vt 0.800866 0.646844 0
vt 0.802965 0.64301 0
vt 0.80358 0.645276 0
vt 0.807312 0.64301 0
vt 0.806714 0.645276 0
vt 0.811078 0.645184 0
vt 0.809429 0.646844 0
vt 0.813251 0.648949 0
vt 0.810996 0.649558 0
vt 0.813251 0.653297 0
vt 0.810996 0.652692 0
vt 0.811078 0.657063 0
vt 0.809429 0.655407 0
vt 0.805147 0.651125 0
vt 0.858297 0.479371 0
vt 0.854109 0.479335 0
vt 0.854053 0.473524 0
vt 0.85539 0.473535 0
vt 0.389036 0.850174 0
vt 0.384688 0.850174 0
vt 0.386117 0.844652 0
vt 0.387505 0.844652 0
vt 0.991856 0.339314 0
vt 0.987657 0.339314 0
vt 0.996056 0.339314 0
vt 0.842287 0.814553 0
vt 0.846635 0.814553 0
vt 0.845156 0.820127 0
vt 0.843768 0.820127 0
vt 0.862483 0.800825 0
vt 0.866696 0.800792 0
vt 0.863895 0.806624 0
vt 0.86255 0.806635 0
vt 0.858297 0.800789 0
vt 0.861214 0.806623 0
vt 0.846635 0.836757 0
vt 0.842287 0.836757 0
vt 0.843817 0.831232 0
vt 0.845205 0.831232 0
vt 0.977308 0.993979 0
vt 0.981508 0.993978 0
vt 0.978649 0.999969 0
vt 0.977308 0.999969 0
vt 0.973108 0.993978 0
vt 0.975967 0.999969 0
vt 0.50315 0.850502 0
vt 0.507497 0.850502 0
vt 0.506016 0.855974 0
vt 0.504628 0.855974 0
vt 0.849898 0.479369 0
vt 0.852708 0.473534 0
vt 0.858297 0.683857 0
vt 0.854109 0.683821 0
vt 0.854109 0.642924 0
vt 0.858297 0.64296 0
vt 0.987657 0.543897 0
vt 0.984582 0.50298 0
vt 0.987657 0.50298 0
vt 0.991856 0.543897 0
vt 0.991856 0.50298 0
vt 0.996056 0.543897 0
vt 0.996056 0.50298 0
vt 0.866696 0.596308 0
vt 0.869806 0.596214 0
vt 0.869806 0.63711 0
vt 0.866696 0.637205 0
vt 0.862483 0.596342 0
vt 0.862483 0.637238 0
vt 0.858297 0.596305 0
vt 0.858297 0.637202 0
vt 0.981508 0.789396 0
vt 0.984582 0.789396 0
vt 0.984582 0.830312 0
vt 0.981508 0.830312 0
vt 0.977308 0.789396 0
vt 0.977308 0.830312 0
vt 0.973108 0.789396 0
vt 0.973108 0.830312 0
vt 0.849898 0.683854 0
vt 0.846794 0.683948 0
vt 0.846794 0.643051 0
vt 0.849898 0.642957 0
vt 0.858297 0.520268 0
vt 0.854109 0.520232 0
vt 0.858297 0.561166 0
vt 0.854109 0.56113 0
vt 0.858297 0.602063 0
vt 0.854109 0.602027 0
vt 0.854109 0.765615 0
vt 0.858297 0.765651 0
vt 0.858297 0.806548 0
vt 0.854109 0.806512 0
vt 0.854109 0.724718 0
vt 0.858297 0.724754 0
vt 0.987657 0.380231 0
vt 0.984582 0.380231 0
vt 0.984582 0.339314 0
vt 0.987657 0.421147 0
vt 0.984582 0.421147 0
vt 0.987657 0.462064 0
vt 0.984582 0.462064 0
vt 0.987657 0.62573 0
vt 0.987657 0.666646 0
vt 0.987657 0.584813 0
vt 0.991856 0.380231 0
vt 0.991856 0.421147 0
vt 0.991856 0.462064 0
vt 0.991856 0.62573 0
vt 0.991856 0.666646 0
vt 0.991856 0.584813 0
vt 0.996056 0.380231 0
vt 0.996056 0.421147 0
vt 0.996056 0.462064 0
vt 0.996056 0.62573 0
vt 0.996056 0.666646 0
vt 0.996056 0.584813 0
vt 0.866696 0.759895 0
vt 0.869806 0.7598 0
vt 0.869806 0.800697 0
vt 0.866696 0.718998 0
vt 0.869806 0.718904 0
vt 0.866696 0.678102 0
vt 0.869806 0.678007 0
vt 0.869806 0.51442 0
vt 0.866696 0.514515 0
vt 0.866696 0.473618 0
vt 0.869806 0.473524 0
vt 0.869806 0.555317 0
vt 0.866696 0.555412 0
vt 0.862483 0.759928 0
vt 0.862483 0.719032 0
vt 0.862483 0.678135 0
vt 0.862484 0.514548 0
vt 0.862484 0.473652 0
vt 0.862484 0.555445 0
vt 0.858297 0.759892 0
vt 0.858297 0.718995 0
vt 0.858297 0.678099 0
vt 0.858297 0.514512 0
vt 0.858297 0.473615 0
vt 0.858297 0.555409 0
vt 0.981508 0.953062 0
vt 0.984582 0.953062 0
vt 0.984582 0.993978 0
vt 0.981508 0.912145 0
vt 0.984582 0.912145 0
vt 0.981508 0.871229 0
vt 0.984582 0.871229 0
vt 0.984582 0.707563 0
vt 0.981508 0.707563 0
vt 0.981508 0.666646 0
vt 0.984582 0.666646 0
vt 0.984582 0.748479 0
vt 0.981508 0.748479 0
vt 0.977308 0.953062 0
vt 0.977308 0.912145 0
vt 0.977308 0.871229 0
vt 0.977308 0.707563 0
vt 0.977308 0.666646 0
vt 0.977308 0.748479 0
vt 0.973108 0.953062 0
vt 0.973108 0.912145 0
vt 0.973108 0.871229 0
vt 0.973108 0.707563 0
vt 0.973108 0.666646 0
vt 0.973108 0.748479 0
vt 0.849898 0.520266 0
vt 0.846794 0.52036 0
vt 0.846794 0.479463 0
vt 0.849898 0.561163 0
vt 0.846794 0.561257 0
vt 0.849898 0.60206 0
vt 0.846794 0.602154 0
vt 0.846794 0.765742 0
vt 0.849898 0.765648 0
vt 0.849898 0.806545 0
vt 0.846794 0.806639 0
vt 0.846794 0.724845 0
vt 0.849898 0.724751 0
vt 0.530791 0.825262 0
vt 0.529501 0.826923 0
vt 0.528228 0.826256 0
vt 0.529845 0.825137 0
vt 0.381579 0.848088 0
vt 0.383253 0.84593 0
vt 0.38361 0.846633 0
vt 0.382216 0.84843 0
vt 0.380677 0.850187 0
vt 0.379701 0.849971 0
vt 0.380724 0.847638 0
vt 0.381109 0.852597 0
vt 0.380396 0.852596 0
vt 0.381369 0.850377 0
vt 0.528196 0.819259 0
vt 0.529845 0.819296 0
vt 0.195731 0.845671 0
vt 0.198069 0.844728 0
vt 0.19811 0.853572 0
vt 0.195731 0.853572 0
vt 0.842287 0.72512 0
vt 0.842287 0.719148 0
vt 0.843193 0.719148 0
vt 0.843193 0.725833 0
vt 0.530791 0.819293 0
vt 0.193817 0.86484 0
vt 0.193817 0.853572 0
vt 0.195731 0.86484 0
vt 0.19811 0.86484 0
vt 0.200702 0.853572 0
vt 0.200702 0.86484 0
vt 0.529845 0.808033 0
vt 0.530791 0.808031 0
vt 0.842287 0.70788 0
vt 0.843193 0.70788 0
vt 0.530791 0.790799 0
vt 0.529845 0.79093 0
vt 0.528228 0.789738 0
vt 0.529501 0.789059 0
vt 0.747147 0.85997 0
vt 0.74679 0.860673 0
vt 0.745118 0.858512 0
vt 0.745755 0.85817 0
vt 0.744261 0.858964 0
vt 0.743239 0.856629 0
vt 0.744216 0.856411 0
vt 0.744648 0.854 0
vt 0.744908 0.856221 0
vt 0.743936 0.854001 0
vt 0.528196 0.796734 0
vt 0.529845 0.796771 0
vt 0.19811 0.876108 0
vt 0.198069 0.884952 0
vt 0.195731 0.884009 0
vt 0.195731 0.876108 0
vt 0.842287 0.69064 0
vt 0.843193 0.689927 0
vt 0.843193 0.696612 0
vt 0.842287 0.696612 0
vt 0.530791 0.796768 0
vt 0.193817 0.876108 0
vt 0.200702 0.876108 0
vt 0.37944 0.852602 0
vt 0.200702 0.844393 0
vt 0.742978 0.853997 0
vt 0.200702 0.885287 0
vt 0.321236 0.664611 0
vt 0.320139 0.662871 0
vt 0.321236 0.662091 0
vt 0.834637 0.553597 0
vt 0.833738 0.551475 0
vt 0.834637 0.550544 0
vt 0.384546 0.844652 0
vt 0.384688 0.845554 0
vt 0.528196 0.807997 0
vt 0.325045 0.662063 0
vt 0.32389 0.661334 0
vt 0.325045 0.659534 0
vt 0.531788 0.833029 0
vt 0.530887 0.832098 0
vt 0.531788 0.829976 0
vt 0.748223 0.861052 0
vt 0.748081 0.861956 0
vt 0.335874 0.689825 0
vt 0.336818 0.6897 0
vt 0.33846 0.69082 0
vt 0.337192 0.691485 0
vt 0.381579 0.857118 0
vt 0.382217 0.856776 0
vt 0.38361 0.858586 0
vt 0.383253 0.859293 0
vt 0.380724 0.857581 0
vt 0.379701 0.855237 0
vt 0.380677 0.855009 0
vt 0.381369 0.85482 0
vt 0.336818 0.683859 0
vt 0.338493 0.683823 0
vt 0.205674 0.845671 0
vt 0.205674 0.853572 0
vt 0.203295 0.853572 0
vt 0.203335 0.844728 0
vt 0.334079 0.726145 0
vt 0.334985 0.725432 0
vt 0.334985 0.732117 0
vt 0.334079 0.732117 0
vt 0.335874 0.683856 0
vt 0.207588 0.86484 0
vt 0.205674 0.86484 0
vt 0.207588 0.853572 0
vt 0.203295 0.86484 0
vt 0.335874 0.672593 0
vt 0.336818 0.672596 0
vt 0.334985 0.743385 0
vt 0.334079 0.743385 0
vt 0.335874 0.655362 0
vt 0.337192 0.653622 0
vt 0.33846 0.654302 0
vt 0.336818 0.655493 0
vt 0.747147 0.848016 0
vt 0.745755 0.849824 0
vt 0.745118 0.849481 0
vt 0.74679 0.84731 0
vt 0.744216 0.851588 0
vt 0.743239 0.851363 0
vt 0.744261 0.849022 0
vt 0.744908 0.851778 0
vt 0.338493 0.661298 0
vt 0.336818 0.661334 0
vt 0.203295 0.876108 0
vt 0.205674 0.876108 0
vt 0.205674 0.884009 0
vt 0.203335 0.884952 0
vt 0.334079 0.760625 0
vt 0.334079 0.754653 0
vt 0.334985 0.754653 0
vt 0.334985 0.761338 0
vt 0.335874 0.661331 0
vt 0.207588 0.876108 0
vt 0.438779 0.82822 0
vt 0.437873 0.827295 0
vt 0.438779 0.825166 0
vt 0.336678 0.772844 0
vt 0.335584 0.772073 0
vt 0.336678 0.770287 0
vt 0.384688 0.859681 0
vt 0.384546 0.860592 0
vt 0.207612 0.846572 0
vt 0.338493 0.67256 0
vt 0.531792 0.829976 0
vt 0.530887 0.82785 0
vt 0.531792 0.826923 0
vt 0.330605 0.662089 0
vt 0.329451 0.660245 0
vt 0.330605 0.659523 0
vt 0.748223 0.846925 0
vt 0.748081 0.846016 0
vt 0.207612 0.883108 0
vt 0.742978 0.834414 0
vt 0.741691 0.836074 0
vt 0.740417 0.835408 0
vt 0.742032 0.834288 0
vt 0.527742 0.846328 0
vt 0.529431 0.844154 0
vt 0.529783 0.844861 0
vt 0.528379 0.846671 0
vt 0.52683 0.848438 0
vt 0.525865 0.84821 0
vt 0.526899 0.845866 0
vt 0.52726 0.850849 0
vt 0.526546 0.85085 0
vt 0.527523 0.848627 0
vt 0.740384 0.82841 0
vt 0.742032 0.828447 0
vt 0.828845 0.841369 0
vt 0.831184 0.840426 0
vt 0.831224 0.84927 0
vt 0.828845 0.84927 0
vt 0.334079 0.72472 0
vt 0.334079 0.718748 0
vt 0.334985 0.718748 0
vt 0.334985 0.725433 0
vt 0.742978 0.828445 0
vt 0.826931 0.860538 0
vt 0.826931 0.849271 0
vt 0.828845 0.860538 0
vt 0.831224 0.860538 0
vt 0.833817 0.84927 0
vt 0.833817 0.860538 0
vt 0.742032 0.817185 0
vt 0.742978 0.817183 0
vt 0.334079 0.70748 0
vt 0.334985 0.70748 0
vt 0.742978 0.799951 0
vt 0.742032 0.800082 0
vt 0.740417 0.79889 0
vt 0.741691 0.79821 0
vt 0.84411 0.558678 0
vt 0.843758 0.559384 0
vt 0.842068 0.557213 0
vt 0.842705 0.556871 0
vt 0.841226 0.557673 0
vt 0.840191 0.555331 0
vt 0.841154 0.555106 0
vt 0.841585 0.552694 0
vt 0.841848 0.554917 0
vt 0.84087 0.552694 0
vt 0.740384 0.805886 0
vt 0.742032 0.805923 0
vt 0.831224 0.871806 0
vt 0.831184 0.88065 0
vt 0.828845 0.879708 0
vt 0.828845 0.871806 0
vt 0.334079 0.69024 0
vt 0.334985 0.689527 0
vt 0.334985 0.696212 0
vt 0.334079 0.696212 0
vt 0.742978 0.80592 0
vt 0.826931 0.871806 0
vt 0.833817 0.871806 0
vt 0.5256 0.850845 0
vt 0.833817 0.840091 0
vt 0.839925 0.552697 0
vt 0.833817 0.880985 0
vt 0.335175 0.773023 0
vt 0.334079 0.771287 0
vt 0.335175 0.770506 0
vt 0.624394 0.829976 0
vt 0.623492 0.827839 0
vt 0.624394 0.82692 0
vt 0.530743 0.842855 0
vt 0.530877 0.843766 0
vt 0.826907 0.84227 0
vt 0.740384 0.817148 0
vt 0.326412 0.659546 0
vt 0.32778 0.659534 0
vt 0.32778 0.66167 0
vt 0.624392 0.833032 0
vt 0.623492 0.832112 0
vt 0.624392 0.829976 0
vt 0.845206 0.55977 0
vt 0.845073 0.560679 0
vt 0.826907 0.878806 0
vt 0.335874 0.727688 0
vt 0.336818 0.727563 0
vt 0.338458 0.728684 0
vt 0.337189 0.729349 0
vt 0.527742 0.855359 0
vt 0.528379 0.855017 0
vt 0.529783 0.856814 0
vt 0.529431 0.857517 0
vt 0.526899 0.855808 0
vt 0.525865 0.853476 0
vt 0.52683 0.85326 0
vt 0.527523 0.853069 0
vt 0.336818 0.721722 0
vt 0.338491 0.721686 0
vt 0.838788 0.841369 0
vt 0.838788 0.84927 0
vt 0.836409 0.84927 0
vt 0.83645 0.840426 0
vt 0.750989 0.833403 0
vt 0.750083 0.834116 0
vt 0.750083 0.827431 0
vt 0.750989 0.827431 0
vt 0.335874 0.721719 0
vt 0.840702 0.860538 0
vt 0.838788 0.860538 0
vt 0.840702 0.849271 0
vt 0.836409 0.860538 0
vt 0.335874 0.710457 0
vt 0.336818 0.71046 0
vt 0.750083 0.816163 0
vt 0.750989 0.816163 0
vt 0.335874 0.693225 0
vt 0.337189 0.691485 0
vt 0.338458 0.692166 0
vt 0.336819 0.693356 0
vt 0.84411 0.546725 0
vt 0.842705 0.548525 0
vt 0.842068 0.548183 0
vt 0.843758 0.546021 0
vt 0.841154 0.550284 0
vt 0.840191 0.550065 0
vt 0.841226 0.54773 0
vt 0.841848 0.550474 0
vt 0.338491 0.699162 0
vt 0.336819 0.699197 0
vt 0.836409 0.871806 0
vt 0.838788 0.871806 0
vt 0.838788 0.879708 0
vt 0.83645 0.88065 0
vt 0.750989 0.798923 0
vt 0.750989 0.804895 0
vt 0.750083 0.804895 0
vt 0.750083 0.79821 0
vt 0.335874 0.699194 0
vt 0.840702 0.871806 0
vt 0.834632 0.562762 0
vt 0.833738 0.561837 0
vt 0.834632 0.559707 0
vt 0.330546 0.664642 0
vt 0.329451 0.663871 0
vt 0.330546 0.662089 0
vt 0.530877 0.857893 0
vt 0.530743 0.858795 0
vt 0.840726 0.84227 0
vt 0.338491 0.710424 0
vt 0.834633 0.559707 0
vt 0.833738 0.557575 0
vt 0.331759 0.662086 0
vt 0.330605 0.660246 0
vt 0.331759 0.659523 0
vt 0.845206 0.545642 0
vt 0.845073 0.544738 0
vt 0.840726 0.878806 0
vt 0.845695 0.64895 0
vt 0.845695 0.653297 0
vt 0.843468 0.652692 0
vt 0.843469 0.649558 0
vt 0.843522 0.657063 0
vt 0.841902 0.655407 0
vt 0.839759 0.659237 0
vt 0.839189 0.656974 0
vt 0.835413 0.659237 0
vt 0.836056 0.656974 0
vt 0.83165 0.657063 0
vt 0.833343 0.655407 0
vt 0.831777 0.652692 0
vt 0.829477 0.64895 0
vt 0.831777 0.649558 0
vt 0.83165 0.645184 0
vt 0.833343 0.646843 0
vt 0.835414 0.64301 0
vt 0.836056 0.645276 0
vt 0.839759 0.64301 0
vt 0.839189 0.645276 0
vt 0.843523 0.645184 0
vt 0.841902 0.646843 0
vt 0.837623 0.651125 0
vt 0.95014 0.993979 0
vt 0.954346 0.993972 0
vt 0.954312 0.999998 0
vt 0.95297 1 0
vt 0.511843 0.855942 0
vt 0.507497 0.855942 0
vt 0.508793 0.850502 0
vt 0.51018 0.850502 0
vt 0.965795 0.99399 0
vt 0.969995 0.99399 0
vt 0.967136 0.999981 0
vt 0.965795 0.999981 0
vt 0.961596 0.99399 0
vt 0.964455 0.999981 0
vt 0.336554 0.841018 0
vt 0.340902 0.841018 0
vt 0.339502 0.84672 0
vt 0.338114 0.84672 0
vt 0.965787 0.32733 0
vt 0.969995 0.327334 0
vt 0.967171 0.333343 0
vt 0.965827 0.333341 0
vt 0.961596 0.327334 0
vt 0.964489 0.333343 0
vt 0.846633 0.814553 0
vt 0.842287 0.814553 0
vt 0.843945 0.808948 0
vt 0.845332 0.808948 0
vt 0.954322 0.00599084 0
vt 0.950122 0.00599084 0
vt 0.952981 0 0
vt 0.954321 0 0
vt 0.958521 0.00599084 0
vt 0.955662 0 0
vt 0.536455 0.855839 0
vt 0.532107 0.855839 0
vt 0.533672 0.850499 0
vt 0.53506 0.850499 0
vt 0.958539 0.993979 0
vt 0.955651 1 0
vt 0.95014 0.7894 0
vt 0.954346 0.789393 0
vt 0.954346 0.830309 0
vt 0.95014 0.830316 0
vt 0.947047 0.789419 0
vt 0.947047 0.830334 0
vt 0.965795 0.789408 0
vt 0.969995 0.789408 0
vt 0.969995 0.830324 0
vt 0.965795 0.830324 0
vt 0.961596 0.789408 0
vt 0.961596 0.830324 0
vt 0.969995 0.122753 0
vt 0.973091 0.122764 0
vt 0.973091 0.16368 0
vt 0.969995 0.163669 0
vt 0.965787 0.122749 0
vt 0.965787 0.163665 0
vt 0.961596 0.122753 0
vt 0.961596 0.163669 0
vt 0.950122 0.210573 0
vt 0.947047 0.210573 0
vt 0.947047 0.169657 0
vt 0.950122 0.169657 0
vt 0.954322 0.210573 0
vt 0.954322 0.169657 0
vt 0.958521 0.210573 0
vt 0.958521 0.169657 0
vt 0.961595 0.210573 0
vt 0.961595 0.169657 0
vt 0.958539 0.7894 0
vt 0.958539 0.830316 0
vt 0.95014 0.953063 0
vt 0.954346 0.953056 0
vt 0.95014 0.912147 0
vt 0.954346 0.91214 0
vt 0.95014 0.871231 0
vt 0.954346 0.871225 0
vt 0.954346 0.707562 0
vt 0.95014 0.707568 0
vt 0.95014 0.666653 0
vt 0.954346 0.666646 0
vt 0.954346 0.748477 0
vt 0.95014 0.748484 0
vt 0.947047 0.953082 0
vt 0.947047 0.993997 0
vt 0.947047 0.912166 0
vt 0.947047 0.87125 0
vt 0.947047 0.707587 0
vt 0.947047 0.666672 0
vt 0.947047 0.748503 0
vt 0.965795 0.953074 0
vt 0.969995 0.953074 0
vt 0.965795 0.912157 0
vt 0.969995 0.912157 0
vt 0.965795 0.871241 0
vt 0.969995 0.871241 0
vt 0.969995 0.707574 0
vt 0.965795 0.707574 0
vt 0.965795 0.666658 0
vt 0.969995 0.666658 0
vt 0.969995 0.748491 0
vt 0.965795 0.748491 0
vt 0.961596 0.953074 0
vt 0.961596 0.912157 0
vt 0.961596 0.871241 0
vt 0.961596 0.707574 0
vt 0.961596 0.666658 0
vt 0.961596 0.748491 0
vt 0.969995 0.286418 0
vt 0.973091 0.286429 0
vt 0.973091 0.327345 0
vt 0.969995 0.245501 0
vt 0.973091 0.245512 0
vt 0.969995 0.204585 0
vt 0.973091 0.204596 0
vt 0.973091 0.0409311 0
vt 0.969995 0.0409202 0
vt 0.969995 3.90539e-06 0
vt 0.973091 1.48872e-05 0
vt 0.973091 0.0818474 0
vt 0.969995 0.0818364 0
vt 0.965787 0.286414 0
vt 0.965787 0.245497 0
vt 0.965787 0.204581 0
vt 0.965787 0.0409163 0
vt 0.965787 0 0
vt 0.965787 0.0818325 0
vt 0.961596 0.286418 0
vt 0.961596 0.245502 0
vt 0.961596 0.204585 0
vt 0.961596 0.0409204 0
vt 0.961596 4.13905e-06 0
vt 0.961596 0.0818366 0
vt 0.950122 0.0469074 0
vt 0.947047 0.0469074 0
vt 0.947047 0.00599084 0
vt 0.950122 0.0878239 0
vt 0.947047 0.0878239 0
vt 0.950122 0.12874 0
vt 0.947047 0.12874 0
vt 0.947047 0.292407 0
vt 0.950122 0.292407 0
vt 0.950122 0.333323 0
vt 0.947047 0.333323 0
vt 0.947047 0.25149 0
vt 0.950122 0.25149 0
vt 0.954322 0.0469074 0
vt 0.954322 0.0878239 0
vt 0.954322 0.12874 0
vt 0.954322 0.292407 0
vt 0.954322 0.333323 0
vt 0.954322 0.25149 0
vt 0.958521 0.0469074 0
vt 0.958521 0.0878239 0
vt 0.958521 0.12874 0
vt 0.958521 0.292407 0
vt 0.958521 0.333323 0
vt 0.958521 0.25149 0
vt 0.961595 0.0469074 0
vt 0.961595 0.00599084 0
vt 0.961595 0.0878239 0
vt 0.961595 0.12874 0
vt 0.961596 0.292407 0
vt 0.961596 0.333323 0
vt 0.961596 0.25149 0
vt 0.958539 0.953063 0
vt 0.958539 0.912147 0
vt 0.958539 0.871232 0
vt 0.958539 0.707569 0
vt 0.958539 0.666653 0
vt 0.958539 0.748484 0
vt 0.742997 0.762038 0
vt 0.744308 0.760329 0
vt 0.745577 0.761004 0
vt 0.743942 0.762167 0
vt 0.494288 0.853862 0
vt 0.495954 0.851737 0
vt 0.496312 0.852431 0
vt 0.494925 0.854203 0
vt 0.49339 0.855937 0
vt 0.492409 0.855746 0
vt 0.493426 0.853438 0
vt 0.493823 0.858345 0
vt 0.493111 0.858339 0
vt 0.494082 0.856131 0
vt 0.74561 0.768004 0
vt 0.743942 0.768011 0
vt 0.881686 0.846492 0
vt 0.879348 0.847435 0
vt 0.879308 0.838591 0
vt 0.881686 0.838591 0
vt 0.842287 0.79693 0
vt 0.842287 0.790958 0
vt 0.843193 0.790958 0
vt 0.843193 0.797643 0
vt 0.742997 0.76801 0
vt 0.883601 0.827323 0
vt 0.883601 0.838591 0
vt 0.881686 0.827323 0
vt 0.879308 0.827323 0
vt 0.876715 0.838591 0
vt 0.876715 0.827323 0
vt 0.743942 0.779278 0
vt 0.742997 0.779278 0
vt 0.842287 0.779691 0
vt 0.843193 0.779691 0
vt 0.742997 0.796517 0
vt 0.743942 0.796389 0
vt 0.745577 0.797539 0
vt 0.744308 0.79821 0
vt 0.838826 0.558741 0
vt 0.838475 0.559435 0
vt 0.836781 0.557309 0
vt 0.837418 0.556968 0
vt 0.835942 0.557732 0
vt 0.834905 0.555424 0
vt 0.835865 0.555232 0
vt 0.836296 0.552825 0
vt 0.836559 0.555039 0
vt 0.835581 0.55283 0
vt 0.74561 0.790539 0
vt 0.743942 0.790546 0
vt 0.879308 0.816055 0
vt 0.879348 0.807211 0
vt 0.881686 0.808154 0
vt 0.881686 0.816055 0
vt 0.842287 0.762451 0
vt 0.843193 0.761738 0
vt 0.843193 0.768423 0
vt 0.842287 0.768423 0
vt 0.742997 0.790545 0
vt 0.883601 0.816055 0
vt 0.876715 0.816055 0
vt 0.49215 0.858367 0
vt 0.876715 0.84777 0
vt 0.834638 0.552802 0
vt 0.876715 0.806876 0
vt 0.319011 0.66209 0
vt 0.317879 0.660282 0
vt 0.319011 0.659538 0
vt 0.335871 0.659716 0
vt 0.334985 0.657614 0
vt 0.335871 0.656669 0
vt 0.497237 0.850502 0
vt 0.497383 0.851386 0
vt 0.883624 0.845591 0
vt 0.74561 0.779271 0
vt 0.322388 0.66462 0
vt 0.321268 0.663866 0
vt 0.322388 0.66207 0
vt 0.335862 0.671916 0
vt 0.334985 0.670982 0
vt 0.335862 0.668864 0
vt 0.839925 0.559787 0
vt 0.839795 0.560671 0
vt 0.883624 0.809055 0
vt 0.341105 0.731055 0
vt 0.34016 0.731184 0
vt 0.338524 0.730023 0
vt 0.339793 0.729349 0
vt 0.494288 0.862888 0
vt 0.494925 0.862545 0
vt 0.496312 0.864379 0
vt 0.495954 0.865093 0
vt 0.493426 0.863376 0
vt 0.492409 0.861009 0
vt 0.49339 0.860757 0
vt 0.494082 0.860571 0
vt 0.34016 0.737027 0
vt 0.338491 0.737023 0
vt 0.871744 0.846492 0
vt 0.871744 0.838591 0
vt 0.874123 0.838591 0
vt 0.874082 0.847435 0
vt 0.334079 0.654335 0
vt 0.334985 0.653622 0
vt 0.334985 0.660307 0
vt 0.334079 0.660307 0
vt 0.341105 0.737027 0
vt 0.86983 0.827323 0
vt 0.871744 0.827323 0
vt 0.86983 0.838591 0
vt 0.874123 0.827323 0
vt 0.341105 0.748295 0
vt 0.34016 0.748295 0
vt 0.334985 0.671575 0
vt 0.334079 0.671575 0
vt 0.341105 0.765534 0
vt 0.339793 0.767231 0
vt 0.338524 0.766559 0
vt 0.34016 0.765406 0
vt 0.838826 0.546793 0
vt 0.837418 0.548625 0
vt 0.836781 0.548283 0
vt 0.838475 0.546079 0
vt 0.835865 0.550412 0
vt 0.834905 0.55016 0
vt 0.835942 0.547794 0
vt 0.836559 0.550599 0
vt 0.338491 0.759558 0
vt 0.34016 0.759563 0
vt 0.874123 0.816055 0
vt 0.871744 0.816055 0
vt 0.871744 0.808154 0
vt 0.874082 0.807211 0
vt 0.334079 0.688814 0
vt 0.334079 0.682842 0
vt 0.334985 0.682842 0
vt 0.341105 0.759562 0
vt 0.86983 0.816055 0
vt 0.334079 0.763476 0
vt 0.335003 0.761338 0
vt 0.320139 0.662091 0
vt 0.319011 0.661345 0
vt 0.320139 0.659538 0
vt 0.497383 0.865507 0
vt 0.497237 0.866435 0
vt 0.869806 0.845591 0
vt 0.338491 0.748291 0
vt 0.438585 0.807068 0
vt 0.43767 0.804916 0
vt 0.438585 0.804009 0
vt 0.323645 0.664225 0
vt 0.322523 0.662424 0
vt 0.323645 0.661673 0
vt 0.839925 0.545666 0
vt 0.839795 0.544738 0
vt 0.869806 0.809055 0
vt 0.108928 0.814137 0
vt 0.107634 0.815843 0
vt 0.106362 0.815169 0
vt 0.107982 0.814008 0
vt 0.745122 0.817688 0
vt 0.746818 0.815483 0
vt 0.747169 0.816198 0
vt 0.745759 0.818031 0
vt 0.744204 0.819817 0
vt 0.743246 0.819565 0
vt 0.744285 0.817199 0
vt 0.744635 0.822231 0
vt 0.743919 0.822235 0
vt 0.744898 0.820004 0
vt 0.106329 0.808169 0
vt 0.107982 0.808164 0
vt 0.801208 0.841369 0
vt 0.803547 0.840426 0
vt 0.803587 0.84927 0
vt 0.801208 0.84927 0
vt 0.43767 0.767391 0
vt 0.43767 0.761418 0
vt 0.438576 0.761418 0
vt 0.108928 0.808165 0
vt 0.799294 0.860538 0
vt 0.799294 0.84927 0
vt 0.801208 0.860538 0
vt 0.803587 0.860538 0
vt 0.80618 0.84927 0
vt 0.80618 0.860538 0
vt 0.107982 0.796897 0
vt 0.108928 0.796897 0
vt 0.43767 0.750151 0
vt 0.438576 0.750151 0
vt 0.108928 0.779657 0
vt 0.107982 0.779785 0
vt 0.106362 0.778633 0
vt 0.107634 0.777961 0
vt 0.863479 0.852389 0
vt 0.863121 0.853104 0
vt 0.861452 0.850899 0
vt 0.86209 0.850556 0
vt 0.860593 0.851387 0
vt 0.859574 0.84902 0
vt 0.860554 0.848769 0
vt 0.860986 0.846356 0
vt 0.861245 0.848583 0
vt 0.860274 0.846351 0
vt 0.106329 0.785633 0
vt 0.107982 0.785629 0
vt 0.803587 0.871806 0
vt 0.803547 0.88065 0
vt 0.801208 0.879707 0
vt 0.801208 0.871806 0
vt 0.43767 0.732911 0
vt 0.438576 0.732198 0
vt 0.438576 0.738883 0
vt 0.43767 0.738883 0
vt 0.108928 0.785629 0
vt 0.799294 0.871806 0
vt 0.80618 0.871806 0
vt 0.742978 0.822207 0
vt 0.80618 0.840091 0
vt 0.859314 0.846378 0
vt 0.80618 0.880985 0
vt 0.332889 0.664224 0
vt 0.331759 0.662445 0
vt 0.332889 0.661694 0
vt 0.438787 0.816499 0
vt 0.437873 0.814345 0
vt 0.438787 0.813439 0
vt 0.74827 0.815071 0
vt 0.79927 0.84227 0
vt 0.106329 0.796901 0
vt 0.317871 0.664618 0
vt 0.316748 0.663861 0
vt 0.317871 0.66209 0
vt 0.335002 0.770506 0
vt 0.334079 0.769589 0
vt 0.335002 0.76745 0
vt 0.864552 0.853517 0
vt 0.864407 0.854445 0
vt 0.79927 0.878806 0
vt 0.750811 0.762038 0
vt 0.749865 0.762167 0
vt 0.748243 0.761004 0
vt 0.749515 0.760329 0
vt 0.745122 0.826714 0
vt 0.745759 0.826373 0
vt 0.747169 0.828146 0
vt 0.746818 0.82884 0
vt 0.744285 0.827137 0
vt 0.743246 0.824829 0
vt 0.744204 0.824638 0
vt 0.744898 0.824444 0
vt 0.749865 0.768011 0
vt 0.74821 0.768004 0
vt 0.811151 0.841369 0
vt 0.811151 0.84927 0
vt 0.808772 0.84927 0
vt 0.808812 0.840426 0
vt 0.33746 0.840305 0
vt 0.336554 0.834333 0
vt 0.33746 0.834333 0
vt 0.750811 0.76801 0
vt 0.813065 0.860538 0
vt 0.811151 0.860538 0
vt 0.813065 0.84927 0
vt 0.808772 0.860538 0
vt 0.750811 0.779278 0
vt 0.749865 0.779278 0
vt 0.336554 0.823065 0
vt 0.33746 0.823065 0
vt 0.750811 0.796517 0
vt 0.749515 0.79821 0
vt 0.748243 0.797539 0
vt 0.749865 0.796389 0
vt 0.863479 0.840442 0
vt 0.86209 0.842214 0
vt 0.861452 0.841872 0
vt 0.863121 0.839747 0
vt 0.860554 0.843949 0
vt 0.859574 0.843757 0
vt 0.860593 0.841449 0
vt 0.861245 0.844142 0
vt 0.74821 0.790538 0
vt 0.749865 0.790546 0
vt 0.808772 0.871806 0
vt 0.811151 0.871806 0
vt 0.811151 0.879707 0
vt 0.808813 0.88065 0
vt 0.33746 0.805825 0
vt 0.33746 0.811797 0
vt 0.336554 0.811797 0
vt 0.336554 0.805112 0
vt 0.750811 0.790545 0
vt 0.813065 0.871806 0
vt 0.335861 0.674968 0
vt 0.334985 0.674035 0
vt 0.335861 0.671916 0
vt 0.3224 0.66207 0
vt 0.321268 0.661321 0
vt 0.3224 0.659538 0
vt 0.74827 0.829192 0
vt 0.74814 0.830076 0
vt 0.813089 0.84227 0
vt 0.74821 0.779271 0
vt 0.33587 0.665811 0
vt 0.334985 0.663708 0
vt 0.33587 0.662764 0
vt 0.329418 0.664619 0
vt 0.328297 0.662847 0
vt 0.329418 0.662089 0
vt 0.864552 0.839396 0
vt 0.864407 0.838512 0
vt 0.813089 0.878806 0
vt 0.723758 0.478383 0
vt 0.786061 0.478383 0
vt 0.796205 0.488528 0
vt 0.796204 0.550951 0
vt 0.786064 0.561095 0
vt 0.723755 0.561095 0
vt 0.713615 0.550951 0
vt 0.713615 0.488528 0
vt 0.728157 0.755509 0
vt 0.665753 0.755509 0
vt 0.655613 0.745366 0
vt 0.655613 0.682969 0
vt 0.665756 0.672824 0
vt 0.728154 0.672824 0
vt 0.738298 0.682969 0
vt 0.738298 0.745366 0
vt 0.450975 0.703562 0
vt 0.450969 0.786152 0
vt 0.439449 0.780231 0
vt 0.439424 0.709131 0
vt 0.468315 0.703537 0
vt 0.468272 0.786152 0
vt 0.465523 0.789059 0
vt 0.465569 0.700776 0
vt 0.843239 0.473524 0
vt 0.845944 0.497258 0
vt 0.834638 0.497258 0
vt 0.837334 0.473524 0
vt 0.468443 0.692614 0
vt 0.480006 0.692597 0
vt 0.479874 0.70352 0
vt 0.560943 0.703469 0
vt 0.561014 0.692549 0
vt 0.572577 0.692555 0
vt 0.572503 0.703475 0
vt 0.491569 0.69258 0
vt 0.491434 0.703502 0
vt 0.520333 0.70346 0
vt 0.520475 0.692537 0
vt 0.532107 0.698074 0
vt 0.53196 0.708994 0
vt 0.322085 0.770756 0
vt 0.322151 0.760095 0
vt 0.333698 0.754396 0
vt 0.333636 0.765057 0
vt 0.252869 0.666958 0
vt 0.252954 0.677489 0
vt 0.241372 0.683258 0
vt 0.241282 0.672728 0
vt 0.612962 0.703496 0
vt 0.613047 0.692576 0
vt 0.624736 0.698138 0
vt 0.624646 0.709055 0
vt 0.790478 0.473524 0
vt 0.801073 0.484121 0
vt 0.708746 0.484121 0
vt 0.719342 0.473524 0
vt 0.719339 0.565988 0
vt 0.708746 0.555392 0
vt 0.801073 0.555392 0
vt 0.79048 0.565988 0
vt 0.732523 0.668002 0
vt 0.743119 0.678599 0
vt 0.650791 0.678599 0
vt 0.661387 0.668001 0
vt 0.743119 0.749733 0
vt 0.732526 0.760329 0
vt 0.661384 0.760329 0
vt 0.650791 0.749733 0
vt 0.439543 0.69821 0
vt 0.451099 0.69264 0
vt 0.811962 0.550926 0
vt 0.811962 0.565151 0
vt 0.808332 0.565529 0
vt 0.808332 0.550544 0
vt 0.293245 0.770755 0
vt 0.293319 0.760094 0
vt 0.304852 0.760095 0
vt 0.304781 0.770755 0
vt 0.270173 0.770754 0
vt 0.270254 0.760094 0
vt 0.281786 0.760094 0
vt 0.281709 0.770755 0
vt 0.82648 0.550544 0
vt 0.82648 0.565528 0
vt 0.82285 0.565152 0
vt 0.82285 0.550927 0
vt 0.241282 0.765054 0
vt 0.241372 0.754393 0
vt 0.252954 0.760093 0
vt 0.252869 0.770754 0
vt 0.801073 0.565151 0
vt 0.801073 0.550926 0
vt 0.804703 0.550544 0
vt 0.804703 0.565529 0
vt 0.281709 0.666959 0
vt 0.281786 0.67749 0
vt 0.270254 0.677489 0
vt 0.270173 0.666959 0
vt 0.293245 0.66696 0
vt 0.293319 0.67749 0
vt 0.804703 0.565147 0
vt 0.804703 0.550922 0
vt 0.738258 0.662258 0
vt 0.748854 0.672854 0
vt 0.833738 0.550926 0
vt 0.833738 0.565151 0
vt 0.830109 0.565528 0
vt 0.830109 0.550544 0
vt 0.584062 0.703481 0
vt 0.58414 0.692561 0
vt 0.595703 0.692567 0
vt 0.595622 0.703487 0
vt 0.304781 0.66696 0
vt 0.304852 0.67749 0
vt 0.819221 0.550544 0
vt 0.819221 0.565529 0
vt 0.815591 0.565151 0
vt 0.815591 0.550926 0
vt 0.532107 0.709007 0
vt 0.53217 0.69809 0
vt 0.54367 0.692541 0
vt 0.543603 0.70346 0
vt 0.741092 0.659959 0
vt 0.75115 0.670018 0
vt 0.517686 0.700696 0
vt 0.520181 0.786152 0
vt 0.517524 0.789059 0
vt 0.819221 0.565529 0
vt 0.819221 0.550544 0
vt 0.82285 0.550926 0
vt 0.82285 0.565151 0
vt 0.453923 0.700803 0
vt 0.45404 0.690434 0
vt 0.465691 0.690407 0
vt 0.505394 0.700723 0
vt 0.505525 0.690354 0
vt 0.517821 0.690327 0
vt 0.255517 0.773033 0
vt 0.255598 0.762913 0
vt 0.267848 0.762913 0
vt 0.267772 0.773033 0
vt 0.307521 0.773035 0
vt 0.307589 0.762914 0
vt 0.319192 0.762915 0
vt 0.319129 0.773035 0
vt 0.319129 0.664647 0
vt 0.319192 0.674643 0
vt 0.307589 0.674643 0
vt 0.307521 0.664646 0
vt 0.267771 0.664645 0
vt 0.267848 0.674642 0
vt 0.255598 0.674641 0
vt 0.255517 0.664644 0
vt 0.546196 0.700693 0
vt 0.54626 0.690327 0
vt 0.558557 0.690342 0
vt 0.558489 0.700708 0
vt 0.598315 0.700723 0
vt 0.598391 0.690357 0
vt 0.610042 0.690373 0
vt 0.609961 0.700739 0
vt 0.82648 0.565146 0
vt 0.82648 0.550921 0
vt 0.845913 0.659959 0
vt 0.845913 0.674943 0
vt 0.842287 0.674563 0
vt 0.842287 0.660339 0
vt 0.34109 0.805112 0
vt 0.34109 0.820097 0
vt 0.33746 0.819715 0
vt 0.33746 0.80549 0
vt 0.106329 0.830449 0
vt 0.106329 0.816224 0
vt 0.109958 0.815843 0
vt 0.109958 0.830827 0
vt 0.33746 0.834701 0
vt 0.33746 0.820476 0
vt 0.341088 0.820097 0
vt 0.341088 0.835081 0
vt 0.811962 0.565151 0
vt 0.815591 0.550544 0
vt 0.815591 0.565529 0
vt 0.842287 0.689548 0
vt 0.842287 0.675323 0
vt 0.845913 0.674943 0
vt 0.845913 0.689927 0
vt 0.109956 0.831206 0
vt 0.109956 0.84543 0
vt 0.106329 0.845811 0
vt 0.106329 0.830827 0
vt 0.503131 0.692563 0
vt 0.502993 0.703485 0
vt 0.282026 0.724454 0
vt 0.293066 0.724454 0
vt 0.843248 0.497258 0
vt 0.845944 0.520992 0
vt 0.834638 0.520992 0
vt 0.837343 0.497258 0
vt 0.282026 0.713157 0
vt 0.293066 0.713157 0
vt 0.322151 0.677491 0
vt 0.333698 0.683262 0
vt 0.453916 0.789059 0
vt 0.505271 0.789059 0
vt 0.491152 0.75041 0
vt 0.491343 0.786152 0
vt 0.479807 0.786152 0
vt 0.480099 0.750417 0
vt 0.491165 0.739107 0
vt 0.480109 0.739116 0
vt 0.502878 0.786152 0
vt 0.531799 0.780231 0
vt 0.584264 0.786114 0
vt 0.572728 0.786125 0
vt 0.572908 0.750383 0
vt 0.583961 0.750379 0
vt 0.641717 0.806335 0
vt 0.639018 0.782581 0
vt 0.650316 0.782581 0
vt 0.647618 0.806335 0
vt 0.583934 0.739078 0
vt 0.572877 0.73908 0
vt 0.5958 0.786103 0
vt 0.558756 0.789044 0
vt 0.546502 0.789056 0
vt 0.610112 0.788995 0
vt 0.598504 0.789006 0
vt 0.613103 0.786086 0
vt 0.543889 0.786153 0
vt 0.561193 0.786136 0
vt 0.532385 0.780245 0
vt 0.624736 0.780156 0
vt 0.794199 0.6065 0
vt 0.7942 0.618063 0
vt 0.758551 0.617813 0
vt 0.758551 0.606743 0
vt 0.435174 0.807824 0
vt 0.437873 0.831578 0
vt 0.426576 0.831578 0
vt 0.429274 0.807824 0
vt 0.747253 0.606743 0
vt 0.747253 0.617813 0
vt 0.711589 0.618063 0
vt 0.711588 0.6065 0
vt 0.711588 0.594937 0
vt 0.794199 0.594937 0
vt 0.711587 0.577592 0
vt 0.794199 0.577592 0
vt 0.797024 0.580229 0
vt 0.708746 0.580229 0
vt 0.711589 0.629626 0
vt 0.7942 0.629626 0
vt 0.797025 0.632361 0
vt 0.708747 0.632361 0
vt 0.797024 0.592526 0
vt 0.708746 0.592526 0
vt 0.797026 0.644012 0
vt 0.708748 0.644012 0
vt 0.794201 0.646971 0
vt 0.788487 0.658556 0
vt 0.717345 0.658556 0
vt 0.711589 0.646971 0
vt 0.788484 0.565988 0
vt 0.717342 0.565988 0
vt 0.328297 0.659524 0
vt 0.322523 0.659534 0
vt 0.322525 0.65363 0
vt 0.328297 0.653622 0
vt 0.50315 0.856403 0
vt 0.497383 0.856403 0
vt 0.497383 0.850502 0
vt 0.50315 0.850502 0
vt 0.322523 0.653635 0
vt 0.322523 0.659538 0
vt 0.31675 0.659526 0
vt 0.316748 0.653622 0
vt 0.328297 0.659523 0
vt 0.328298 0.653622 0
vt 0.334079 0.653622 0
vt 0.334079 0.659523 0
vt 0.647626 0.735112 0
vt 0.650327 0.758847 0
vt 0.639018 0.758847 0
vt 0.64172 0.735112 0
vt 0.469859 0.849829 0
vt 0.472574 0.873488 0
vt 0.461534 0.873488 0
vt 0.464093 0.849829 0
vt 0.434967 0.831578 0
vt 0.437645 0.855399 0
vt 0.426576 0.855399 0
vt 0.429185 0.831578 0
vt 0.458897 0.849829 0
vt 0.461534 0.873554 0
vt 0.45048 0.873554 0
vt 0.453124 0.849829 0
vt 0.475207 0.873487 0
vt 0.472574 0.849829 0
vt 0.483614 0.849829 0
vt 0.480973 0.873487 0
vt 0.64752 0.830089 0
vt 0.650088 0.853911 0
vt 0.639018 0.853911 0
vt 0.641739 0.830089 0
vt 0.376798 0.844652 0
vt 0.37944 0.868396 0
vt 0.368386 0.868396 0
vt 0.371024 0.844652 0
vt 0.447832 0.849829 0
vt 0.45048 0.873546 0
vt 0.439424 0.873546 0
vt 0.442057 0.849829 0
vt 0.647617 0.806335 0
vt 0.650315 0.830089 0
vt 0.639018 0.830089 0
vt 0.641717 0.806335 0
vt 0.837337 0.544738 0
vt 0.845936 0.520992 0
vt 0.843238 0.544738 0
vt 0.365751 0.844652 0
vt 0.368386 0.868402 0
vt 0.357329 0.868402 0
vt 0.359976 0.844652 0
vt 0.647625 0.758847 0
vt 0.650327 0.782581 0
vt 0.639018 0.782581 0
vt 0.641719 0.758847 0
vt 0.627424 0.825134 0
vt 0.63855 0.827636 0
vt 0.638709 0.844347 0
vt 0.627566 0.840009 0
vt 0.844544 0.604834 0
vt 0.841859 0.604902 0
vt 0.841902 0.585746 0
vt 0.844585 0.586649 0
vt 0.593771 0.829036 0
vt 0.596419 0.829523 0
vt 0.596479 0.84714 0
vt 0.593828 0.845761 0
vt 0.579715 0.829142 0
vt 0.582539 0.829511 0
vt 0.582489 0.84715 0
vt 0.579668 0.846096 0
vt 0.610283 0.829563 0
vt 0.621435 0.8308 0
vt 0.621491 0.850498 0
vt 0.610332 0.847098 0
vt 0.834504 0.491092 0
vt 0.817813 0.491087 0
vt 0.817947 0.473529 0
vt 0.834638 0.473534 0
vt 0.610283 0.810043 0
vt 0.621435 0.808871 0
vt 0.650791 0.539785 0
vt 0.645988 0.538689 0
vt 0.645988 0.51676 0
vt 0.650791 0.515664 0
vt 0.579611 0.810387 0
vt 0.576785 0.810002 0
vt 0.576845 0.792445 0
vt 0.579668 0.793512 0
vt 0.508908 0.80885 0
vt 0.492216 0.808851 0
vt 0.49215 0.78906 0
vt 0.508841 0.789059 0
vt 0.726257 0.799183 0
vt 0.729054 0.799236 0
vt 0.729097 0.818124 0
vt 0.726298 0.817337 0
vt 0.579668 0.793526 0
vt 0.582489 0.792456 0
vt 0.582539 0.809991 0
vt 0.579715 0.81038 0
vt 0.627374 0.806247 0
vt 0.638493 0.80642 0
vt 0.607632 0.810524 0
vt 0.607632 0.829055 0
vt 0.830623 0.605065 0
vt 0.830671 0.583546 0
vt 0.565547 0.830708 0
vt 0.576785 0.829522 0
vt 0.576845 0.84714 0
vt 0.565613 0.850499 0
vt 0.610332 0.792404 0
vt 0.621491 0.789056 0
vt 0.534641 0.561518 0
vt 0.530789 0.558446 0
vt 0.540304 0.538689 0
vt 0.545107 0.539785 0
vt 0.842021 0.638669 0
vt 0.830805 0.642999 0
vt 0.830671 0.626284 0
vt 0.841902 0.62379 0
vt 0.801121 0.491082 0
vt 0.801255 0.473524 0
vt 0.596479 0.792446 0
vt 0.607632 0.789056 0
vt 0.607565 0.808779 0
vt 0.596419 0.810002 0
vt 0.5256 0.80885 0
vt 0.525533 0.789059 0
vt 0.607565 0.830708 0
vt 0.74025 0.777887 0
vt 0.729097 0.78008 0
vt 0.729216 0.764451 0
vt 0.740384 0.760329 0
vt 0.627566 0.771457 0
vt 0.638709 0.767337 0
vt 0.63855 0.784899 0
vt 0.627424 0.78709 0
vt 0.607679 0.845702 0
vt 0.0731509 0.845563 0
vt 0.0748884 0.846948 0
vt 0.0596267 0.859119 0
vt 0.0586625 0.857117 0
vt 0.624736 0.806177 0
vt 0.624784 0.824106 0
vt 0.00804048 0.793639 0
vt 0.0225289 0.782085 0
vt 0.0405957 0.777961 0
vt 0.0586625 0.782085 0
vt 0.0731509 0.793639 0
vt 0.0811914 0.810335 0
vt 0.0811914 0.828866 0
vt 0.0405957 0.86124 0
vt 0.0225289 0.857117 0
vt 0.00804047 0.845563 0
vt 2.08622e-09 0.828866 0
vt 0 0.810335 0
vt 0.639018 0.761644 0
vt 0.636192 0.763007 0
vt 0.636051 0.748132 0
vt 0.638882 0.747346 0
vt 0.638834 0.729193 0
vt 0.636 0.729245 0
vt 0.636051 0.710088 0
vt 0.638882 0.71078 0
vt 0.636192 0.694455 0
vt 0.639018 0.695754 0
vt 0.726413 0.765748 0
vt 0.726298 0.780771 0
vt 0.579611 0.829149 0
vt 0.640325 0.66992 0
vt 0.636473 0.666848 0
vt 0.645988 0.647091 0
vt 0.650791 0.648187 0
vt 0.729216 0.833004 0
vt 0.726413 0.831639 0
vt 0.300676 0.853177 0
vt 0.282384 0.857352 0
vt 0.264092 0.853177 0
vt 0.249423 0.841479 0
vt 0.241282 0.824575 0
vt 0.241282 0.805812 0
vt 0.249423 0.788908 0
vt 0.264092 0.77721 0
vt 0.282384 0.773035 0
vt 0.300676 0.77721 0
vt 0.315345 0.788908 0
vt 0.323485 0.805812 0
vt 0.323485 0.824575 0
vt 0.315345 0.841479 0
vt 0.579668 0.846082 0
vt 0.830805 0.565988 0
vt 0.842021 0.570117 0
vt 0.624784 0.78799 0
vt 0.607679 0.793779 0
vt 0.593828 0.793838 0
vt 0.593771 0.810505 0
vt 0.844585 0.622765 0
vt 0.00630283 0.792253 0
vt 0.0215646 0.780082 0
vt 0.0215645 0.859119 0
vt 0.00630281 0.846948 0
vt 0.0596267 0.780082 0
vt 0.0748884 0.792253 0
vt 0.607632 0.850499 0
vt 0.44989 0.602333 0
vt 0.453742 0.605405 0
vt 0.444227 0.625162 0
vt 0.439424 0.624065 0
vt 0.74025 0.820625 0
vt 0.740202 0.799406 0
vt 0.540304 0.51676 0
vt 0.545107 0.515664 0
vt 0.817813 0.533824 0
vt 0.801121 0.533819 0
vt 0.801073 0.512601 0
vt 0.817765 0.512606 0
vt 0.834504 0.533829 0
vt 0.834456 0.512611 0
vt 0.574433 0.587293 0
vt 0.57657 0.591732 0
vt 0.559426 0.605405 0
vt 0.555573 0.602333 0
vt 0.624793 0.707889 0
vt 0.624736 0.72941 0
vt 0.545107 0.539785 0
vt 0.549911 0.538689 0
vt 0.559426 0.558446 0
vt 0.555573 0.561518 0
vt 0.813773 0.583556 0
vt 0.830464 0.583563 0
vt 0.830408 0.605083 0
vt 0.813716 0.605077 0
vt 0.797082 0.58355 0
vt 0.797026 0.605071 0
vt 0.444227 0.647091 0
vt 0.439424 0.648187 0
vt 0.624952 0.690327 0
vt 0.439424 0.539785 0
vt 0.444227 0.538689 0
vt 0.453742 0.558446 0
vt 0.44989 0.561518 0
vt 0.813932 0.565994 0
vt 0.830623 0.566 0
vt 0.797241 0.565988 0
vt 0.545107 0.515664 0
vt 0.549911 0.51676 0
vt 0.565547 0.808779 0
vt 0.515782 0.587293 0
vt 0.513645 0.591732 0
vt 0.492266 0.586853 0
vt 0.492265 0.581925 0
vt 0.508908 0.830779 0
vt 0.492216 0.830779 0
vt 0.5256 0.830779 0
vt 0.597949 0.690327 0
vt 0.597949 0.6854 0
vt 0.619328 0.68052 0
vt 0.621466 0.68496 0
vt 0.565614 0.789056 0
vt 0.597949 0.581925 0
vt 0.597949 0.576998 0
vt 0.619328 0.572119 0
vt 0.621466 0.576558 0
vt 0.508841 0.850502 0
vt 0.49215 0.850502 0
vt 0.525533 0.850501 0
vt 0.534641 0.493931 0
vt 0.530789 0.497003 0
vt 0.513644 0.483331 0
vt 0.515782 0.478891 0
vt 0.740384 0.83734 0
vt 0.817947 0.550539 0
vt 0.801256 0.550534 0
vt 0.834638 0.550544 0
vt 0.593716 0.850498 0
vt 0.593771 0.830683 0
vt 0.545107 0.648187 0
vt 0.549911 0.647091 0
vt 0.559426 0.666848 0
vt 0.555573 0.66992 0
vt 0.548855 0.789057 0
vt 0.565547 0.789057 0
vt 0.565491 0.808873 0
vt 0.548799 0.808872 0
vt 0.532163 0.789056 0
vt 0.532107 0.808871 0
vt 0.468749 0.587293 0
vt 0.470887 0.591732 0
vt 0.468749 0.478891 0
vt 0.470887 0.483331 0
vt 0.453742 0.497003 0
vt 0.44989 0.493931 0
vt 0.57657 0.572118 0
vt 0.574432 0.576558 0
vt 0.624793 0.750626 0
vt 0.468749 0.68496 0
vt 0.470887 0.68052 0
vt 0.492266 0.6854 0
vt 0.492265 0.690327 0
vt 0.830464 0.6263 0
vt 0.813773 0.626294 0
vt 0.797082 0.626288 0
vt 0.597949 0.473524 0
vt 0.597949 0.478451 0
vt 0.57657 0.483331 0
vt 0.574432 0.478891 0
vt 0.593771 0.808755 0
vt 0.574432 0.68496 0
vt 0.57657 0.68052 0
vt 0.565491 0.830801 0
vt 0.548799 0.8308 0
vt 0.532107 0.8308 0
vt 0.492266 0.478451 0
vt 0.492266 0.473524 0
vt 0.593716 0.789056 0
vt 0.650791 0.624065 0
vt 0.645988 0.625162 0
vt 0.636473 0.605405 0
vt 0.640325 0.602333 0
vt 0.565547 0.850499 0
vt 0.548855 0.850499 0
vt 0.532163 0.850498 0
vt 0.624952 0.767337 0
vt 0.515782 0.576558 0
vt 0.513645 0.572118 0
vt 0.830623 0.64301 0
vt 0.813932 0.643004 0
vt 0.797241 0.642998 0
vt 0.846794 0.852456 0
vt 0.85924 0.852456 0
vt 0.859314 0.874226 0
vt 0.846867 0.874226 0
vt 0.106181 0.797278 0
vt 0.0938313 0.797275 0
vt 0.0939789 0.777961 0
vt 0.106329 0.777965 0
vt 0.414164 0.829594 0
vt 0.401814 0.829594 0
vt 0.40174 0.807824 0
vt 0.414091 0.807824 0
vt 0.335984 0.792352 0
vt 0.323538 0.792349 0
vt 0.323686 0.773035 0
vt 0.336132 0.773039 0
vt 0.106181 0.84429 0
vt 0.0938314 0.844286 0
vt 0.0937786 0.820946 0
vt 0.106129 0.820949 0
vt 0.335984 0.839364 0
vt 0.323538 0.83936 0
vt 0.323485 0.81602 0
vt 0.335931 0.816024 0
vt 0.0812539 0.797279 0
vt 0.0936037 0.797284 0
vt 0.0935413 0.820956 0
vt 0.0811914 0.820952 0
vt 0.2284 0.787995 0
vt 0.240845 0.788 0
vt 0.240783 0.811673 0
vt 0.228337 0.811668 0
vt 0.0814289 0.777961 0
vt 0.0937786 0.777965 0
vt 0.228575 0.768677 0
vt 0.24102 0.768682 0
vt 0.414164 0.853716 0
vt 0.401814 0.853716 0
vt 0.846794 0.828335 0
vt 0.85924 0.828334 0
vt 0.414091 0.875411 0
vt 0.40174 0.875411 0
vt 0.846867 0.806639 0
vt 0.859314 0.806639 0
vt 0.106329 0.862676 0
vt 0.0939789 0.862673 0
vt 0.336132 0.85775 0
vt 0.323686 0.857747 0
vt 0.426515 0.87541 0
vt 0.414164 0.87541 0
vt 0.414225 0.853613 0
vt 0.426576 0.853614 0
vt 0.389294 0.807824 0
vt 0.40174 0.807824 0
vt 0.401679 0.829621 0
vt 0.389233 0.82962 0
vt 0.0936037 0.844295 0
vt 0.0812539 0.84429 0
vt 0.240845 0.835011 0
vt 0.2284 0.835006 0
vt 0.414225 0.829492 0
vt 0.426576 0.829492 0
vt 0.401679 0.853742 0
vt 0.389233 0.853742 0
vt 0.414164 0.807824 0
vt 0.426515 0.807824 0
vt 0.40174 0.87541 0
vt 0.389294 0.87541 0
vt 0.0937786 0.862676 0
vt 0.0814289 0.862672 0
vt 0.24102 0.853392 0
vt 0.228575 0.853388 0
vt 0.540304 0.647091 0
vt 0.540304 0.625162 0
vt 0.545107 0.624065 0
vt 0.555573 0.493931 0
vt 0.559426 0.497003 0
vt 0.470887 0.572118 0
vt 0.468749 0.576558 0
vt 0.453742 0.666848 0
vt 0.44989 0.66992 0
vt 0.597949 0.581925 0
vt 0.597949 0.586853 0
vt 0.492266 0.576998 0
vt 0.492266 0.581925 0
vt 0.621466 0.587293 0
vt 0.619328 0.591732 0
vt 0.636473 0.497003 0
vt 0.640325 0.493931 0
vt 0.534641 0.66992 0
vt 0.530789 0.666848 0
vt 0.619328 0.483331 0
vt 0.621466 0.478891 0
vt 0.444227 0.51676 0
vt 0.439424 0.515664 0
vt 0.515782 0.68496 0
vt 0.513645 0.68052 0
vt 0.549911 0.625162 0
vt 0.636473 0.558446 0
vt 0.640325 0.561518 0
vt 0.534641 0.602333 0
vt 0.530789 0.605405 0
vt 0.0516247 0.577262 0
vt 0.0171453 0.576967 0
vt 0 0.551566 0
vt 0.0507024 0.552005 0
vt 0.00949613 0.517874 0
vt 0.0459298 0.525331 0
vt 0.192812 0.51434 0
vt 0.230205 0.525074 0
vt 0.241282 0.55185 0
vt 0.19083 0.541362 0
vt 0.229887 0.577095 0
vt 0.19724 0.573828 0
vt 0.173033 0.705405 0
vt 0.124367 0.69191 0
vt 0.109972 0.667453 0
vt 0.179975 0.678225 0
vt 0.130935 0.643624 0
vt 0.163622 0.653511 0
vt 0.399426 0.695916 0
vt 0.436788 0.706898 0
vt 0.439424 0.732198 0
vt 0.389233 0.720468 0
vt 0.439424 0.796422 0
vt 0.49215 0.789059 0
vt 0.481029 0.819056 0
vt 0.448325 0.820122 0
vt 0.0928563 0.532659 0
vt 0.0462223 0.508005 0
vt 0.104277 0.506105 0
vt 0.0418891 0.480476 0
vt 0.49215 0.849829 0
vt 0.00929475 0.502255 0
vt 0.0156076 0.473524 0
vt 0.237712 0.598426 0
vt 0.194471 0.589445 0
vt 0.231077 0.626563 0
vt 0.199917 0.617309 0
vt 0.126017 0.621974 0
vt 0.170816 0.631872 0
vt 0.130935 0.594141 0
vt 0.163622 0.604027 0
vt 0.833301 0.840091 0
vt 0.80147 0.830107 0
vt 0.79927 0.808403 0
vt 0.842287 0.818445 0
vt 0.80147 0.780625 0
vt 0.833301 0.79061 0
vt 0.326963 0.473524 0
vt 0.354458 0.483524 0
vt 0.353152 0.50517 0
vt 0.316748 0.495121 0
vt 0.354458 0.533008 0
vt 0.326963 0.523008 0
vt 0.179975 0.608146 0
vt 0.195661 0.638912 0
vt 0.389233 0.514912 0
vt 0.379825 0.542784 0
vt 0.238902 0.647894 0
vt 0.232267 0.676031 0
vt 0.201108 0.666777 0
vt 0.126017 0.572491 0
vt 0.170816 0.582388 0
vt 0.130935 0.544658 0
vt 0.163622 0.554544 0
vt 0.79927 0.758922 0
vt 0.842287 0.768964 0
vt 0.80147 0.731144 0
vt 0.833301 0.741128 0
vt 0.353152 0.554654 0
vt 0.316748 0.544605 0
vt 0.354459 0.582492 0
vt 0.326963 0.572491 0
vt 0.181165 0.657614 0
vt 0.196851 0.688381 0
vt 0.389233 0.564396 0
vt 0.379825 0.592268 0
vt 0.240092 0.697362 0
vt 0.233458 0.725499 0
vt 0.202298 0.716245 0
vt 0.126017 0.523007 0
vt 0.170816 0.532905 0
vt 0.130935 0.495174 0
vt 0.163622 0.50506 0
vt 0.79927 0.709441 0
vt 0.842287 0.719482 0
vt 0.80147 0.681662 0
vt 0.833301 0.691647 0
vt 0.353152 0.604138 0
vt 0.316748 0.594089 0
vt 0.354459 0.631975 0
vt 0.326963 0.621975 0
vt 0.182355 0.707082 0
vt 0.198041 0.737849 0
vt 0.389233 0.61388 0
vt 0.378995 0.635456 0
vt 0.241282 0.74683 0
vt 0.232818 0.768677 0
vt 0.200759 0.759475 0
vt 0.126017 0.473524 0
vt 0.170815 0.483421 0
vt 0.79927 0.659959 0
vt 0.842287 0.670001 0
vt 0.353152 0.653622 0
vt 0.316748 0.643573 0
vt 0.665733 0.473524 0
vt 0.708746 0.483543 0
vt 0.701436 0.511512 0
vt 0.670508 0.501511 0
vt 0.170816 0.924153 0
vt 0.126018 0.914255 0
vt 0.130935 0.886422 0
vt 0.163622 0.896308 0
vt 0.393704 0.473524 0
vt 0.436721 0.483566 0
vt 0.43452 0.511344 0
vt 0.40269 0.501359 0
vt 0.102173 0.777961 0
vt 0.0737507 0.771017 0
vt 0.0726897 0.749358 0
vt 0.109972 0.755378 0
vt 0.0683565 0.721829 0
vt 0.0967784 0.728772 0
vt 0.650791 0.491871 0
vt 0.665733 0.523006 0
vt 0.0357622 0.743607 0
vt 0.0420751 0.714876 0
vt 0.708746 0.533025 0
vt 0.701436 0.560995 0
vt 0.670508 0.550993 0
vt 0.126018 0.864771 0
vt 0.170816 0.874669 0
vt 0.130935 0.836938 0
vt 0.163622 0.846824 0
vt 0.436721 0.533047 0
vt 0.393704 0.523005 0
vt 0.43452 0.560825 0
vt 0.40269 0.55084 0
vt 0.0672955 0.700169 0
vt 0.104578 0.70619 0
vt 0.0629623 0.67264 0
vt 0.0913842 0.679583 0
vt 0.650791 0.541353 0
vt 0.665733 0.572488 0
vt 0.0303679 0.694418 0
vt 0.0366809 0.665687 0
vt 0.708746 0.582508 0
vt 0.701436 0.610477 0
vt 0.670508 0.600476 0
vt 0.126018 0.815288 0
vt 0.170816 0.825186 0
vt 0.130935 0.787455 0
vt 0.163622 0.797341 0
vt 0.436721 0.582528 0
vt 0.393704 0.572486 0
vt 0.43452 0.610306 0
vt 0.40269 0.600322 0
vt 0.0619013 0.65098 0
vt 0.0991836 0.657 0
vt 0.057568 0.623451 0
vt 0.08599 0.630394 0
vt 0.650791 0.590835 0
vt 0.665733 0.621971 0
vt 0.0249738 0.645229 0
vt 0.0312866 0.616498 0
vt 0.708746 0.63199 0
vt 0.701436 0.659959 0
vt 0.670508 0.649958 0
vt 0.126017 0.765804 0
vt 0.170816 0.775702 0
vt 0.124367 0.744152 0
vt 0.163622 0.747858 0
vt 0.436721 0.63201 0
vt 0.393704 0.621968 0
vt 0.436554 0.655325 0
vt 0.399426 0.643676 0
vt 0.056507 0.601791 0
vt 0.0937894 0.607812 0
vt 0.0909839 0.58466 0
vt 0.65054 0.735112 0
vt 0.639018 0.704487 0
vt 0.65054 0.690327 0
vt 0.0122975 0.600115 0
vt 0.74112 0.880685 0
vt 0.726257 0.851534 0
vt 0.74112 0.83734 0
vt 0.240026 0.499624 0
vt 0.189852 0.491839 0
vt 0.196458 0.473524 0
vt 0.109972 0.719696 0
vt 0.179975 0.730467 0
vt 0.439424 0.679958 0
vt 0.389233 0.668228 0
vt 0.109972 0.558037 0
vt 0.341112 0.844652 0
vt 0.341112 0.653622 0
vt 0.389233 0.694821 0
vt 0.389233 0.799798 0
vt 0.241282 0.664644 0
vt 0.241282 0.473524 0
vt 0.316748 0.473524 0
vt 0.316748 0.664644 0
vt 0.79927 0.704845 0
vt 0.79927 0.809821 0
vt 0.75115 0.850987 0
vt 0.75115 0.659959 0
vt 0.650791 0.865356 0
vt 0.650791 0.760329 0
vt 0.726257 0.760329 0
vt 0.726257 0.865356 0
vt 0.179975 0.768928 0
vt 0.228337 0.768677 0
vt 0.228337 0.844142 0
vt 0.179975 0.844393 0
vt 0.389233 0.807663 0
vt 0.389233 0.732198 0
vt 0.43767 0.732358 0
vt 0.43767 0.807824 0
vt 0.861212 0.0528569 0
vt 0.89419 0.0858349 0
vt 0.920101 0.124613 0
vt 0.937949 0.167701 0
vt 0.947047 0.213443 0
vt 0.947047 0.260081 0
vt 0.937949 0.305823 0
vt 0.920101 0.348911 0
vt 0.89419 0.387689 0
vt 0.861212 0.420667 0
vt 0.822434 0.446577 0
vt 0.779346 0.464425 0
vt 0.733605 0.473524 0
vt 0.686967 0.473524 0
vt 0.641225 0.464425 0
vt 0.598137 0.446577 0
vt 0.559359 0.420667 0
vt 0.526381 0.387689 0
vt 0.50047 0.348911 0
vt 0.482622 0.305823 0
vt 0.473524 0.260081 0
vt 0.473524 0.213443 0
vt 0.482622 0.167701 0
vt 0.50047 0.124613 0
vt 0.526381 0.0858349 0
vt 0.559359 0.0528568 0
vt 0.598137 0.0269462 0
vt 0.641225 0.0090986 0
vt 0.686967 0 0
vt 0.733605 5.00692e-08 0
vt 0.779347 0.00909873 0
vt 0.822435 0.0269464 0
vt 0.906674 0.809974 0
vt 0.906466 0.773816 0
vt 0.919426 0.773815 0
vt 0.919634 0.809973 0
vt 0.305823 0.464425 0
vt 0.260081 0.473524 0
vt 0.213443 0.473524 0
vt 0.167702 0.464425 0
vt 0.124614 0.446578 0
vt 0.0858354 0.420667 0
vt 0.0528572 0.387689 0
vt 0.0269465 0.348911 0
vt 0.00909882 0.305823 0
vt 1.00138e-07 0.260081 0
vt 0 0.213443 0
vt 0.00909853 0.167701 0
vt 0.0269461 0.124613 0
vt 0.0528567 0.0858353 0
vt 0.0858347 0.0528571 0
vt 0.124613 0.0269464 0
vt 0.167701 0.00909875 0
vt 0.213443 1.00138e-07 0
vt 0.260081 0 0
vt 0.305822 0.00909853 0
vt 0.34891 0.0269461 0
vt 0.387689 0.0528568 0
vt 0.420667 0.0858348 0
vt 0.446577 0.124613 0
vt 0.464425 0.167701 0
vt 0.473524 0.213443 0
vt 0.473524 0.260081 0
vt 0.464425 0.305823 0
vt 0.446578 0.34891 0
vt 0.420667 0.387689 0
vt 0.387689 0.420667 0
vt 0.348911 0.446577 0
vt 0.906217 0.595101 0
vt 0.906312 0.550521 0
vt 0.919272 0.55052 0
vt 0.919176 0.595101 0
vt 0.892924 0.733105 0
vt 0.892845 0.688559 0
vt 0.905805 0.688559 0
vt 0.905884 0.733105 0
vt 0.933744 0.510479 0
vt 0.934088 0.473524 0
vt 0.947047 0.473528 0
vt 0.946703 0.510484 0
vt 0.906184 0.641498 0
vt 0.919144 0.641497 0
vt 0.893052 0.7741 0
vt 0.906012 0.7741 0
vt 0.933488 0.552275 0
vt 0.946447 0.55228 0
vt 0.893224 0.809969 0
vt 0.906184 0.80997 0
vt 0.933331 0.597305 0
vt 0.94629 0.597309 0
vt 0.932987 0.774697 0
vt 0.933277 0.80982 0
vt 0.920318 0.809816 0
vt 0.920027 0.774693 0
vt 0.933277 0.643838 0
vt 0.946237 0.643843 0
vt 0.932771 0.734263 0
vt 0.919812 0.734259 0
vt 0.933331 0.690086 0
vt 0.94629 0.690091 0
vt 0.932638 0.690072 0
vt 0.919679 0.690068 0
vt 0.933488 0.734273 0
vt 0.946447 0.734278 0
vt 0.932593 0.643821 0
vt 0.919634 0.643818 0
vt 0.933744 0.7747 0
vt 0.946703 0.774704 0
vt 0.932638 0.597289 0
vt 0.919679 0.597285 0
vt 0.934088 0.809812 0
vt 0.947047 0.809817 0
vt 0.932771 0.552263 0
vt 0.919812 0.552259 0
vt 0.893052 0.509756 0
vt 0.893224 0.473524 0
vt 0.906184 0.473524 0
vt 0.906012 0.509757 0
vt 0.932987 0.510474 0
vt 0.920027 0.51047 0
vt 0.892924 0.551022 0
vt 0.905884 0.551022 0
vt 0.906217 0.687927 0
vt 0.919176 0.687927 0
vt 0.933277 0.473528 0
vt 0.920318 0.473524 0
vt 0.892845 0.595734 0
vt 0.905805 0.595734 0
vt 0.906312 0.732606 0
vt 0.919272 0.732605 0
vt 0.906466 0.509469 0
vt 0.906674 0.473524 0
vt 0.919634 0.473524 0
vt 0.919426 0.509469 0
vt 0.892818 0.642174 0
vt 0.905778 0.642175 0
vt 0.315 5.72205e-08 0
vt 0.3725 5.72205e-08 0
vt 0.3725 0.5 0
vt 0.315 0.5 0
vt 0.2525 0.5 0
vt 0.2525 5.72205e-08 0
vt 0.31 5.72205e-08 0
vt 0.31 0.5 0
vt 0.19 5.72205e-08 0
vt 0.2475 5.72205e-08 0
vt 0.2475 0.5 0
vt 0.19 0.5 0
vt 0.1275 0.5 0
vt 0.1275 5.72205e-08 0
vt 0.185 5.72205e-08 0
vt 0.185 0.5 0
vt 0.00250011 0.5 0
vt 0.0025 1.14441e-07 0
vt 0.06 7.62939e-08 0
vt 0.0600001 0.5 0
vt 0.5 3.8147e-08 0
vt 0.5575 0 0
vt 0.5575 0.5 0
vt 0.5 0.5 0
vt 0.902501 0 0
vt 0.902501 0.5 0
vt 0.845001 0.5 0
vt 0.845001 0 0
vt 0.960001 0.5 0
vt 0.902501 0 0
vt 0.960001 0 0
vt 0.7875 0 0
vt 0.787501 0.5 0
vt 0.73 0.5 0
vt 0.73 0 0
vt 0.787501 0 0
vt 0.845001 0 0
vt 0.845001 0.5 0
vt 0.787501 0.5 0
vt 0.5575 3.8147e-08 0
vt 0.615 0 0
vt 0.615 0.5 0
vt 0.5575 0.5 0
vt 0.0312501 0.5 0
vt 0.0575001 0.5 0
vt 0.0575002 1 0
vt 0.0312501 1 0
vt 0.996251 0.5 0
vt 0.993751 0.5 0
vt 0.993751 0 0
vt 0.996251 0 0
vt 9.53674e-09 0.56 0
vt 0.00249998 0.5 0
vt 0.02875 0.5 0
vt 0.03125 0.56 0
vt 0.991251 0.2475 0
vt 0.960001 0.2475 0
vt 0.960001 0.19 0
vt 0.991251 0.19 0
vt 0.991251 0.3725 0
vt 0.960001 0.3725 0
vt 0.960001 0.315 0
vt 0.991251 0.315 0
vt 0.991251 0.435 0
vt 0.960001 0.435 0
vt 0.960001 0.3775 0
vt 0.991251 0.3775 0
vt 0.991251 0.2525 0
vt 0.991251 0.31 0
vt 0.960001 0.31 0
vt 0.960001 0.2525 0
vt 0.960001 0.06 0
vt 0.962501 1.90735e-08 0
vt 0.988751 0 0
vt 0.991251 0.06 0
vt 0.375 5.72205e-08 0
vt 0.375 0.5 0
vt 0.00250006 1 0
vt 6.67572e-08 0.94 0
vt 0.0312501 0.94 0
vt 0.0287501 1 0
vt 0.03125 0.7475 0
vt 3.8147e-08 0.7475 0
vt 2.86102e-08 0.69 0
vt 0.03125 0.69 0
vt 0.03125 0.81 0
vt 4.76837e-08 0.81 0
vt 3.8147e-08 0.7525 0
vt 0.03125 0.7525 0
vt 0.03125 0.8725 0
vt 5.72205e-08 0.8725 0
vt 4.76837e-08 0.815 0
vt 0.03125 0.815 0
vt 0.0625 7.62939e-08 0
vt 0.0625001 0.5 0
vt 0.5 0 0
vt 0.5 0.5 0
vt 0.4975 0.5 0
vt 0.4975 0 0
vt 0.3125 5.72205e-08 0
vt 0.3125 0.5 0
vt 0.25 5.72205e-08 0
vt 0.25 0.5 0
vt 0.1875 5.72205e-08 0
vt 0.1875 0.5 0
vt 0.125 5.72205e-08 0
vt 0.125 0.5 0
vt 1.14441e-07 0.5 0
vt 0 1.14441e-07 0
vt 0.0600001 0.5 0
vt 0.0600001 1 0
vt 0.993751 0.5 0
vt 0.991251 0.5 0
vt 0.991251 0 0
vt 0.993751 0 0
vt 0.113751 0.5 0
vt 0.116251 0.5 0
vt 0.116251 1 0
vt 0.113751 1 0
vt 0.111251 1 0
vt 0.111251 0.5 0
vt 0.113751 0.5 0
vt 0.111251 1 0
vt 0.108751 1 0
vt 0.108751 0.5 0
vt 0.111251 0.5 0
vt 0.106251 1 0
vt 0.103751 1 0
vt 0.103751 0.5 0
vt 0.106251 0.5 0
vt 0.0862502 1 0
vt 0.0862501 0.5 0
vt 0.0887502 0.5 0
vt 0.0887502 1 0
vt 0.108751 1 0
vt 0.106251 1 0
vt 0.106251 0.5 0
vt 0.108751 0.5 0
vt 0.988751 0.0625 0
vt 0.962501 0.0625 0
vt 0.988751 0.125 0
vt 0.962501 0.125 0
vt 0.960001 0.1225 0
vt 0.991251 0.1225 0
vt 0.988751 0.25 0
vt 0.962501 0.25 0
vt 0.988751 0.375 0
vt 0.962501 0.375 0
vt 0.988751 0.4375 0
vt 0.962501 0.4375 0
vt 0.02875 0.5625 0
vt 0.00250002 0.5625 0
vt 0.02875 0.6875 0
vt 0.00250004 0.6875 0
vt 2.86102e-08 0.685 0
vt 0.03125 0.685 0
vt 0.02875 0.75 0
vt 0.00250005 0.75 0
vt 0.02875 0.8125 0
vt 0.00250006 0.8125 0
vt 0.0287501 0.875 0
vt 0.00250007 0.875 0
vt 0.0912503 1 0
vt 0.0887502 1 0
vt 0.0887502 0.5 0
vt 0.0912502 0.5 0
vt 0.991251 0.44 0
vt 0.960001 0.44 0
vt 0.03125 0.6275 0
vt 1.90735e-08 0.6275 0
vt 0.00250003 0.625 0
vt 0.02875 0.625 0
vt 0.962501 0.3125 0
vt 0.988751 0.3125 0
vt 0.0962505 1 0
vt 0.0937505 1 0
vt 0.0937504 0.5 0
vt 0.0962504 0.5 0
vt 0.962501 0.1875 0
vt 0.988751 0.1875 0
vt 0.1225 7.62939e-08 0
vt 0.1225 0.5 0
vt 0.0650001 0.5 0
vt 0.065 7.62939e-08 0
vt 0.991251 0.065 0
vt 0.960001 0.065 0
vt 0.00250008 0.9375 0
vt 0.0287501 0.9375 0
vt 0.962501 0.5 0
vt 0.960001 0.4975 0
vt 0 0.5025 0
vt 0.991251 0.4975 0
vt 0.988751 0.5 0
vt 0.03125 0.5025 0
vt 0.991251 0.0025 0
vt 0.0312501 0.9975 0
vt 0.960001 0.00250002 0
vt 7.62939e-08 0.9975 0
vt 0.6725 0 0
vt 0.6725 0.5 0
vt 0.615 0.5 0
vt 0.615 0 0
vt 0.0987506 1 0
vt 0.0987506 0.5 0
vt 0.101251 0.5 0
vt 0.101251 1 0
vt 0.0912503 1 0
vt 0.0912503 0.5 0
vt 0.0937503 0.5 0
vt 0.0937504 1 0
vt 0.435 3.8147e-08 0
vt 0.435 0.5 0
vt 0.3775 0.5 0
vt 0.3775 3.8147e-08 0
vt 0.73 0 0
vt 0.73 0.5 0
vt 0.6725 0.5 0
vt 0.6725 0 0
vt 1.90735e-08 0.6225 0
vt 9.53674e-09 0.565 0
vt 0.03125 0.565 0
vt 0.03125 0.6225 0
vt 0.0987506 1 0
vt 0.0962505 1 0
vt 0.0962505 0.5 0
vt 0.0987505 0.5 0
vt 0.996251 0.5 0
vt 0.996251 0 0
vt 0.998751 0 0
vt 0.998751 0.5 0
vt 0.103751 1 0
vt 0.101251 1 0
vt 0.101251 0.5 0
vt 0.103751 0.5 0
vt 0.4375 3.8147e-08 0
vt 0.4375 0.5 0
vt 0.44 3.8147e-08 0
vt 0.44 0.5 0
vt 0.03125 0.8775 0
vt 5.72205e-08 0.8775 0
vt 0.03125 0.935 0
vt 6.67572e-08 0.935 0
vt 0.991251 0.1275 0
vt 0.960001 0.1275 0
vt 0.960001 0.185 0
vt 0.991251 0.185 0
vt 0.0600002 0.5 0
vt 0.28539 0.745073 0
vt 0.310606 0.518129 0
vt 0.330779 0.543345 0
vt 0.310606 0.724901 0
vt 0.272294 0.874312 0
vt 0.272305 0.906604 0
vt 0.240013 0.906616 0
vt 0.240001 0.874323 0
vt 0.240013 0.745085 0
vt 0.272305 0.745073 0
vt 0.304609 0.767908 0
vt 0.327444 0.745073 0
vt 0.327444 0.973415 0
vt 0.304609 0.95058 0
vt 0.912576 0.383799 0
vt 0.944868 0.383806 0
vt 0.944868 0.545336 0
vt 0.912576 0.545329 0
vt 0.689121 0.91165 0
vt 0.721413 0.91165 0
vt 0.721413 0.943942 0
vt 0.689121 0.943942 0
vt 0.260174 0.518129 0
vt 0.28539 0.745073 0
vt 0.260174 0.724901 0
vt 0.240001 0.543345 0
vt 0.304598 0.874312 0
vt 0.304609 0.906604 0
vt 0.272317 0.906616 0
vt 0.272305 0.874323 0
vt 0.272317 0.745085 0
vt 0.304609 0.745073 0
vt 0.982231 0.205507 0
vt 0.959397 0.228341 0
vt 0.959397 0 0
vt 0.982231 0.0228341 0
vt 0.920881 0.929135 0
vt 0.888588 0.929128 0
vt 0.888588 0.767598 0
vt 0.920881 0.767605 0
vt 0.656828 0.943942 0
vt 0.624536 0.943942 0
vt 0.624536 0.91165 0
vt 0.656828 0.91165 0
vt 0.967702 0.383799 0
vt 0.967702 0.61214 0
vt 0.944868 0.589306 0
vt 0.944868 0.406633 0
vt 0.19224 0.901928 0
vt 0.224532 0.901928 0
vt 0.224532 0.93422 0
vt 0.19224 0.93422 0
vt 0.967708 0.383805 0
vt 1 0.383799 0
vt 0.999995 0.512914 0
vt 0.967702 0.512919 0
vt 0.936563 0.0228341 0
vt 0.959397 0 0
vt 0.959397 0.228341 0
vt 0.936563 0.205507 0
vt 0.920881 0.767598 0
vt 0.953173 0.767598 0
vt 0.953173 0.92906 0
vt 0.920881 0.92906 0
vt 0.967708 0.545212 0
vt 1 0.545206 0
vt 0.74479 0.70809 0
vt 0.74479 0.479749 0
vt 0.767624 0.502583 0
vt 0.767624 0.685256 0
vt 0.689121 0.943942 0
vt 0.656828 0.943942 0
vt 0.656828 0.91165 0
vt 0.953178 0.767604 0
vt 0.985471 0.767598 0
vt 0.985465 0.896713 0
vt 0.953173 0.896719 0
vt 0.767624 0.913597 0
vt 0.74479 0.936431 0
vt 0.74479 0.70809 0
vt 0.767624 0.730924 0
vt 0.912576 0.545336 0
vt 0.944868 0.545336 0
vt 0.944868 0.706797 0
vt 0.912576 0.706797 0
vt 0.953178 0.929011 0
vt 0.985471 0.929005 0
vt 0.432241 0.959624 0
vt 0.384266 0.959624 0
vt 0.384195 0.911523 0
vt 0.432241 0.911649 0
vt 0.57649 0.91165 0
vt 0.576561 0.863548 0
vt 0.624536 0.863548 0
vt 0.624536 0.911523 0
vt 0.528373 0.911523 0
vt 0.528373 0.479749 0
vt 0.576348 0.479749 0
vt 0.576348 0.911523 0
vt 0.43217 0.479749 0
vt 0.43217 0.911523 0
vt 0.384195 0.911523 0
vt 0.384195 0.479749 0
vt 0.816491 0.863548 0
vt 0.816492 0.431774 0
vt 0.864538 0.431774 0
vt 0.864538 0.863548 0
vt 0.76839 0.863548 0
vt 0.76839 0.431774 0
vt 0.816491 0.431774 0
vt 0.816491 0.863548 0
vt 0.288047 0.954717 0
vt 0.240072 0.954717 0
vt 0.240001 0.906616 0
vt 0.288047 0.906742 0
vt 0.624536 0.91165 0
vt 0.624607 0.863548 0
vt 0.672582 0.863548 0
vt 0.672582 0.911523 0
vt 0.480398 0.911523 0
vt 0.480398 0.479749 0
vt 0.528373 0.479749 0
vt 0.528373 0.911523 0
vt 0.43217 0.911523 0
vt 0.43217 0.479749 0
vt 0.480145 0.479749 0
vt 0.480145 0.911523 0
vt 0.816491 0.431774 0
vt 0.816492 4.39223e-08 0
vt 0.864538 0 0
vt 0.864538 0.431774 0
vt 0.816491 0 0
vt 0.76839 2.92816e-08 0
vt 0.864537 0.911649 0
vt 0.816563 0.911649 0
vt 0.864537 0.863674 0
vt 0.0480461 0.901928 0
vt 0.0479749 0.95003 0
vt 0 0.95003 0
vt 5.85631e-08 0.902055 0
vt 0.720415 0 0
vt 0.720415 0.479749 0
vt 0.67244 0.479749 0
vt 0.67244 0 0
vt 0.67244 1.46408e-08 0
vt 0.624465 0.479749 0
vt 0.624465 0 0
vt 0.480398 0.479749 0
vt 0.480398 0 0
vt 0.528444 2.92816e-08 0
vt 0.528444 0.479749 0
vt 0.384195 0.479749 0
vt 0.384195 2.92816e-08 0
vt 0.432296 0 0
vt 0.432296 0.479749 0
vt 0.720628 0.91165 0
vt 0.672653 0.91165 0
vt 0.720628 0.863675 0
vt 0.816436 0.863548 0
vt 0.816365 0.911649 0
vt 0.76839 0.911649 0
vt 0.76839 0.863674 0
vt 0.76839 0 0
vt 0.76839 0.479749 0
vt 0.720415 0.479749 0
vt 0.624465 1.46408e-08 0
vt 0.624465 0.479749 0
vt 0.57649 0.479749 0
vt 0.57649 0 0
vt 0.528444 0.479749 0
vt 0.528444 0 0
vt 0.57649 1.46408e-08 0
vt 0.57649 0.479749 0
vt 0.480398 0 0
vt 0.480398 0.479749 0
vt 0.432297 0.479749 0
vt 0.432296 7.32039e-08 0
vt 0.144193 0.950029 0
vt 0.0962186 0.950029 0
vt 0.0961474 0.901928 0
vt 0.144193 0.902055 0
vt 0.57649 0.959751 0
vt 0.576561 0.91165 0
vt 0.624536 0.959625 0
vt 0.33622 0.518129 0
vt 0.33622 0 0
vt 0.384195 2.92816e-08 0
vt 0.384195 0.518129 0
vt 0.24027 0.518129 0
vt 0.24027 0 0
vt 0.288245 0 0
vt 0.288245 0.518129 0
vt 0.0962029 0.518129 0
vt 0.0962028 0 0
vt 0.144249 5.85631e-08 0
vt 0.144249 0.518129 0
vt 0.0481013 0 0
vt 0.0481014 0.518129 0
vt 8.78447e-08 0.518129 0
vt 0 1.17126e-07 0
vt 0.0961475 0.950029 0
vt 0.0481726 0.950029 0
vt 0.0481014 0.901928 0
vt 0.0961474 0.902055 0
vt 0.144265 0.901928 0
vt 0.19224 0.949903 0
vt 0.288245 0.518129 0
vt 0.288245 0 0
vt 0.33622 2.92816e-08 0
vt 0.33622 0.518129 0
vt 0.24027 2.92816e-08 0
vt 0.192295 0.518129 0
vt 0.192295 0 0
vt 0.192295 8.78447e-08 0
vt 0.192295 0.518129 0
vt 0.144249 0 0
vt 0.0962027 0 0
vt 0.0962028 0.518129 0
vt 0.0481015 0.518129 0
vt 0.0481014 5.85631e-08 0
vt 0.480287 0.959624 0
vt 0.432312 0.959624 0
vt 0.432241 0.911523 0
vt 0.480287 0.911649 0
vt 0.57649 0.911523 0
vt 0.576419 0.959624 0
vt 0.528444 0.959624 0
vt 0.528444 0.911649 0
vt 0.144051 0.901928 0
vt 0.144051 0.518129 0
vt 0.192026 0.518129 0
vt 0.192026 0.901928 0
vt 0.0960764 0.901928 0
vt 0.0960764 0.518129 0
vt 0.144051 0.518129 0
vt 0.144051 0.901928 0
vt 0.672693 0.863548 0
vt 0.672693 0.479749 0
vt 0.720739 0.479749 0
vt 0.720739 0.863548 0
vt 0.624591 0.479749 0
vt 0.624592 0.863548 0
vt 0.57649 0.863548 0
vt 0.57649 0.479749 0
vt 0.528444 0.959624 0
vt 0.480469 0.959624 0
vt 0.480398 0.911523 0
vt 0.330779 0.950029 0
vt 0.33085 0.901928 0
vt 0.378825 0.901928 0
vt 0.378825 0.949903 0
vt 0.192026 0.901928 0
vt 0.192026 0.518129 0
vt 0.240001 0.518129 0
vt 0.240001 0.901928 0
vt 0.0960764 0.518129 0
vt 0.0481015 0.901928 0
vt 0.0480461 0.518129 0
vt 0.0480461 0.901928 0
vt 5.12427e-08 0.901928 0
vt 0 0.518129 0
vt 0.624592 0.863548 0
vt 0.624591 0.479749 0
vt 0.672693 0.863548 0
vt 0.888561 0.83975 0
vt 0.864573 0.83975 0
vt 0.864538 0.8157 0
vt 0.888561 0.815763 0
vt 0.888561 0.767598 0
vt 0.888525 0.791649 0
vt 0.864538 0.791649 0
vt 0.864538 0.767662 0
vt 0.888588 0.383799 0
vt 0.912576 0.383799 0
vt 0.912576 0.767598 0
vt 0.354802 0.901928 0
vt 0.354802 0.518129 0
vt 0.37879 0.518129 0
vt 0.37879 0.901928 0
vt 0.888561 0.383799 0
vt 0.888561 0.767598 0
vt 0.864538 0.767598 0
vt 0.864538 0.383799 0
vt 0.720739 0.863548 0
vt 0.720739 0.479749 0
vt 0.74479 0.479749 0
vt 0.74479 0.863548 0
vt 0.888561 0.8157 0
vt 0.864573 0.8157 0
vt 0.864538 0.791649 0
vt 0.888561 0.791712 0
vt 0.744762 0.863548 0
vt 0.744727 0.887599 0
vt 0.720739 0.887599 0
vt 0.720739 0.863611 0
vt 0.912576 0.383799 0
vt 0.912576 0 0
vt 0.936563 2.92816e-08 0
vt 0.936563 0.383799 0
vt 0.888588 0.383799 0
vt 0.888588 0 0
vt 0.330779 0.901928 0
vt 0.330779 0.518129 0
vt 0.354802 0.518129 0
vt 0.864538 0.383799 0
vt 0.864538 4.39223e-08 0
vt 0.888588 0.383799 0

# 3166 vertex normals
vn 0 -0.693438 -0.720517
vn 0.110766 0.830765 -0.545491
vn 0 -0.730345 0.683078
vn -0.248463 0.671692 0.697922
vn 0.110766 -0.830764 0.545492
vn 1 2.17654e-14 1.33595e-07
vn 0.131373 -0.687428 -0.714272
vn 0 0.730347 -0.683076
vn 0.282682 -0.700558 0.655217
vn 0.282682 0.700559 -0.655216
vn -1 4.35307e-15 2.67189e-08
vn 0.248463 0.671693 0.697922
vn -0.110766 -0.830765 0.545492
vn 1 2.61185e-14 1.60314e-07
vn -0.110766 0.830765 -0.545491
vn -1 0 -0
vn 0 -1.62921e-07 -1
vn 1 0 0
vn 0 1.62921e-07 1
vn 0 -1 1.62921e-07
vn 0 1 -1.62921e-07
vn 0.433363 0.0386836 0.900389
vn 0.355964 0.250185 0.900387
vn 0.0453443 0.0210422 0.99875
vn 0.0497873 -0.0044603 0.99875
vn 0.18318 0.394638 0.900392
vn 0.0287475 0.0408876 0.99875
vn -0.038683 0.433355 0.900393
vn 0.0044501 0.0497798 0.99875
vn -0.250177 0.355956 0.900393
vn -0.0210314 0.0453359 0.99875
vn -0.394648 0.183181 0.900388
vn -0.040886 0.0287473 0.99875
vn -0.433365 -0.038681 0.900388
vn -0.049788 0.00445066 0.99875
vn -0.355932 -0.250221 0.90039
vn -0.0453406 -0.0210363 0.99875
vn -0.183182 -0.394648 0.900387
vn -0.0287472 -0.0408899 0.99875
vn 0.0386828 -0.433371 0.900385
vn -0.00445142 -0.0497883 0.99875
vn 0.250226 -0.355942 0.900384
vn 0.0210379 -0.0453406 0.99875
vn 0.394647 -0.183184 0.900387
vn 0.0408981 -0.0287487 0.99875
vn 0 4.32287e-08 1
vn 0.433363 0.0387318 0.900387
vn 0.355963 0.250187 0.900387
vn 0.0453433 0.0210449 0.99875
vn 0.0497826 -0.00446075 0.99875
vn 0.183182 0.394638 0.900392
vn 0.0287479 0.0408895 0.99875
vn -0.0386834 0.433356 0.900392
vn 0.00444944 0.049779 0.99875
vn -0.250221 0.355933 0.900389
vn -0.394647 0.183179 0.900388
vn -0.0408908 0.0287479 0.99875
vn -0.433361 -0.0386828 0.90039
vn -0.0497855 0.00445139 0.99875
vn -0.35596 -0.250178 0.900391
vn -0.0453402 -0.0210358 0.99875
vn -0.18318 -0.394647 0.900388
vn -0.0287465 -0.0408891 0.99875
vn 0.0387334 -0.433368 0.900384
vn -0.00445074 -0.0497916 0.99875
vn 0.250183 -0.355967 0.900387
vn 0.0210416 -0.045349 0.99875
vn 0.394671 -0.183141 0.900385
vn 0.0408896 -0.0287479 0.99875
vn 0 -7.6458e-08 1
vn -0.433364 0.0387316 -0.900386
vn -0.355969 0.250187 -0.900385
vn -0.0453464 0.0210424 -0.99875
vn -0.0497902 -0.00446198 -0.99875
vn -0.183184 0.394643 -0.900389
vn -0.0287484 0.0408892 -0.99875
vn 0.038683 0.433358 -0.900391
vn -0.00445038 0.0497821 -0.99875
vn 0.25018 0.355962 -0.900389
vn 0.0210328 0.0453384 -0.99875
vn 0.394651 0.183183 -0.900386
vn 0.0408897 0.0287489 -0.99875
vn 0.433367 -0.0387315 -0.900385
vn 0.0497914 0.00445057 -0.99875
vn 0.355937 -0.250223 -0.900387
vn 0.0453428 -0.0210384 -0.99875
vn 0.183182 -0.394643 -0.900389
vn 0.0287481 -0.0408895 -0.99875
vn -0.0386828 -0.433367 -0.900387
vn 0.00445123 -0.0497861 -0.99875
vn -0.250226 -0.355942 -0.900385
vn -0.0210364 -0.0453407 -0.99875
vn -0.394651 -0.183185 -0.900385
vn -0.0408999 -0.028749 -0.998749
vn 0 -4.62153e-07 -1
vn -0.433356 0.0386813 -0.900392
vn -0.355956 0.250182 -0.900391
vn -0.0453415 0.0210433 -0.99875
vn -0.0497777 -0.00446024 -0.99875
vn -0.183176 0.394633 -0.900395
vn -0.0287442 0.0408861 -0.99875
vn 0.0386816 0.433347 -0.900396
vn -0.00445031 0.0497765 -0.99875
vn 0.250174 0.35595 -0.900396
vn 0.0210295 0.0453331 -0.998751
vn 0.394642 0.183175 -0.900391
vn 0.0408882 0.0287455 -0.99875
vn 0.433357 -0.0386843 -0.900392
vn 0.0497818 0.00444836 -0.99875
vn 0.355953 -0.250178 -0.900394
vn 0.0453362 -0.021036 -0.99875
vn 0.183178 -0.394649 -0.900388
vn 0.0287448 -0.0408907 -0.99875
vn -0.0386831 -0.433371 -0.900385
vn 0.0044509 -0.0497939 -0.99875
vn -0.25018 -0.355967 -0.900387
vn -0.0210416 -0.0453487 -0.99875
vn -0.394639 -0.183185 -0.900391
vn -0.0408872 -0.0287471 -0.99875
vn 0 -4.02304e-07 -1
vn 0.900388 0.0386819 -0.433364
vn 0.900386 0.250189 -0.355965
vn 0.99875 0.0210417 -0.0453457
vn 0.99875 -0.00446144 -0.0497905
vn 0.90039 0.394643 -0.183178
vn 0.99875 0.040891 -0.0287467
vn 0.900391 0.433359 0.0386829
vn 0.99875 0.0497843 -0.0044507
vn 0.900391 0.355959 0.250179
vn 0.99875 0.0453399 0.0210357
vn 0.900386 0.183139 0.394671
vn 0.99875 0.0287484 0.0408902
vn 0.900387 -0.0386829 0.433367
vn 0.99875 0.00445039 0.0497933
vn 0.90039 -0.250179 0.355961
vn 0.99875 -0.0210373 0.04534
vn 0.900391 -0.394641 0.183181
vn 0.99875 -0.0408874 0.0287448
vn 0.900387 -0.433366 -0.03869
vn 0.99875 -0.0497848 0.00445195
vn 0.900385 -0.355963 -0.250194
vn 0.99875 -0.0453433 -0.0210435
vn 0.900387 -0.183143 -0.394667
vn 0.99875 -0.0287489 -0.0408906
vn 1 -7.80022e-14 -4.78774e-07
vn -0.900394 0.0386826 0.433353
vn -0.90039 0.250181 0.35596
vn -0.99875 0.0210406 0.0453436
vn -0.99875 -0.00446109 0.0497788
vn -0.900391 0.39466 0.183138
vn -0.99875 0.0408851 0.0287481
vn -0.90039 0.43336 -0.0386827
vn -0.99875 0.0497823 0.0044507
vn -0.900389 0.355934 -0.250222
vn -0.99875 0.0453403 -0.0210323
vn -0.900388 0.183179 -0.394647
vn -0.99875 0.0287482 -0.0408942
vn -0.900387 -0.0386826 -0.433366
vn -0.99875 0.00445048 -0.0497905
vn -0.900389 -0.250184 -0.35596
vn -0.99875 -0.0210382 -0.0453406
vn -0.900385 -0.394652 -0.183183
vn -0.99875 -0.0408917 -0.0287498
vn -0.900385 -0.43337 0.03869
vn -0.99875 -0.049789 -0.00444194
vn -0.900388 -0.355967 0.250178
vn -0.998749 -0.0453452 0.0210513
vn -0.90039 -0.183145 0.39466
vn -0.99875 -0.0287489 0.0408878
vn -1 4.12174e-12 4.30888e-06
vn -1 1.14476e-13 7.02647e-07
vn -0.282682 0.700559 -0.655216
vn -0.282682 -0.700558 0.655217
vn -0.131373 -0.687428 -0.714272
vn 0.131373 0.687428 0.714272
vn -0.131373 0.687428 0.714272
vn 0.251483 -0.958482 -0.134421
vn -0.226655 0.876822 0.424041
vn -0.138313 -0.879187 -0.455961
vn -0.43659 -0.898632 -0.043001
vn -0.134421 -0.958482 0.251482
vn -0.0471281 0.876822 -0.478499
vn 0.220427 0.958482 0.1809
vn 0.3869 0.898632 -0.206804
vn -0.02795 -0.958482 -0.28378
vn 0.368322 -0.879187 0.302275
vn -0.28378 0.958482 -0.0279505
vn 0.386901 -0.898632 -0.206803
vn -0.206803 0.898632 0.386901
vn 0.305026 0.876822 0.371675
vn -0.474182 -0.879187 -0.0467035
vn -0.206803 -0.898633 0.386901
vn -0.0430003 0.898632 -0.43659
vn 0.1809 -0.958482 0.220427
vn -0.46011 0.876822 -0.139574
vn 0.251483 0.958482 -0.134421
vn -0.0430002 -0.898632 -0.43659
vn -0.272874 -0.958482 -0.0827759
vn 0.420215 -0.879187 -0.22461
vn -0.134421 0.958482 0.251483
vn 0.27831 0.898632 0.339122
vn 0.460111 0.876822 -0.139574
vn -0.22461 -0.879187 0.420214
vn -0.0279499 0.958482 -0.283781
vn 0.278311 -0.898632 0.339123
vn -0.419811 0.898633 -0.127349
vn 0.272875 -0.958482 -0.0827757
vn -0.305025 0.876823 0.371674
vn -0.0467031 -0.879187 -0.474183
vn -0.419812 -0.898633 -0.127349
vn -0.180899 -0.958482 0.220426
vn 0.1809 0.958482 0.220427
vn 0.419812 0.898632 -0.127349
vn 0.0471277 0.876822 -0.4785
vn 0.302275 -0.879186 0.368323
vn -0.272875 0.958482 -0.0827761
vn 0.419813 -0.898632 -0.127349
vn -0.278309 0.898633 0.339121
vn 0.0279497 -0.958482 -0.28378
vn 0.226655 0.876822 0.424041
vn -0.45596 -0.879187 -0.138314
vn -0.278309 -0.898633 0.339121
vn 0.134421 -0.958482 0.251483
vn -0.42404 0.876822 -0.226654
vn 0.272875 0.958482 -0.082776
vn 0.0430001 0.898632 -0.43659
vn -0.251483 -0.958482 -0.13442
vn 0.455961 -0.879187 -0.138314
vn -0.180899 0.958482 0.220426
vn 0.0429999 -0.898632 -0.43659
vn 0.206803 0.898632 0.386901
vn 0.478501 0.876821 -0.0471275
vn -0.302273 -0.879187 0.368321
vn 0.206804 -0.898632 0.386902
vn -0.386901 0.898633 -0.206803
vn 0.283782 -0.958482 -0.0279495
vn -0.371676 0.876822 0.305025
vn 0.0279497 0.958482 -0.283781
vn -0.386901 -0.898632 -0.206803
vn -0.220428 -0.958482 0.1809
vn 0.0467026 -0.879187 -0.474183
vn 0.134421 0.958482 0.251483
vn 0.43659 0.898632 -0.043
vn 0.139574 0.876821 -0.460113
vn 0.22461 -0.879187 0.420216
vn -0.251483 0.958482 -0.134421
vn 0.436591 -0.898632 -0.0429999
vn -0.339122 0.898632 0.278309
vn 0.0827762 -0.958481 -0.272876
vn 0.139573 0.876822 0.460111
vn -0.420215 -0.879187 -0.22461
vn -0.339123 -0.898632 0.27831
vn 0.0827759 -0.958482 0.272875
vn -0.371673 0.876823 -0.305026
vn 0.283781 0.958482 -0.0279498
vn 0.127349 0.898632 -0.419814
vn -0.220427 -0.958482 -0.1809
vn 0.474183 -0.879187 -0.0467023
vn -0.220428 0.958482 0.180899
vn 0.127349 -0.898632 -0.419814
vn 0.127349 0.898632 0.419812
vn 0.4785 0.876822 0.0471273
vn -0.368322 -0.879187 0.302274
vn 0.127349 -0.898632 0.419813
vn -0.339121 0.898633 -0.27831
vn 0.283781 -0.958482 0.0279498
vn -0.424042 0.876822 0.226654
vn 0.0827762 0.958481 -0.272876
vn -0.339122 -0.898632 -0.27831
vn -0.251483 -0.958482 0.13442
vn 0.138315 -0.879186 -0.455962
vn 0.0827759 0.958482 0.272875
vn -0.098017 -1.62136e-07 -0.995185
vn -0.098017 -1.62136e-07 -0.995185
vn -0.098017 -1.62136e-07 -0.995185
vn -0.290283 -1.55905e-07 -0.956941
vn -0.290283 -1.55905e-07 -0.956941
vn -0.290283 -1.55905e-07 -0.956941
vn -0.471395 -1.43683e-07 -0.881922
vn -0.471395 -1.43683e-07 -0.881922
vn -0.471395 -1.43683e-07 -0.881922
vn -0.634392 -1.2594e-07 -0.773011
vn -0.634392 -1.2594e-07 -0.773011
vn -0.77301 -1.03356e-07 -0.634394
vn -0.77301 -1.03356e-07 -0.634394
vn -0.881921 -7.68004e-08 -0.471397
vn -0.881921 -7.68004e-08 -0.471397
vn -0.881921 -7.68004e-08 -0.471398
vn -0.95694 -4.72936e-08 -0.290286
vn -0.95694 -4.72936e-08 -0.290286
vn -0.95694 -4.72935e-08 -0.290286
vn -0.995185 -1.59692e-08 -0.0980183
vn -0.995185 -1.59692e-08 -0.0980184
vn -0.995185 -1.59692e-08 -0.0980184
vn -0.995185 1.59688e-08 0.098016
vn -0.995185 1.59688e-08 0.0980161
vn -0.995185 1.59689e-08 0.0980162
vn -0.956941 4.72933e-08 0.290284
vn -0.95694 4.72933e-08 0.290284
vn -0.956941 4.72933e-08 0.290284
vn -0.881922 7.68001e-08 0.471396
vn -0.881922 7.68001e-08 0.471396
vn -0.773011 1.03356e-07 0.634392
vn -0.773011 1.03356e-07 0.634392
vn -0.634393 1.25939e-07 0.773011
vn -0.634393 1.25939e-07 0.773011
vn -0.634393 1.25939e-07 0.773011
vn -0.471397 1.43683e-07 0.881921
vn -0.471397 1.43683e-07 0.881921
vn -0.290285 1.55905e-07 0.95694
vn -0.290285 1.55905e-07 0.95694
vn -0.290284 1.55905e-07 0.95694
vn -0.0980184 1.62136e-07 0.995185
vn -0.0980185 1.62136e-07 0.995185
vn 0.0980162 1.62136e-07 0.995185
vn 0.0980162 1.62136e-07 0.995185
vn 0.0980162 1.62136e-07 0.995185
vn 0.290285 1.55905e-07 0.95694
vn 0.290285 1.55905e-07 0.95694
vn 0.471397 1.43683e-07 0.881921
vn 0.471397 1.43683e-07 0.881921
vn 0.634393 1.25939e-07 0.773011
vn 0.634393 1.25939e-07 0.773011
vn 0.634393 1.25939e-07 0.773011
vn 0.773011 1.03356e-07 0.634393
vn 0.773011 1.03356e-07 0.634393
vn 0.773011 1.03356e-07 0.634393
vn 0.881921 7.68004e-08 0.471397
vn 0.881921 7.68004e-08 0.471397
vn 0.881921 7.68003e-08 0.471397
vn 0.95694 4.72934e-08 0.290285
vn 0.95694 4.72935e-08 0.290285
vn 0.95694 4.72934e-08 0.290285
vn 0.995185 1.59689e-08 0.0980161
vn 0.995185 1.59689e-08 0.0980162
vn 0.995185 1.59689e-08 0.0980163
vn 0.995185 -1.59688e-08 -0.0980161
vn 0.995185 -1.59689e-08 -0.0980162
vn 0.995185 -1.59689e-08 -0.0980163
vn 0.95694 -4.72934e-08 -0.290285
vn 0.95694 -4.72935e-08 -0.290285
vn 0.95694 -4.72934e-08 -0.290285
vn 0.881921 -7.68004e-08 -0.471398
vn 0.881921 -7.68004e-08 -0.471398
vn 0.881921 -7.68004e-08 -0.471398
vn 0.773011 -1.03356e-07 -0.634393
vn 0.773011 -1.03356e-07 -0.634393
vn 0.773011 -1.03356e-07 -0.634393
vn 0.634393 -1.25939e-07 -0.773011
vn 0.634393 -1.25939e-07 -0.773011
vn 0.634393 -1.25939e-07 -0.773011
vn 0.471398 -1.43683e-07 -0.881921
vn 0.471398 -1.43683e-07 -0.881921
vn 0.471398 -1.43683e-07 -0.881921
vn 0.290285 -1.55905e-07 -0.95694
vn 0.290285 -1.55905e-07 -0.95694
vn 0.290285 -1.55905e-07 -0.95694
vn 0.0980162 -1.62136e-07 -0.995185
vn 0.0980162 -1.62136e-07 -0.995185
vn -0.43659 0.898632 -0.0430011
vn 0.339123 -0.898632 0.278311
vn -0.0827752 0.958482 -0.272875
vn -0.138314 -0.879186 0.455962
vn 0.424041 0.876822 -0.226655
vn 0.339122 0.898632 0.27831
vn -0.082776 0.958482 0.272876
vn 0.368322 -0.879187 -0.302274
vn -0.283781 -0.958482 -0.0279502
vn -0.127348 -0.898632 -0.419813
vn 0.220427 0.958482 -0.1809
vn -0.4785 0.876822 -0.0471289
vn 0.220427 -0.958482 0.1809
vn -0.127348 0.898632 -0.419813
vn -0.127349 -0.898631 0.419814
vn -0.474184 -0.879186 0.0467026
vn 0.371675 0.876822 0.305026
vn -0.127349 0.898632 0.419813
vn 0.339123 -0.898632 -0.27831
vn -0.283781 0.958482 0.0279495
vn 0.420215 -0.879187 0.22461
vn -0.0827754 -0.958482 -0.272875
vn 0.339122 0.898632 -0.27831
vn 0.251483 0.958482 0.134421
vn -0.139572 0.876822 -0.460111
vn -0.0827762 -0.958481 0.272876
vn -0.436591 -0.898632 0.0430001
vn -0.22461 -0.879186 -0.420217
vn -0.139574 0.876821 0.460112
vn 0.220427 -0.958482 -0.1809
vn -0.43659 0.898632 0.0429997
vn 0.386901 -0.898632 0.206804
vn -0.134421 0.958482 -0.251484
vn -0.0467038 -0.879186 0.474185
vn 0.371675 0.876822 -0.305026
vn 0.386901 0.898633 0.206803
vn -0.0279505 0.958482 0.283782
vn 0.302275 -0.879186 -0.368323
vn -0.283781 -0.958482 0.0279498
vn -0.206803 -0.898631 -0.386903
vn 0.1809 0.958482 -0.220427
vn -0.478498 0.876823 0.0471273
vn 0.251482 -0.958482 0.134421
vn -0.206802 0.898632 -0.386902
vn -0.0430012 -0.898631 0.436592
vn -0.455961 -0.879186 0.138314
vn 0.424039 0.876823 0.226655
vn -0.0430011 0.898632 0.436591
vn 0.278311 -0.898632 -0.339123
vn -0.272875 0.958482 0.0827757
vn 0.455961 -0.879187 0.138314
vn -0.134421 -0.958481 -0.251484
vn 0.27831 0.898632 -0.339122
vn 0.272875 0.958482 0.0827757
vn -0.226655 0.876822 -0.424041
vn -0.0279505 -0.958481 0.283782
vn -0.419814 -0.898632 0.127349
vn -0.302273 -0.879187 -0.368322
vn -0.0471291 0.876821 0.478501
vn 0.1809 -0.958482 -0.220427
vn -0.419813 0.898632 0.127349
vn 0.419813 -0.898632 0.127349
vn -0.180899 0.958482 -0.220427
vn 0.0467023 -0.879189 0.474179
vn 0.305026 0.876822 -0.371676
vn 0.419812 0.898632 0.127349
vn 0.0279494 0.958483 0.283778
vn 0.224611 -0.879186 -0.420216
vn -0.272876 -0.958482 0.082776
vn -0.27831 -0.898632 -0.339122
vn 0.134421 0.958481 -0.251484
vn -0.460112 0.876822 0.139573
vn 0.272874 -0.958482 0.082776
vn -0.278309 0.898632 -0.339122
vn 0.0429996 -0.898634 0.436587
vn -0.420216 -0.879187 0.22461
vn 0.460111 0.876822 0.139573
vn 0.0429995 0.898634 0.436586
vn 0.206804 -0.898632 -0.386902
vn -0.251484 0.958482 0.13442
vn 0.474184 -0.879186 0.0467026
vn -0.180899 -0.958482 -0.220427
vn 0.206804 0.898632 -0.386902
vn 0.283781 0.958482 0.0279495
vn -0.305025 0.876822 -0.371675
vn 0.0279495 -0.958483 0.283778
vn -0.386901 -0.898632 0.206803
vn -0.368321 -0.879187 -0.302274
vn 0.0471273 0.876824 0.478496
vn 0.134422 -0.958482 -0.251484
vn -0.386901 0.898633 0.206802
vn 0.436591 -0.898632 0.0430002
vn -0.220426 0.958482 -0.1809
vn 0.138314 -0.879187 0.455961
vn 0.226656 0.876821 -0.424042
vn 0.43659 0.898632 0.0429997
vn 0.195774 -0.97505 -0.104643
vn -0.182404 0.922105 0.34125
vn -0.111196 -0.923723 -0.366567
vn -0.34828 -0.936763 -0.0343026
vn -0.104644 -0.97505 0.195774
vn -0.037926 0.922106 -0.385075
vn 0.171596 0.97505 0.140828
vn 0.308632 0.936767 -0.164965
vn -0.0217573 -0.97505 -0.220916
vn 0.296114 -0.923722 0.243012
vn -0.220917 0.97505 -0.0217593
vn 0.308638 -0.936764 -0.16497
vn -0.164964 0.936768 0.30863
vn 0.245472 0.922104 0.29911
vn -0.381217 -0.923723 -0.0375469
vn -0.164972 -0.936764 0.308639
vn -0.0343017 0.936768 -0.348265
vn 0.140824 -0.97505 0.171597
vn -0.370278 0.922105 -0.112323
vn 0.195783 0.975048 -0.104645
vn -0.0343023 -0.936764 -0.348276
vn -0.21243 -0.975049 -0.0644386
vn 0.337823 -0.923725 -0.180575
vn -0.10464 0.97505 0.195777
vn 0.222008 0.936767 0.270519
vn 0.370277 0.922106 -0.112322
vn -0.180573 -0.923724 0.337828
vn -0.0217585 0.975049 -0.220922
vn 0.222008 -0.936766 0.270523
vn -0.334884 0.936767 -0.101585
vn 0.212424 -0.975051 -0.0644389
vn -0.245471 0.922105 0.299108
vn -0.0375468 -0.923722 -0.381219
vn -0.334884 -0.936767 -0.101589
vn -0.140824 -0.97505 0.171597
vn 0.140828 0.97505 0.171597
vn 0.334877 0.93677 -0.101585
vn 0.0379252 0.922106 -0.385075
vn 0.243012 -0.923723 0.29611
vn -0.212432 0.975049 -0.0644409
vn 0.334885 -0.936767 -0.101589
vn -0.222009 0.936768 0.270515
vn 0.0217571 -0.97505 -0.220916
vn 0.182402 0.922105 0.34125
vn -0.366571 -0.923721 -0.111198
vn -0.222008 -0.936766 0.270523
vn 0.104645 -0.97505 0.195774
vn -0.34125 0.922105 -0.182401
vn 0.212424 0.975051 -0.0644407
vn 0.0343014 0.936769 -0.348265
vn -0.195777 -0.975049 -0.104643
vn 0.366571 -0.923721 -0.111197
vn -0.14083 0.975049 0.1716
vn 0.0343025 -0.936764 -0.348276
vn 0.164963 0.936769 0.308628
vn 0.385074 0.922106 -0.037926
vn -0.243013 -0.923722 0.296112
vn 0.164971 -0.936764 0.308637
vn -0.308633 0.936767 -0.164965
vn 0.220916 -0.97505 -0.0217578
vn -0.299111 0.922105 0.24547
vn 0.0217578 0.975049 -0.220922
vn -0.308637 -0.936765 -0.164969
vn -0.171598 -0.97505 0.140825
vn 0.0375465 -0.923722 -0.381219
vn 0.104644 0.975049 0.195777
vn 0.348267 0.936767 -0.0343008
vn 0.112322 0.922106 -0.370276
vn 0.180579 -0.923722 0.337831
vn -0.195774 0.97505 -0.104645
vn 0.348281 -0.936763 -0.0343016
vn -0.27051 0.93677 0.222003
vn 0.0644378 -0.97505 -0.212426
vn 0.112321 0.922108 0.370271
vn -0.337836 -0.923721 -0.180573
vn -0.270522 -0.936765 0.222012
vn 0.0644399 -0.97505 0.212427
vn -0.299103 0.922107 -0.245471
vn 0.220925 0.975048 -0.0217586
vn 0.101585 0.936769 -0.33488
vn -0.171595 -0.97505 -0.140826
vn 0.381211 -0.923725 -0.0375464
vn -0.171601 0.975049 0.140828
vn 0.101588 -0.936764 -0.334891
vn 0.101586 0.93677 0.334876
vn 0.385074 0.922106 0.0379257
vn -0.296112 -0.923723 0.24301
vn 0.101591 -0.936764 0.334891
vn -0.270511 0.93677 -0.222005
vn 0.220909 -0.975052 0.0217582
vn -0.34125 0.922105 0.182401
vn 0.0644381 0.975049 -0.212431
vn -0.270518 -0.936766 -0.222012
vn -0.195773 -0.97505 0.104642
vn 0.111196 -0.923723 -0.366568
vn 0.0644401 0.975049 0.212431
vn -0.0965423 -0.172765 -0.98022
vn -0.0970445 -0.140456 -0.98532
vn -0.0975647 -0.0958668 -0.990601
vn -0.285918 -0.172765 -0.942551
vn -0.287406 -0.140455 -0.947455
vn -0.288947 -0.0958672 -0.952533
vn -0.464306 -0.172763 -0.868661
vn -0.466723 -0.140455 -0.87318
vn -0.469223 -0.0958674 -0.87786
vn -0.624853 -0.172765 -0.761387
vn -0.628103 -0.140456 -0.765348
vn -0.63147 -0.0958674 -0.769451
vn -0.761385 -0.172765 -0.624856
vn -0.765347 -0.140455 -0.628105
vn -0.769449 -0.0958672 -0.631472
vn -0.868661 -0.172764 -0.464307
vn -0.873178 -0.140455 -0.466725
vn -0.877859 -0.0958672 -0.469226
vn -0.942551 -0.172763 -0.285922
vn -0.947454 -0.140455 -0.287408
vn -0.952532 -0.0958664 -0.288949
vn -0.98022 -0.172763 -0.0965437
vn -0.985319 -0.140454 -0.0970469
vn -0.990601 -0.0958666 -0.0975661
vn -0.98022 -0.172765 0.0965416
vn -0.98532 -0.140454 0.0970439
vn -0.990601 -0.0958671 0.0975637
vn -0.942551 -0.172766 0.28592
vn -0.947454 -0.140454 0.287407
vn -0.952533 -0.0958676 0.288947
vn -0.868661 -0.172763 0.464307
vn -0.873179 -0.140456 0.466722
vn -0.87786 -0.0958663 0.469225
vn -0.761387 -0.172765 0.624853
vn -0.765348 -0.140454 0.628104
vn -0.76945 -0.0958657 0.631471
vn -0.624854 -0.172766 0.761387
vn -0.628105 -0.140451 0.765348
vn -0.631471 -0.0958665 0.76945
vn -0.464308 -0.17276 0.868661
vn -0.466724 -0.140455 0.873179
vn -0.469225 -0.0958673 0.877859
vn -0.285921 -0.17276 0.942551
vn -0.287406 -0.140457 0.947454
vn -0.288949 -0.0958655 0.952533
vn -0.0965437 -0.172763 0.98022
vn -0.0970474 -0.140454 0.985319
vn -0.0975663 -0.0958662 0.990601
vn 0.0965405 -0.172765 0.98022
vn 0.0970445 -0.140456 0.985319
vn 0.097564 -0.0958688 0.990601
vn 0.285922 -0.172762 0.942551
vn 0.287408 -0.140459 0.947453
vn 0.288948 -0.0958676 0.952533
vn 0.464308 -0.172763 0.86866
vn 0.466724 -0.140455 0.873179
vn 0.469228 -0.0958641 0.877859
vn 0.624853 -0.172766 0.761387
vn 0.628104 -0.140454 0.765348
vn 0.631471 -0.0958689 0.76945
vn 0.761387 -0.172766 0.624853
vn 0.765349 -0.140453 0.628104
vn 0.76945 -0.0958687 0.631471
vn 0.868659 -0.172766 0.46431
vn 0.873179 -0.140454 0.466724
vn 0.877859 -0.0958669 0.469227
vn 0.942551 -0.172765 0.28592
vn 0.947454 -0.140454 0.287408
vn 0.952533 -0.0958674 0.288948
vn 0.98022 -0.172764 0.0965415
vn 0.98532 -0.140454 0.0970443
vn 0.990601 -0.0958671 0.0975639
vn 0.980221 -0.172764 -0.0965413
vn 0.98532 -0.140454 -0.0970444
vn 0.990601 -0.0958671 -0.0975638
vn 0.942551 -0.172765 -0.28592
vn 0.947454 -0.140455 -0.287408
vn 0.952532 -0.0958678 -0.288949
vn 0.86866 -0.172764 -0.464308
vn 0.873178 -0.140455 -0.466724
vn 0.877859 -0.0958686 -0.469226
vn 0.761387 -0.172763 -0.624854
vn 0.765347 -0.140456 -0.628105
vn 0.76945 -0.0958679 -0.631471
vn 0.624854 -0.172764 -0.761387
vn 0.628104 -0.140455 -0.765348
vn 0.631471 -0.0958675 -0.76945
vn 0.464308 -0.172764 -0.86866
vn 0.466725 -0.140456 -0.873178
vn 0.469226 -0.0958676 -0.877859
vn 0.285921 -0.172764 -0.942551
vn 0.287408 -0.140456 -0.947454
vn 0.288949 -0.0958667 -0.952532
vn 0.0965414 -0.172764 -0.98022
vn 0.0970438 -0.140456 -0.98532
vn 0.0975641 -0.0958672 -0.990601
vn -0.34826 0.93677 -0.034302
vn 0.270519 -0.936765 0.222013
vn -0.06444 0.975049 -0.212431
vn -0.111197 -0.923724 0.366565
vn 0.34125 0.922105 -0.182402
vn 0.270515 0.936769 0.222005
vn -0.064438 0.975049 0.212431
vn 0.296113 -0.923722 -0.243011
vn -0.220916 -0.97505 -0.0217585
vn -0.101587 -0.936765 -0.334891
vn 0.171605 0.975048 -0.140829
vn -0.385075 0.922106 -0.0379271
vn 0.1716 -0.975049 0.140826
vn -0.101585 0.936769 -0.33488
vn -0.101587 -0.936766 0.334888
vn -0.381225 -0.92372 0.0375464
vn 0.299106 0.922106 0.24547
vn -0.101582 0.93677 0.334876
vn 0.270522 -0.936765 -0.222012
vn -0.220925 0.975048 0.0217583
vn 0.337831 -0.923722 0.180576
vn -0.0644397 -0.97505 -0.212426
vn 0.270511 0.93677 -0.222004
vn 0.195774 0.97505 0.104645
vn -0.112323 0.922106 -0.370277
vn -0.0644376 -0.97505 0.212426
vn -0.348273 -0.936765 0.034302
vn -0.180574 -0.923723 -0.337829
vn -0.112321 0.922105 0.370278
vn 0.1716 -0.97505 -0.140826
vn -0.34826 0.93677 0.0343006
vn 0.308639 -0.936764 0.164971
vn -0.10464 0.97505 -0.195777
vn -0.0375469 -0.92372 0.381223
vn 0.299107 0.922106 -0.245471
vn 0.308626 0.936769 0.164966
vn -0.0217609 0.975048 0.220926
vn 0.243012 -0.923723 -0.29611
vn -0.220916 -0.97505 0.0217581
vn -0.164971 -0.936765 -0.308637
vn 0.14083 0.975049 -0.1716
vn -0.385074 0.922106 0.0379256
vn 0.195773 -0.97505 0.104643
vn -0.164965 0.936769 -0.308627
vn -0.0343035 -0.936764 0.348277
vn -0.366572 -0.923721 0.111197
vn 0.341251 0.922105 0.182402
vn -0.0343007 0.936769 0.348262
vn 0.222016 -0.936764 -0.270523
vn -0.212432 0.975049 0.0644401
vn 0.366572 -0.923721 0.111198
vn -0.104643 -0.97505 -0.195773
vn 0.222007 0.936769 -0.270513
vn 0.212424 0.97505 0.0644405
vn -0.182401 0.922106 -0.341249
vn -0.0217588 -0.975051 0.220914
vn -0.334892 -0.936764 0.101588
vn -0.243008 -0.923724 -0.296111
vn -0.0379273 0.922106 0.385073
vn 0.140824 -0.97505 -0.171596
vn -0.334878 0.93677 0.101585
vn 0.334891 -0.936764 0.101589
vn -0.140826 0.975049 -0.1716
vn 0.037546 -0.923724 0.381215
vn 0.245473 0.922105 -0.299107
vn 0.334885 0.936767 0.101585
vn 0.0217591 0.975049 0.220919
vn 0.180575 -0.923723 -0.337831
vn -0.212424 -0.975051 0.0644391
vn -0.222012 -0.936764 -0.270523
vn 0.104649 0.975049 -0.195778
vn -0.370278 0.922105 0.112322
vn 0.212431 -0.975049 0.0644392
vn -0.222004 0.936769 -0.270514
vn 0.0343018 -0.936765 0.348275
vn -0.337828 -0.923724 0.180573
vn 0.370277 0.922105 0.112322
vn 0.0342993 0.936771 0.348257
vn 0.164968 -0.936765 -0.308638
vn -0.195775 0.97505 0.104645
vn 0.381218 -0.923722 0.0375466
vn -0.140824 -0.97505 -0.171596
vn 0.164963 0.936769 -0.308628
vn 0.220925 0.975048 0.0217583
vn -0.245469 0.922106 -0.299106
vn 0.0217581 -0.97505 0.220917
vn -0.30864 -0.936764 0.164971
vn -0.296106 -0.923724 -0.243012
vn 0.0379257 0.922107 0.385071
vn 0.104643 -0.97505 -0.195773
vn -0.308624 0.93677 0.164964
vn 0.348274 -0.936765 0.034302
vn -0.1716 0.975049 -0.140828
vn 0.111196 -0.923723 0.366568
vn 0.182403 0.922105 -0.341249
vn 0.34826 0.93677 0.0343006
vn 0.0975656 -0.095754 -0.990612
vn 0.288951 -0.0957538 -0.952543
vn 0.469232 -0.0957541 -0.877868
vn 0.631478 -0.0957543 -0.769459
vn 0.769459 -0.0957538 -0.631478
vn 0.877868 -0.0957541 -0.469232
vn 0.952543 -0.0957538 -0.288952
vn 0.990612 -0.0957537 -0.0975652
vn 0.990612 -0.0957534 0.0975653
vn 0.952543 -0.0957535 0.288951
vn 0.877868 -0.0957535 0.469232
vn 0.769459 -0.0957555 0.631478
vn 0.631478 -0.0957526 0.769459
vn 0.469231 -0.0957536 0.877869
vn 0.288951 -0.095755 0.952543
vn 0.0975651 -0.095757 0.990612
vn -0.0975674 -0.0957558 0.990612
vn -0.288951 -0.0957576 0.952543
vn -0.469231 -0.0957541 0.877869
vn -0.631478 -0.0957523 0.769459
vn -0.769459 -0.0957535 0.631477
vn -0.877869 -0.0957529 0.46923
vn -0.952543 -0.0957536 0.288951
vn -0.990612 -0.0957537 0.0975651
vn -0.990612 -0.0957536 -0.0975685
vn -0.952543 -0.095754 -0.288952
vn -0.877869 -0.0957544 -0.469231
vn -0.769457 -0.0957544 -0.63148
vn -0.631477 -0.0957541 -0.769459
vn -0.46923 -0.0957541 -0.877869
vn -1.19553e-06 1 -1.62921e-07
vn -0.288949 -0.0957538 -0.952544
vn -0.0975664 -0.0957539 -0.990612
vn -1.20085e-07 -1 1.62921e-07
vn -0.0967546 -0.159992 -0.982365
vn -0.0969179 -0.149333 -0.984026
vn -0.0975194 -0.100655 -0.990131
vn -0.0974026 -0.111787 -0.988947
vn -0.0973758 -0.114166 -0.988678
vn -0.286545 -0.159992 -0.944614
vn -0.287029 -0.149333 -0.94621
vn -0.28881 -0.100654 -0.952081
vn -0.288464 -0.111787 -0.950943
vn -0.288385 -0.114166 -0.950684
vn -0.465323 -0.159992 -0.870562
vn -0.466109 -0.149333 -0.872033
vn -0.469001 -0.100655 -0.877443
vn -0.468441 -0.111787 -0.876394
vn -0.468313 -0.114166 -0.876156
vn -0.62622 -0.159992 -0.763054
vn -0.627279 -0.149333 -0.764343
vn -0.631171 -0.100655 -0.769085
vn -0.630417 -0.111787 -0.768165
vn -0.630245 -0.114166 -0.767957
vn -0.763052 -0.159992 -0.626222
vn -0.764342 -0.149333 -0.627281
vn -0.769084 -0.100654 -0.631172
vn -0.768164 -0.111787 -0.630418
vn -0.767955 -0.114166 -0.630247
vn -0.87056 -0.159991 -0.465325
vn -0.872032 -0.149333 -0.466111
vn -0.877442 -0.100654 -0.469003
vn -0.876393 -0.111787 -0.468443
vn -0.876155 -0.114166 -0.468315
vn -0.944613 -0.159992 -0.286547
vn -0.94621 -0.149333 -0.287031
vn -0.95208 -0.100654 -0.288812
vn -0.950942 -0.111787 -0.288466
vn -0.950683 -0.114166 -0.288388
vn -0.982365 -0.159991 -0.0967569
vn -0.984026 -0.149333 -0.0969194
vn -0.99013 -0.100655 -0.0975213
vn -0.988947 -0.111786 -0.0974049
vn -0.988678 -0.114166 -0.0973775
vn -0.982365 -0.159991 0.0967542
vn -0.984026 -0.149332 0.0969173
vn -0.990131 -0.100655 0.0975189
vn -0.988947 -0.111787 0.097402
vn -0.988678 -0.114166 0.0973748
vn -0.944614 -0.159991 0.286545
vn -0.94621 -0.149333 0.287029
vn -0.952081 -0.100655 0.28881
vn -0.950943 -0.111787 0.288465
vn -0.950683 -0.114166 0.288387
vn -0.870561 -0.159992 0.465324
vn -0.872033 -0.149334 0.46611
vn -0.877443 -0.100653 0.469003
vn -0.876394 -0.111787 0.468442
vn -0.876155 -0.114166 0.468314
vn -0.763054 -0.15999 0.62622
vn -0.764343 -0.149332 0.62728
vn -0.769085 -0.100655 0.631171
vn -0.768166 -0.111788 0.630416
vn -0.767957 -0.114164 0.630244
vn -0.62622 -0.15999 0.763054
vn -0.62728 -0.149331 0.764343
vn -0.631171 -0.100658 0.769085
vn -0.630417 -0.111788 0.768165
vn -0.630245 -0.114166 0.767957
vn -0.465324 -0.159992 0.870561
vn -0.466112 -0.149333 0.872032
vn -0.469003 -0.100654 0.877442
vn -0.468443 -0.111787 0.876393
vn -0.468315 -0.114167 0.876155
vn -0.286546 -0.159993 0.944613
vn -0.287029 -0.149333 0.94621
vn -0.28881 -0.100653 0.952081
vn -0.288464 -0.111785 0.950943
vn -0.288385 -0.114167 0.950684
vn -0.0967568 -0.159994 0.982364
vn -0.0969207 -0.149333 0.984025
vn -0.0975222 -0.100654 0.99013
vn -0.0974048 -0.111785 0.988947
vn -0.0973791 -0.114163 0.988678
vn 0.096753 -0.159992 0.982365
vn 0.0969185 -0.149333 0.984026
vn 0.0975199 -0.100654 0.990131
vn 0.0974015 -0.111788 0.988947
vn 0.0973747 -0.114167 0.988678
vn 0.286547 -0.159992 0.944613
vn 0.28703 -0.149333 0.94621
vn 0.288811 -0.100653 0.952081
vn 0.288466 -0.111786 0.950942
vn 0.288388 -0.114168 0.950683
vn 0.465325 -0.159992 0.87056
vn 0.466111 -0.149332 0.872032
vn 0.469003 -0.100654 0.877442
vn 0.468442 -0.111784 0.876394
vn 0.468315 -0.114166 0.876155
vn 0.626221 -0.159992 0.763053
vn 0.62728 -0.149333 0.764342
vn 0.631172 -0.100654 0.769084
vn 0.630418 -0.111786 0.768165
vn 0.630246 -0.114164 0.767956
vn 0.763053 -0.15999 0.626222
vn 0.764342 -0.149333 0.62728
vn 0.769084 -0.100655 0.631172
vn 0.768165 -0.111786 0.630417
vn 0.767956 -0.114165 0.630246
vn 0.87056 -0.159992 0.465325
vn 0.872032 -0.149334 0.466112
vn 0.877442 -0.100655 0.469003
vn 0.876393 -0.111787 0.468443
vn 0.876155 -0.114166 0.468315
vn 0.944613 -0.159992 0.286546
vn 0.94621 -0.149333 0.28703
vn 0.95208 -0.100654 0.288811
vn 0.950942 -0.111787 0.288466
vn 0.950683 -0.114166 0.288388
vn 0.982365 -0.159991 0.0967543
vn 0.984026 -0.149333 0.0969173
vn 0.990131 -0.100655 0.0975189
vn 0.988947 -0.111787 0.0974021
vn 0.988678 -0.114166 0.097375
vn 0.982365 -0.159991 -0.0967543
vn 0.984026 -0.149333 -0.0969174
vn 0.990131 -0.100655 -0.0975188
vn 0.988947 -0.111787 -0.0974021
vn 0.988678 -0.114165 -0.0973749
vn 0.944613 -0.159992 -0.286546
vn 0.94621 -0.149333 -0.28703
vn 0.95208 -0.100655 -0.288811
vn 0.950942 -0.111787 -0.288466
vn 0.950683 -0.114166 -0.288387
vn 0.87056 -0.159991 -0.465326
vn 0.872032 -0.149333 -0.466112
vn 0.877441 -0.100655 -0.469004
vn 0.876393 -0.111786 -0.468443
vn 0.876154 -0.114166 -0.468316
vn 0.763052 -0.159991 -0.626222
vn 0.764342 -0.149333 -0.62728
vn 0.769084 -0.100655 -0.631172
vn 0.768165 -0.111788 -0.630417
vn 0.767956 -0.114166 -0.630245
vn 0.626222 -0.159992 -0.763052
vn 0.62728 -0.149333 -0.764343
vn 0.631172 -0.100655 -0.769084
vn 0.630418 -0.111787 -0.768165
vn 0.630245 -0.114166 -0.767957
vn 0.465325 -0.159992 -0.87056
vn 0.466111 -0.149333 -0.872032
vn 0.469004 -0.100654 -0.877442
vn 0.468443 -0.111787 -0.876393
vn 0.468315 -0.114166 -0.876155
vn 0.286547 -0.159992 -0.944613
vn 0.28703 -0.149333 -0.94621
vn 0.288812 -0.100655 -0.95208
vn 0.288466 -0.111787 -0.950942
vn 0.288388 -0.114166 -0.950683
vn 0.0967539 -0.159992 -0.982365
vn 0.0969174 -0.149333 -0.984026
vn 0.0975187 -0.100655 -0.990131
vn 0.097402 -0.111787 -0.988947
vn 0.0973751 -0.114166 -0.988678
vn -0.76908 0.100722 -0.631167
vn -2.39106e-06 1 -1.62921e-07
vn 0 1 -1.62921e-07
vn -5.97763e-07 1 -1.62921e-07
vn 2.39106e-06 1 -1.62921e-07
vn 1.19553e-06 1 -1.62921e-07
vn 2.98882e-07 1 -1.62921e-07
vn 2.39105e-06 1 -1.62921e-07
vn 1.19553e-06 1 -1.62921e-07
vn -2.39106e-06 1 -1.62921e-07
vn 2.98881e-07 1 -1.62921e-07
vn 1.38303e-07 1 -1.62921e-07
vn 0.952074 0.100722 0.288809
vn -0.631167 0.100722 -0.769079
vn 0.877436 0.100722 0.469
vn -0.468999 0.100722 -0.877436
vn -0.0975175 0.100723 0.990124
vn 0.769079 0.100723 0.631168
vn -0.288809 0.100722 -0.952074
vn -0.288809 0.100722 0.952074
vn 0.631166 0.100723 0.76908
vn -0.0975161 0.100722 -0.990124
vn -0.469 0.100722 0.877436
vn 0.468998 0.100723 0.877437
vn 0.0975196 0.100722 -0.990124
vn -0.631167 0.100722 0.769079
vn 0.288807 0.100722 0.952074
vn 0.288807 0.100722 -0.952074
vn -0.769079 0.100722 0.631167
vn 0.0975182 0.100722 0.990124
vn 0.469 0.100722 -0.877436
vn -0.877436 0.100722 0.469
vn 0.631167 0.100722 -0.769079
vn -0.952074 0.100722 0.288809
vn 0.76908 0.100722 -0.631167
vn -0.990124 0.100722 0.0975174
vn 0.877437 0.100722 -0.468999
vn -0.990124 0.100722 -0.0975175
vn 0.952074 0.100722 -0.288808
vn -0.952074 0.100722 -0.288809
vn 0.990124 0.100722 -0.0975174
vn -0.877436 0.100722 -0.469
vn 0.990124 0.100722 0.0975197
vn 0.0980159 -1.62136e-07 -0.995185
vn 0.290285 -1.55905e-07 -0.95694
vn 0.471398 -1.43683e-07 -0.881921
vn 0.634393 -1.25939e-07 -0.773011
vn 0.773011 -1.03356e-07 -0.634393
vn 0.881921 -7.68004e-08 -0.471398
vn 0.95694 -4.72935e-08 -0.290285
vn 0.995185 -1.59688e-08 -0.0980159
vn 0.995185 1.59688e-08 0.098016
vn 0.95694 4.72935e-08 0.290285
vn 0.881921 7.68004e-08 0.471398
vn 0.773011 1.03356e-07 0.634393
vn 0.634393 1.25939e-07 0.773011
vn 0.471397 1.43683e-07 0.881921
vn 0.290285 1.55905e-07 0.95694
vn 0.0980159 1.62136e-07 0.995185
vn -0.0980185 1.62136e-07 0.995185
vn -0.290284 1.55905e-07 0.95694
vn -0.471397 1.43683e-07 0.881921
vn -0.634393 1.25939e-07 0.773011
vn -0.773011 1.03356e-07 0.634392
vn -0.881922 7.68001e-08 0.471396
vn -0.95694 4.72933e-08 0.290284
vn -0.995185 1.59688e-08 0.0980159
vn -0.995185 -1.59693e-08 -0.0980189
vn -0.95694 -4.72935e-08 -0.290285
vn -0.881921 -7.68004e-08 -0.471397
vn -0.773009 -1.03356e-07 -0.634394
vn -0.634392 -1.25939e-07 -0.773011
vn -0.471395 -1.43683e-07 -0.881922
vn -0.290283 -1.55905e-07 -0.956941
vn -0.0980167 -1.62136e-07 -0.995185
vn 0 -1 1.62921e-07
vn -0.0980167 -1.62136e-07 -0.995185
vn -0.0980167 -1.62136e-07 -0.995185
vn -0.290283 -1.55905e-07 -0.956941
vn -0.290283 -1.55905e-07 -0.956941
vn -0.290283 -1.55905e-07 -0.956941
vn -0.290283 -1.55905e-07 -0.956941
vn -0.471395 -1.43683e-07 -0.881922
vn -0.471395 -1.43683e-07 -0.881922
vn -0.471396 -1.43683e-07 -0.881922
vn -0.634392 -1.2594e-07 -0.773011
vn -0.634392 -1.2594e-07 -0.773011
vn -0.634392 -1.2594e-07 -0.773011
vn -0.634392 -1.2594e-07 -0.773011
vn -0.77301 -1.03356e-07 -0.634394
vn -0.773009 -1.03356e-07 -0.634394
vn -0.77301 -1.03356e-07 -0.634394
vn -0.881921 -7.68004e-08 -0.471397
vn -0.881921 -7.68004e-08 -0.471397
vn -0.95694 -4.72935e-08 -0.290286
vn -0.95694 -4.72935e-08 -0.290285
vn -0.95694 -4.72935e-08 -0.290286
vn -0.995185 -1.59693e-08 -0.0980188
vn -0.995185 -1.59692e-08 -0.0980183
vn -0.995185 -1.59693e-08 -0.0980188
vn -0.995185 -1.59692e-08 -0.0980183
vn -0.995185 1.59688e-08 0.0980159
vn -0.995185 1.59688e-08 0.0980159
vn -0.995185 1.59688e-08 0.0980159
vn -0.95694 4.72933e-08 0.290284
vn -0.95694 4.72933e-08 0.290284
vn -0.95694 4.72933e-08 0.290284
vn -0.95694 4.72933e-08 0.290284
vn -0.881922 7.68001e-08 0.471396
vn -0.881922 7.68001e-08 0.471396
vn -0.881922 7.68001e-08 0.471396
vn -0.773011 1.03356e-07 0.634392
vn -0.773011 1.03356e-07 0.634392
vn -0.773011 1.03356e-07 0.634392
vn -0.634393 1.25939e-07 0.773011
vn -0.634393 1.25939e-07 0.773011
vn -0.471397 1.43683e-07 0.881921
vn -0.471397 1.43683e-07 0.881921
vn -0.471397 1.43683e-07 0.881921
vn -0.290284 1.55905e-07 0.95694
vn -0.290284 1.55905e-07 0.95694
vn -0.0980185 1.62136e-07 0.995185
vn -0.0980185 1.62136e-07 0.995185
vn -0.0980185 1.62136e-07 0.995185
vn 0.0980159 1.62136e-07 0.995185
vn 0.0980159 1.62136e-07 0.995185
vn 0.290285 1.55905e-07 0.95694
vn 0.471397 1.43683e-07 0.881921
vn 0.471397 1.43683e-07 0.881921
vn 0.634393 1.25939e-07 0.773011
vn 0.634393 1.25939e-07 0.773011
vn 0.773011 1.03356e-07 0.634393
vn 0.773011 1.03356e-07 0.634393
vn 0.773011 1.03356e-07 0.634393
vn 0.881921 7.68004e-08 0.471398
vn 0.881921 7.68004e-08 0.471397
vn 0.881921 7.68004e-08 0.471397
vn 0.881921 7.68004e-08 0.471397
vn 0.95694 4.72935e-08 0.290285
vn 0.95694 4.72935e-08 0.290285
vn 0.95694 4.72935e-08 0.290285
vn 0.995185 1.59688e-08 0.098016
vn 0.995185 1.59688e-08 0.0980159
vn 0.95694 -4.72935e-08 -0.290285
vn 0.95694 -4.72935e-08 -0.290285
vn 0.881921 -7.68005e-08 -0.471398
vn 0.881921 -7.68005e-08 -0.471398
vn 0.773011 -1.03356e-07 -0.634393
vn 0.773011 -1.03356e-07 -0.634393
vn 0.773011 -1.03356e-07 -0.634393
vn 0.634393 -1.25939e-07 -0.773011
vn 0.634393 -1.25939e-07 -0.773011
vn 0.471398 -1.43683e-07 -0.881921
vn 0.471398 -1.43683e-07 -0.881921
vn 0.471398 -1.43683e-07 -0.881921
vn 0.290285 -1.55905e-07 -0.95694
vn 0.0980159 -1.62136e-07 -0.995185
vn 0.0980159 -1.62136e-07 -0.995185
vn -1.19553e-06 1 -1.62921e-07
vn 1.19553e-06 1 -1.62921e-07
vn 5.97764e-07 1 -1.62921e-07
vn 5.97763e-07 1 -1.62921e-07
vn -1.19553e-06 1 -1.62921e-07
vn -1.49441e-07 1 -1.62921e-07
vn -5.97764e-07 1 -1.62921e-07
vn -1.19553e-06 1 -1.62921e-07
vn -1.49441e-07 1 -1.62921e-07
vn -5.97764e-07 -1 1.62921e-07
vn 5.97764e-07 -1 1.62921e-07
vn 1.49441e-07 -1 1.62921e-07
vn -2.98882e-07 -1 1.62921e-07
vn -7.47203e-08 -1 1.62921e-07
vn 5.97763e-07 -1 1.62921e-07
vn -5.97764e-07 -1 1.62921e-07
vn -5.97763e-07 -1 1.62921e-07
vn 5.97764e-07 -1 1.62921e-07
vn 2.98883e-07 -1 1.62921e-07
vn 5.97764e-07 -1 1.62921e-07
vn 2.98882e-07 -1 1.62921e-07
vn -5.97764e-07 -1 1.62921e-07
vn -5.97764e-07 -1 1.62921e-07
vn 1.49441e-07 -1 1.62921e-07
vn -0.290285 1.55905e-07 0.95694
vn -0.471398 1.43683e-07 0.881921
vn -0.634393 1.25939e-07 0.773011
vn -0.773011 1.03356e-07 0.634393
vn -0.881921 7.68005e-08 0.471398
vn -0.95694 4.72934e-08 0.290285
vn -0.995185 1.59688e-08 0.0980159
vn -0.995185 -1.59688e-08 -0.0980159
vn -0.95694 -4.72934e-08 -0.290285
vn -0.881921 -7.68004e-08 -0.471398
vn -0.773011 -1.03356e-07 -0.634393
vn -0.634393 -1.25939e-07 -0.773011
vn -0.471397 -1.43683e-07 -0.881921
vn -0.290285 -1.55905e-07 -0.95694
vn -0.0980159 -1.62136e-07 -0.995185
vn 0.0980187 -1.62136e-07 -0.995185
vn 0.290284 -1.55905e-07 -0.95694
vn 0.471397 -1.43683e-07 -0.881921
vn 0.773011 -1.03356e-07 -0.634392
vn 0.881922 -7.68001e-08 -0.471396
vn 0.956941 -4.72932e-08 -0.290284
vn 0.995185 -1.59688e-08 -0.0980158
vn 0.995185 1.59693e-08 0.0980186
vn 0.95694 4.72935e-08 0.290286
vn 0.881921 7.68003e-08 0.471397
vn 0.773009 1.03356e-07 0.634395
vn 0.634392 1.2594e-07 0.773011
vn 0.471396 1.43683e-07 0.881922
vn 0.290283 1.55905e-07 0.956941
vn 0.0980167 1.62136e-07 0.995185
vn -0.0980159 1.62136e-07 0.995185
vn 0.433358 0.0386836 0.900391
vn 0.355934 0.250217 0.90039
vn 0.0453387 0.0210341 0.99875
vn 0.0497835 -0.00445853 0.99875
vn 0.183179 0.394637 0.900393
vn 0.0287464 0.0408834 0.99875
vn -0.0386825 0.433357 0.900392
vn 0.00445127 0.0497839 0.99875
vn -0.250182 0.355957 0.900391
vn -0.0210369 0.0453389 0.99875
vn -0.394643 0.183176 0.900391
vn -0.0408876 0.0287448 0.99875
vn -0.433356 -0.0386855 0.900392
vn -0.0497832 0.00445095 0.99875
vn -0.355955 -0.250182 0.900391
vn -0.0453378 -0.0210355 0.99875
vn -0.183186 -0.394649 0.900386
vn -0.028749 -0.0408826 0.99875
vn 0.0386852 -0.433369 0.900386
vn -0.00445076 -0.0497924 0.99875
vn 0.250223 -0.35594 0.900386
vn 0.0210394 -0.0453422 0.99875
vn 0.394642 -0.183176 0.900391
vn 0.0408872 -0.0287417 0.99875
vn 0 9.4795e-07 1
vn 0.819261 0.573309 -0.0113521
vn 0.996155 0.086872 -0.0113527
vn 0.721883 0.0644732 -0.689005
vn 0.592933 0.416774 -0.689006
vn 0.422843 0.906132 -0.0113547
vn 0.305113 0.657402 -0.689006
vn -0.0868685 0.996155 -0.0113534
vn -0.0644711 0.721883 -0.689005
vn -0.573308 0.819261 -0.0113539
vn -0.416785 0.592922 -0.689009
vn -0.90613 0.422847 -0.0113513
vn -0.657409 0.305098 -0.689006
vn -0.996155 -0.0868701 -0.0113522
vn -0.721883 -0.0644743 -0.689005
vn -0.819261 -0.573308 -0.0113523
vn -0.592935 -0.416776 -0.689004
vn -0.42285 -0.906128 -0.0113527
vn -0.305114 -0.657404 -0.689003
vn 0.0868616 -0.996156 -0.0113522
vn 0.0644621 -0.721884 -0.689005
vn 0.573306 -0.819263 -0.0113521
vn 0.416769 -0.592934 -0.689008
vn 0.906131 -0.422845 -0.0113515
vn 0.657404 -0.30511 -0.689005
vn 0.866025 0.5 -8.14604e-08
vn 1 -1.24144e-06 2.02256e-13
vn 1 -2.35704e-07 3.84011e-14
vn 0.866025 0.5 -8.14604e-08
vn 0.500001 0.866025 -1.41093e-07
vn 0.500002 0.866024 -1.41093e-07
vn 9.82103e-08 1 -1.62921e-07
vn 6.2916e-08 1 -1.62921e-07
vn -0.500002 0.866024 -1.41093e-07
vn -0.500002 0.866024 -1.41093e-07
vn -0.866026 0.499999 -1.3171e-07
vn -0.866025 0.500001 -8.14605e-08
vn -1 -7.80771e-07 -5.02499e-08
vn -1 8.58726e-07 -1.39904e-13
vn -0.866025 -0.5 8.14604e-08
vn -0.866025 -0.5 8.14603e-08
vn -0.499999 -0.866026 1.41094e-07
vn -0.500002 -0.866024 1.41093e-07
vn 5.91717e-06 -1 1.62921e-07
vn -2.97608e-06 -1 1.62921e-07
vn 0.500004 -0.866023 1.41093e-07
vn 0.499999 -0.866026 1.41094e-07
vn 0.866025 -0.500001 8.14606e-08
vn 0.866025 -0.500001 8.14604e-08
vn 1 6.56167e-07 -1.06903e-13
vn 0.866026 0.499999 -8.14602e-08
vn 1 -1.01371e-06 5.62925e-08
vn 1 -3.43736e-07 5.60016e-14
vn 1 4.32125e-07 -4.56374e-08
vn 0.866025 0.5 -1.27098e-07
vn 0.907064 0.420992 -6.85884e-08
vn 0.996037 -0.0889392 1.449e-08
vn 1 -3.43736e-07 4.56378e-08
vn 0.866025 0.5 -8.14603e-08
vn 0.499999 0.866026 -1.41094e-07
vn 0.499999 0.866026 -3.33034e-07
vn 0.500001 0.866025 -1.41093e-07
vn 0.575044 0.818122 -1.33289e-07
vn 0.500002 0.866024 -1.41093e-07
vn 4.91051e-08 1 -1.62921e-07
vn 6.87471e-08 1 -3.82381e-07
vn 3.02979e-06 1 -3.79316e-07
vn 1.22763e-08 1 -1.62921e-07
vn 0.0889871 0.996033 -1.62274e-07
vn 1.13249e-07 1 -1.62921e-07
vn -0.499999 0.866026 -1.41094e-07
vn -0.499999 0.866026 -1.41094e-07
vn -0.499999 0.866026 -3.29969e-07
vn -0.500002 0.866024 -1.41093e-07
vn -0.420996 0.907063 -1.47779e-07
vn -0.500002 0.866024 -1.41093e-07
vn -0.866025 0.5 -8.14603e-08
vn -0.866025 0.500001 -8.14604e-08
vn -0.866026 0.499999 -8.14602e-08
vn -0.866025 0.5 -8.14604e-08
vn -0.818121 0.575046 -9.36869e-08
vn -0.866025 0.500001 -8.14604e-08
vn -1 1.47315e-08 -2.40007e-15
vn -1 8.6425e-07 -1.40804e-13
vn -1 -7.12024e-07 1.16003e-13
vn -1 1.7242e-06 -2.80908e-13
vn -0.996037 0.0889423 -1.44905e-08
vn -1 1.66251e-06 5.02497e-08
vn -0.866025 -0.5 8.14603e-08
vn -0.866025 -0.5 8.14604e-08
vn -0.866025 -0.5 8.14603e-08
vn -0.866026 -0.499999 8.14602e-08
vn -0.907063 -0.420994 6.85887e-08
vn -0.866026 -0.499999 1.3171e-07
vn -0.500002 -0.866024 1.41093e-07
vn -0.5 -0.866026 1.41094e-07
vn -0.500002 -0.866024 1.41093e-07
vn -0.499999 -0.866026 1.41094e-07
vn -0.575079 -0.818098 8.40608e-07
vn -0.500002 -0.866024 3.31517e-07
vn -9.82103e-09 -1 1.62921e-07
vn 5.92699e-06 -1 1.62921e-07
vn -2.94631e-06 -1 1.62921e-07
vn -2.92727e-06 -1 3.82493e-07
vn -0.0889867 -0.996033 1.62274e-07
vn -2.94968e-06 -1 3.80976e-07
vn 0.499998 -0.866027 4.43513e-07
vn 0.500006 -0.866022 1.41093e-07
vn 0.499999 -0.866026 1.41094e-07
vn 0.499996 -0.866028 3.33035e-07
vn 0.420995 -0.907063 1.47779e-07
vn 0.499997 -0.866027 1.41094e-07
vn 0.866023 -0.500004 3.73813e-07
vn 0.866026 -0.499999 1.51624e-07
vn 0.866025 -0.5 8.14604e-08
vn 0.866025 -0.5 8.14604e-08
vn 0.818125 -0.575041 -6.13223e-07
vn 0.866024 -0.500002 1.27099e-07
vn 0.55772 -0.829555 -0.0280426
vn 0.675149 0.11764 -0.728241
vn 0.639424 0.768745 -0.0130045
vn 0.922134 0.386859 -0.00305874
vn 0.536252 0.381007 -0.753172
vn 0.454219 -0.195003 -0.869286
vn 0.312584 -0.181434 -0.932402
vn 0.277403 0.472101 -0.83676
vn 0.204833 0.978491 -0.0244592
vn 0.455148 0.890237 -0.0178322
vn -4.93019e-07 -0.197106 -0.980382
vn 1.07028e-05 0.535933 -0.84426
vn 0.164066 -0.201966 -0.965553
vn 0.726261 0.687419 -0.000393447
vn 0.921666 0.387985 6.65723e-06
vn 0.301544 0.953452 -0.00101291
vn 0.492976 0.870043 -0.000336598
vn 0.879034 -0.47676 2.47711e-05
vn 0.150264 -0.988646 2.08116e-07
vn 0.176846 -0.983505 -0.0379965
vn 0.658488 0.752591 2.54708e-06
vn 0.45691 0.889513 -4.91206e-06
vn 0.224864 0.97439 1.75383e-06
vn 1.49063e-07 0.999999 -0.00123648
vn 0.93893 0.344108 -4.29544e-06
vn 0.534001 -0.845484 1.20118e-05
vn 0.150283 -0.988643 1.6107e-07
vn 0.557704 -0.829565 0.028075
vn 0.922132 0.386863 0.00307029
vn 0.639424 0.768744 0.0130047
vn 0.675146 0.117646 0.728243
vn 0.454274 -0.194973 0.869264
vn 0.536248 0.380983 0.753187
vn 0.31258 -0.181425 0.932405
vn 0.455136 0.890243 0.0178491
vn 0.204833 0.978491 0.0244593
vn 0.277434 0.472087 0.836758
vn -5.44125e-07 -0.197139 0.980375
vn 0.164108 -0.201998 0.965539
vn -2.59824e-05 0.535923 0.844267
vn 0.707361 0.706852 0.000468123
vn 0.897937 0.440125 -2.53514e-07
vn 0.279645 0.960103 0.00121284
vn 0.47997 0.877285 0.000283504
vn 0.176868 -0.983501 0.0380003
vn 0.150267 -0.988645 1.14026e-07
vn 0.879034 -0.476759 -1.24258e-05
vn -9.38511e-08 0.999999 0.00108926
vn 1.63913e-05 0.999007 -0.044563
vn -3.81782e-05 0.999007 0.0445644
vn -0.557733 -0.829547 -0.0280253
vn -0.922131 0.386866 -0.00305996
vn -0.639422 0.768746 -0.0130054
vn -0.675147 0.117642 -0.728242
vn -0.53624 0.381012 -0.753177
vn -0.312586 -0.181434 -0.932401
vn -0.454224 -0.195003 -0.869284
vn -0.455118 0.890252 -0.017849
vn -0.204832 0.978492 -0.0244593
vn -0.277394 0.472101 -0.836764
vn -0.16407 -0.201967 -0.965552
vn -0.921665 0.387986 1.23197e-07
vn -0.726261 0.68742 -0.000393412
vn -0.492976 0.870043 -0.000335051
vn -0.301543 0.953452 -0.00101288
vn -0.176855 -0.983503 -0.0379911
vn -0.150264 -0.988646 2.08116e-07
vn -0.879034 -0.47676 1.25625e-05
vn -0.658488 0.752591 4.35396e-07
vn -0.456954 0.88949 2.14523e-06
vn -0.224864 0.97439 4.12915e-07
vn -0.534001 -0.845484 2.40324e-05
vn -0.93893 0.344109 -4.31314e-06
vn -0.150283 -0.988643 1.6107e-07
vn -0.557732 -0.829547 0.0280413
vn -0.675154 0.117648 0.728235
vn -0.639425 0.768744 0.0130041
vn -0.922133 0.386861 0.00307148
vn -0.454236 -0.194977 0.869283
vn -0.31258 -0.181423 0.932405
vn -0.536247 0.380983 0.753187
vn -0.277406 0.472088 0.836767
vn -0.204838 0.97849 0.0244592
vn -0.455167 0.890227 0.0178329
vn -0.164111 -0.201999 0.965538
vn -0.707361 0.706852 0.000545449
vn -0.897936 0.440125 -9.51252e-06
vn -0.279645 0.960103 0.00109125
vn -0.479927 0.877308 0.00028541
vn -0.879034 -0.476759 -2.46009e-05
vn -0.150268 -0.988645 1.14026e-07
vn -0.176864 -0.983501 0.0380028
vn -0.557734 0.829546 -0.0280375
vn -0.675142 -0.117634 -0.728248
vn -0.639421 -0.768747 -0.0130078
vn -0.922134 -0.386859 -0.00305575
vn -0.536254 -0.381013 -0.753167
vn -0.454212 0.195004 -0.86929
vn -0.312585 0.181436 -0.932401
vn -0.277401 -0.472098 -0.836763
vn -0.204836 -0.978491 -0.0244617
vn -0.455157 -0.890233 -0.0178292
vn -3.11993e-07 0.197114 -0.980381
vn -1.41878e-05 -0.535921 -0.844268
vn -0.164153 0.201986 -0.965534
vn -0.72625 -0.687431 -0.000392607
vn -0.921664 -0.38799 6.79587e-06
vn -0.30159 -0.953437 -0.00101361
vn -0.492967 -0.870048 -0.000335805
vn -0.879041 0.476747 0.000122771
vn -0.150292 0.988642 -1.14025e-07
vn -0.17686 0.983503 -0.0379901
vn -0.658486 -0.752593 2.85019e-06
vn -0.45691 -0.889513 -5.93291e-06
vn -0.224869 -0.974389 1.46847e-06
vn -3.3062e-08 -0.999999 -0.0010908
vn -0.938929 -0.344111 -3.76748e-06
vn -0.533989 0.845491 1.17363e-05
vn -0.150255 0.988647 -1.61071e-07
vn -0.557704 0.829565 0.0280757
vn -0.922129 -0.38687 0.00307048
vn -0.639426 -0.768743 0.0130056
vn -0.675149 -0.117649 0.728239
vn -0.454245 0.194972 0.86928
vn -0.536242 -0.380986 0.75319
vn -0.312573 0.181429 0.932406
vn -0.455127 -0.890247 0.0178498
vn -0.204833 -0.978491 0.0244628
vn -0.277426 -0.472084 0.836762
vn 5.40749e-07 0.197147 0.980374
vn -0.164047 0.201984 0.965552
vn 2.5988e-05 -0.535911 0.844275
vn -0.707329 -0.706884 0.000468492
vn -0.897934 -0.44013 -1.17129e-07
vn -0.279646 -0.960102 0.00121427
vn -0.479979 -0.87728 0.000282734
vn -0.176868 0.983501 0.0379997
vn -0.150242 0.988649 -2.08116e-07
vn -0.879028 0.47677 -1.25625e-05
vn -3.6159e-08 -0.999999 0.00123802
vn -1.80155e-05 -0.999006 -0.0445651
vn 3.56584e-05 -0.999006 0.0445673
vn 0.557744 0.82954 -0.0280241
vn 0.922132 -0.386864 -0.00305968
vn 0.63942 -0.768748 -0.0130069
vn 0.675138 -0.117637 -0.728252
vn 0.53624 -0.38102 -0.753174
vn 0.312586 0.181435 -0.932401
vn 0.454212 0.195002 -0.86929
vn 0.455124 -0.890249 -0.0178488
vn 0.204837 -0.97849 -0.0244616
vn 0.277427 -0.472095 -0.836756
vn 0.164199 0.201997 -0.965524
vn 0.921664 -0.38799 2.36778e-07
vn 0.726254 -0.687427 -0.00039326
vn 0.492928 -0.87007 -0.000335008
vn 0.30159 -0.953437 -0.00101361
vn 0.176852 0.983504 -0.0379947
vn 0.150292 0.988642 -1.14025e-07
vn 0.879041 0.476747 1.24258e-05
vn 0.658483 -0.752595 2.60149e-07
vn 0.456949 -0.889493 1.15057e-06
vn 0.224869 -0.974389 1.58748e-07
vn 0.533989 0.845491 2.37569e-05
vn 0.938947 -0.344062 -4.20009e-06
vn 0.150255 0.988647 -1.61071e-07
vn 0.55773 0.829548 0.0280405
vn 0.675152 -0.117646 0.728237
vn 0.639427 -0.768742 0.013005
vn 0.922131 -0.386866 0.00306735
vn 0.454282 0.19497 0.869261
vn 0.312614 0.181404 0.932398
vn 0.536242 -0.380986 0.75319
vn 0.277402 -0.472085 0.83677
vn 0.204833 -0.978491 0.0244622
vn 0.45516 -0.890231 0.0178312
vn 0.164051 0.201984 0.965551
vn 0.707329 -0.706884 0.000546733
vn 0.897934 -0.44013 -8.98421e-06
vn 0.279695 -0.960088 0.00109269
vn 0.47998 -0.87728 0.000283635
vn 0.879028 0.47677 -2.47711e-05
vn 0.150242 0.988649 -2.08116e-07
vn 0.176857 0.983503 0.0380048
vn 0.900392 0.038684 -0.433357
vn 0.900392 0.250174 -0.355959
vn 0.99875 0.0210369 -0.0453425
vn 0.99875 -0.00445952 -0.0497845
vn 0.90039 0.394662 -0.183137
vn 0.99875 0.0408894 -0.0287469
vn 0.900392 0.433356 0.0386795
vn 0.99875 0.0497822 -0.00445323
vn 0.900392 0.355955 0.250181
vn 0.99875 0.0453387 0.0210377
vn 0.900392 0.183177 0.39464
vn 0.99875 0.0287463 0.0408896
vn 0.900393 -0.0386823 0.433355
vn 0.99875 0.0044523 0.049785
vn 0.90039 -0.250183 0.355958
vn 0.99875 -0.0210353 0.0453388
vn 0.900385 -0.394655 0.183176
vn 0.99875 -0.040893 0.0287453
vn 0.900386 -0.433369 -0.0386823
vn 0.99875 -0.0497894 0.00445163
vn 0.900386 -0.355942 -0.250221
vn 0.99875 -0.0453443 -0.0210439
vn 0.90039 -0.183142 -0.39466
vn 0.99875 -0.0287486 -0.0408829
vn 1 1.95738e-18 1.20143e-11
vn -0.0113513 0.573307 -0.819262
vn -0.0113524 0.0868714 -0.996155
vn -0.689005 0.0644744 -0.721883
vn -0.689003 0.416774 -0.592938
vn -0.0113544 0.906131 -0.422845
vn -0.689005 0.657404 -0.30511
vn -0.011354 0.996155 0.0868686
vn -0.689005 0.721883 0.0644738
vn -0.0113533 0.819262 0.573307
vn -0.689007 0.592928 0.41678
vn -0.0113512 0.422848 0.906129
vn -0.689007 0.305097 0.657407
vn -0.0113516 -0.0868699 0.996155
vn -0.689008 -0.0644725 0.721881
vn -0.0113521 -0.573308 0.819261
vn -0.689002 -0.416778 0.592935
vn -0.0113527 -0.906129 0.422848
vn -0.689005 -0.657406 0.305106
vn -0.0113528 -0.996155 -0.0868652
vn -0.689005 -0.721884 -0.064472
vn -0.0113524 -0.819263 -0.573305
vn -0.689005 -0.592936 -0.416773
vn -0.0113521 -0.422848 -0.906129
vn -0.689006 -0.305102 -0.657407
vn 0 0.5 -0.866026
vn 0 -1.22789e-06 -1
vn 0 -1.10574e-06 -1
vn 0 0.5 -0.866026
vn 0 0.866024 -0.500002
vn 0 1 -1.67831e-07
vn 0 1 -1.70286e-07
vn 0 0.866024 0.500002
vn 0 0.866024 0.500002
vn -9.90739e-08 0.5 0.866025
vn 0 0.5 0.866026
vn -1.02654e-07 -7.25882e-07 1
vn 0 -9.29361e-07 1
vn 0 -0.5 0.866025
vn 0 -0.500001 0.866025
vn 0 -0.866024 0.500002
vn 0 -0.866024 0.500002
vn 0 -1 1.5801e-07
vn 0 -1 1.70286e-07
vn 0 -0.866024 -0.500002
vn 0 -0.866024 -0.500002
vn 0 -0.500001 -0.866025
vn 0 -0.500001 -0.866025
vn 0 -1.34071e-07 -1
vn 4.95375e-08 -1.18093e-06 -1
vn 0 0.5 -0.866026
vn 0 -1.21039e-06 -1
vn -2.20942e-07 -9.19139e-07 -1
vn -2.15519e-07 0.5 -0.866025
vn -1.92102e-07 0.420995 -0.907063
vn -3.97205e-07 -0.0889399 -0.996037
vn -5.00655e-08 -1.20886e-06 -1
vn -1.10343e-07 0.5 -0.866026
vn 0 0.866026 -0.499999
vn 0 0.866026 -0.499999
vn 0 0.866024 -0.500002
vn -1.02125e-07 0.866025 -0.500001
vn 0 0.818122 -0.575044
vn 0 0.866024 -0.500002
vn 0 1 -1.97294e-07
vn 0 1 -2.54266e-08
vn 0 1 -4.99789e-08
vn 0 1 -1.68445e-07
vn 0 0.996037 -0.088941
vn 0 1 -1.83177e-07
vn 1.39238e-07 0.866027 0.499997
vn 0 0.866026 0.499998
vn 0 0.866024 0.500002
vn 0 0.866024 0.500002
vn 0 0.907063 0.420995
vn 1.53558e-07 0.499999 0.866026
vn 1.10342e-07 0.5 0.866025
vn 0 0.5 0.866025
vn 0 0.500001 0.866025
vn 0 0.575044 0.818122
vn 0 0.500001 0.866025
vn 2.04523e-07 -7.99538e-07 1
vn 9.60232e-08 -1.0156e-06 1
vn 0 -6.81687e-07 1
vn 0 1.05786e-06 1
vn 0 0.0889419 0.996037
vn 4.59571e-08 1.29694e-06 1
vn 2.31848e-07 -0.499999 0.866026
vn 1.26233e-07 -0.500001 0.866025
vn 0 -0.5 0.866025
vn 0 -0.5 0.866026
vn 0 -0.420993 0.907064
vn 4.95369e-08 -0.5 0.866026
vn 1.05615e-07 -0.866024 0.500002
vn 8.45889e-08 -0.866024 0.500002
vn 0 -0.866026 0.499999
vn 7.06909e-07 -0.818123 0.575043
vn 1.98148e-07 -0.866024 0.500002
vn 1.05616e-07 -1 2.21847e-07
vn -1.05616e-07 -1 9.9084e-08
vn 0 -1 1.38368e-07
vn 2.26787e-07 -1 3.24967e-07
vn 0 -0.996037 0.0889408
vn 2.26787e-07 -1 2.10798e-07
vn 2.39793e-07 -0.866026 -0.499998
vn -1.05616e-07 -0.866024 -0.500002
vn 0 -0.866024 -0.500002
vn 8.6235e-08 -0.866026 -0.499999
vn 0 -0.907065 -0.420991
vn 0 -0.866024 -0.500002
vn 2.16048e-07 -0.500003 -0.866023
vn 4.01112e-08 -0.500001 -0.866025
vn -2.30202e-07 -0.5 -0.866025
vn -9.12012e-07 -0.575044 -0.818123
vn 4.95375e-08 -0.500001 -0.866025
vn -0.0280445 -0.829549 -0.557729
vn -0.728246 0.11764 -0.675144
vn -0.0130079 0.768745 -0.639424
vn -0.00305961 0.386862 -0.922133
vn -0.753174 0.381006 -0.53625
vn -0.869272 -0.195002 -0.454247
vn -0.932401 -0.181434 -0.312585
vn -0.836765 0.472096 -0.277399
vn -0.0244705 0.978491 -0.204833
vn -0.0178347 0.890235 -0.455152
vn -0.980385 -0.197094 -2.75459e-07
vn -0.844278 0.535906 -1.12092e-05
vn -0.965523 -0.201996 -0.164205
vn -0.000392134 0.687422 -0.726259
vn 6.55525e-06 0.38799 -0.921664
vn -0.00101309 0.953439 -0.301585
vn -0.000335367 0.870047 -0.492968
vn 2.45497e-05 -0.476756 -0.879036
vn 0 -0.988646 -0.150265
vn -0.0380053 -0.983503 -0.176853
vn 3.37815e-06 0.75259 -0.65849
vn -3.393e-06 0.889492 -0.456951
vn 2.38411e-06 0.974391 -0.224862
vn -0.000894781 1 -2.15584e-07
vn 0 1 -1.5816e-07
vn -4.23472e-06 0.344108 -0.93893
vn 1.18741e-05 -0.845488 -0.533994
vn 0 -0.988646 -0.150265
vn 0.0280738 -0.829565 -0.557704
vn 0.00306898 0.386863 -0.922132
vn 0.0130035 0.768746 -0.639422
vn 0.72824 0.117645 -0.675149
vn 0.86928 -0.194974 -0.454243
vn 0.753193 0.380983 -0.536238
vn 0.932401 -0.18141 -0.312602
vn 0.0178484 0.890245 -0.455132
vn 0.0244628 0.978491 -0.204836
vn 0.836758 0.472089 -0.27743
vn 0.980377 -0.197134 2.18359e-06
vn 0.965551 -0.201982 -0.164054
vn 0.844257 0.535938 2.58985e-05
vn 0.000471746 0.706883 -0.707331
vn -8.45079e-07 0.440125 -0.897936
vn 0.00121391 0.960088 -0.279696
vn 0.000285372 0.877306 -0.479931
vn 0.0379959 -0.983501 -0.176867
vn 0 -0.988646 -0.150265
vn -1.21996e-05 -0.476756 -0.879036
vn 0.000894781 1 -2.30458e-07
vn -0.0445535 0.999007 -1.41997e-05
vn 0.0445552 0.999007 3.54516e-05
vn -0.0280256 -0.829539 0.557745
vn -0.00306043 0.386868 0.92213
vn -0.0130059 0.768745 0.639424
vn -0.72825 0.117642 0.675139
vn -0.75318 0.381013 0.536236
vn -0.932402 -0.181435 0.312581
vn -0.869273 -0.195001 0.454245
vn -0.0178493 0.890249 0.455125
vn -0.0244653 0.978491 0.204834
vn -0.836755 0.472097 0.277427
vn -0.965554 -0.201962 0.164063
vn 1.03314e-07 0.387993 0.921662
vn -0.000401212 0.687423 0.726257
vn -0.000334517 0.870047 0.492969
vn -0.00101405 0.953439 0.301585
vn -0.0380052 -0.983503 0.176854
vn 0 -0.988646 0.150265
vn 1.17998e-05 -0.476756 0.879036
vn 7.36475e-07 0.75259 0.65849
vn 3.91726e-07 0.889515 0.456906
vn 1.7115e-06 0.974391 0.224861
vn 2.38249e-05 -0.845488 0.533995
vn -4.76511e-06 0.344109 0.93893
vn -8.15974e-08 -0.988646 0.150265
vn 0.0280399 -0.829547 0.557732
vn 0.728245 0.117643 0.675144
vn 0.0130062 0.768747 0.639421
vn 0.00306478 0.386864 0.922132
vn 0.869265 -0.194977 0.454271
vn 0.932399 -0.181411 0.312605
vn 0.753193 0.380982 0.53624
vn 0.836768 0.47209 0.2774
vn 0.0244634 0.978491 0.204835
vn 0.0178329 0.890231 0.455159
vn 0.96555 -0.201995 0.164044
vn 0.000544701 0.706884 0.707329
vn -8.64729e-06 0.440129 0.897935
vn 0.00109178 0.960088 0.279696
vn 0.00028353 0.877282 0.479975
vn 0.000123167 -0.476756 0.879036
vn 2.84232e-07 -0.988646 0.150265
vn 0.0380044 -0.983502 0.176858
vn -0.0280397 0.829547 0.557733
vn -0.728244 -0.117635 0.675147
vn -0.0130061 -0.768747 0.63942
vn -0.00305548 -0.386863 0.922132
vn -0.753191 -0.380971 0.536251
vn -0.869289 0.195007 0.454212
vn -0.932401 0.181433 0.312585
vn -0.836762 -0.472097 0.277405
vn -0.0244603 -0.978491 0.204836
vn -0.0178263 -0.890234 0.455156
vn -0.980379 0.19712 -1.08134e-07
vn -0.844274 -0.535912 1.36343e-05
vn -0.965553 0.201963 0.16407
vn -0.000393896 -0.687427 0.726253
vn 5.25804e-06 -0.387993 0.921662
vn -0.00101408 -0.953437 0.30159
vn -0.00033643 -0.870047 0.492969
vn 2.42292e-05 0.476756 0.879035
vn 1.6016e-07 0.988646 0.150265
vn -0.0380007 0.983503 0.176853
vn 2.87944e-06 -0.752593 0.658486
vn 9.90102e-06 -0.88949 0.456955
vn 1.30634e-06 -0.97439 0.224866
vn -0.000993121 -1 9.46285e-08
vn 0 -1 1.67682e-07
vn -3.42494e-06 -0.344113 0.938928
vn 1.19092e-05 0.845488 0.533995
vn -4.14026e-07 0.988646 0.150265
vn 0.0280733 0.829564 0.557705
vn 0.00305942 -0.386868 0.92213
vn 0.0130065 -0.768745 0.639423
vn 0.728246 -0.117644 0.675143
vn 0.869266 0.194975 0.454271
vn 0.753192 -0.380987 0.536238
vn 0.932399 0.181412 0.312604
vn 0.0178486 -0.890248 0.455127
vn 0.0244594 -0.978491 0.204835
vn 0.83677 -0.472089 0.277395
vn 0.980371 0.197161 1.28764e-07
vn 0.965546 0.201999 0.164063
vn 0.844253 -0.535944 -7.78385e-05
vn 0.000469386 -0.706883 0.707331
vn 5.79945e-07 -0.440132 0.897933
vn 0.00121432 -0.960102 0.279647
vn 0.000283361 -0.877279 0.47998
vn 0.0380092 0.983502 0.176856
vn 0 0.988646 0.150265
vn -1.16829e-05 0.476756 0.879036
vn 0.000895186 -1 1.03751e-07
vn -0.0445689 -0.999006 1.81187e-05
vn 0.0445705 -0.999006 -3.56335e-05
vn -0.0280258 0.829539 -0.557745
vn -0.00306222 -0.386867 -0.92213
vn -0.0130079 -0.768747 -0.63942
vn -0.728249 -0.117637 -0.675141
vn -0.753199 -0.380973 -0.536238
vn -0.932401 0.181434 -0.312586
vn -0.869268 0.195001 -0.454256
vn -0.0178477 -0.89025 -0.455123
vn -0.0244635 -0.978491 -0.204834
vn -0.836767 -0.472099 -0.277388
vn -0.965553 0.201963 -0.164068
vn 0 -0.38799 -0.921664
vn -0.000394827 -0.687426 -0.726254
vn -0.000335809 -0.870048 -0.492967
vn -0.001014 -0.953437 -0.30159
vn -0.0380063 0.983503 -0.176853
vn 0 0.988646 -0.150265
vn 1.21996e-05 0.476756 -0.879036
vn 9.98079e-07 -0.752594 -0.658485
vn 1.00565e-06 -0.889492 -0.45695
vn 0 -0.974389 -0.224867
vn 0.000116665 0.845488 -0.533994
vn -3.40864e-06 -0.344109 -0.93893
vn 0 0.988646 -0.150265
vn 0.0280395 0.829547 -0.557732
vn 0.728235 -0.117646 -0.675154
vn 0.0130048 -0.768745 -0.639424
vn 0.00306609 -0.386867 -0.92213
vn 0.869284 0.194975 -0.454237
vn 0.9324 0.181409 -0.312603
vn 0.75319 -0.380988 -0.53624
vn 0.836766 -0.472089 -0.277406
vn 0.024461 -0.978491 -0.204836
vn 0.0178281 -0.890233 -0.455157
vn 0.96555 0.201983 -0.16406
vn 0.000546914 -0.706882 -0.707332
vn -9.36657e-06 -0.44013 -0.897934
vn 0.00109283 -0.960102 -0.279647
vn 0.000283016 -0.87728 -0.479978
vn 0.000122675 0.476755 -0.879036
vn 0 0.988646 -0.150265
vn 0.0380047 0.983502 -0.176862
vn -0.433356 0.0386817 -0.900392
vn -0.355932 0.250221 -0.90039
vn -0.0453376 0.0210396 -0.99875
vn -0.0497824 -0.00445703 -0.99875
vn -0.183181 0.39464 -0.900391
vn -0.0287465 0.0408846 -0.99875
vn 0.0386825 0.433356 -0.900392
vn -0.00445116 0.0497837 -0.99875
vn 0.250181 0.355957 -0.900391
vn 0.0210367 0.0453386 -0.99875
vn 0.394639 0.183177 -0.900392
vn 0.0408883 0.0287434 -0.99875
vn 0.433355 -0.0386814 -0.900393
vn 0.0497819 0.00445037 -0.99875
vn 0.355934 -0.250226 -0.900388
vn 0.045338 -0.0210351 -0.99875
vn 0.183141 -0.394686 -0.900379
vn 0.0287493 -0.0408983 -0.99875
vn -0.0386838 -0.433381 -0.90038
vn 0.00445097 -0.049793 -0.99875
vn -0.250185 -0.355971 -0.900384
vn -0.0210433 -0.0453467 -0.99875
vn -0.394661 -0.18314 -0.90039
vn -0.0408859 -0.0287478 -0.99875
vn 0 1.33069e-06 -1
vn -0.819261 0.573308 0.0113521
vn -0.996155 0.0868717 0.0113525
vn -0.721883 0.0644742 0.689005
vn -0.592934 0.416773 0.689006
vn -0.422843 0.906132 0.0113543
vn -0.305112 0.657402 0.689006
vn 0.0868682 0.996155 0.0113531
vn 0.0644723 0.721883 0.689005
vn 0.573308 0.819261 0.0113537
vn 0.416785 0.592923 0.689009
vn 0.90613 0.422847 0.0113512
vn 0.657408 0.305099 0.689006
vn 0.996155 -0.0868702 0.011352
vn 0.721883 -0.0644742 0.689005
vn 0.81926 -0.57331 0.0113527
vn 0.592935 -0.416776 0.689004
vn 0.422846 -0.906131 0.0113528
vn 0.305113 -0.657404 0.689003
vn -0.0868679 -0.996155 0.0113523
vn -0.064461 -0.721884 0.689005
vn -0.573308 -0.819261 0.011352
vn -0.416768 -0.592936 0.689008
vn -0.90613 -0.422846 0.0113514
vn -0.657404 -0.305109 0.689006
vn -0.866025 0.5 -8.14603e-08
vn -1 -2.88799e-07 4.70514e-14
vn -1 1.32584e-07 -2.16006e-14
vn -0.866025 0.5 -8.14603e-08
vn -0.500002 0.866024 -1.41093e-07
vn -0.500002 0.866024 -1.41093e-07
vn 4.91051e-09 1 -1.62921e-07
vn -3.06907e-10 1 -1.62921e-07
vn 0.500002 0.866024 -1.41093e-07
vn 0.500002 0.866024 -1.41093e-07
vn 0.866026 0.499999 -3.58237e-08
vn 0.866025 0.500001 -8.14605e-08
vn 1 -8.05323e-07 4.56366e-08
vn 1 8.58726e-07 -1.39904e-13
vn 0.866026 -0.499999 8.14601e-08
vn 0.866025 -0.5 8.14604e-08
vn 0.500004 -0.866023 1.41093e-07
vn 0.500002 -0.866024 1.41093e-07
vn -4.91051e-09 -1 1.62921e-07
vn 2.97608e-06 -1 1.62921e-07
vn -0.500002 -0.866024 1.41093e-07
vn -0.866025 -0.5 8.14604e-08
vn -0.866025 0.500001 -8.14605e-08
vn -1 1.74047e-06 -2.83558e-13
vn -0.866026 0.499999 -8.14602e-08
vn -1 -8.36935e-07 -5.16791e-08
vn -0.866025 0.5 -8.14603e-08
vn -1 -9.82102e-08 1.60005e-14
vn -1 -1.01647e-06 1.59988e-07
vn -0.866026 0.5 5.18574e-08
vn -0.907064 0.420994 1.24025e-07
vn -0.996037 -0.0889389 4.30712e-07
vn -1 -8.88802e-07 4.42917e-08
vn -0.866025 0.5 2.48285e-08
vn -0.499999 0.866026 -1.41094e-07
vn -0.499999 0.866026 4.933e-08
vn -0.500002 0.866024 -1.41093e-07
vn -0.500001 0.866025 -7.14324e-08
vn -0.575043 0.818123 -1.33289e-07
vn -0.500002 0.866024 -1.41093e-07
vn -9.82101e-09 1 -1.62921e-07
vn -3.43735e-08 1 5.51344e-08
vn -2.96595e-06 1 5.66525e-08
vn -0.0889869 0.996033 -1.62274e-07
vn -2.48595e-08 1 -1.62921e-07
vn 0.499998 0.866027 -2.84032e-07
vn 0.499999 0.866026 -1.41094e-07
vn 0.499999 0.866026 5.08479e-08
vn 0.500002 0.866024 -1.41093e-07
vn 0.420996 0.907062 -1.47779e-07
vn 0.500002 0.866024 -1.41093e-07
vn 0.866026 0.5 -2.29769e-07
vn 0.866025 0.500001 -1.92617e-07
vn 0.866026 0.499999 -8.14602e-08
vn 0.866025 0.500001 -8.14604e-08
vn 0.818121 0.575046 -9.36868e-08
vn 0.866025 0.500001 -8.14605e-08
vn 1 4.9105e-08 -2.11573e-07
vn 1 7.90592e-07 -9.90752e-08
vn 1 -7.16934e-07 1.16803e-13
vn 1 1.68799e-06 -2.75008e-13
vn 0.996037 0.0889424 -1.44906e-08
vn 1 1.70272e-06 -4.56368e-08
vn 0.866027 -0.499997 -1.96884e-07
vn 0.866025 -0.5 1.26488e-09
vn 0.866025 -0.5 8.14604e-08
vn 0.866025 -0.500001 8.14605e-08
vn 0.907066 -0.420989 6.85879e-08
vn 0.866026 -0.5 3.58237e-08
vn 0.500007 -0.866022 4.14991e-08
vn 0.5 -0.866026 4.14988e-08
vn 0.500002 -0.866024 1.41093e-07
vn 0.499998 -0.866027 1.41094e-07
vn 0.575046 -0.818121 -1.28053e-06
vn 0.5 -0.866026 -5.08479e-08
vn 5.98101e-06 -1 1.63033e-07
vn -5.98592e-06 -1 1.64581e-07
vn 2.94631e-06 -1 1.62921e-07
vn -6.13813e-09 -1 -5.51343e-08
vn 0.0889407 -0.996037 1.62275e-07
vn -2.94293e-06 -1 -5.66525e-08
vn -0.499995 -0.866029 -1.29594e-07
vn -0.500007 -0.866022 2.43895e-07
vn -0.5 -0.866026 1.41093e-07
vn -0.5 -0.866026 2.03319e-08
vn -0.420995 -0.907063 1.47779e-07
vn -0.500002 -0.866024 1.41093e-07
vn -0.866023 -0.500004 -2.10808e-07
vn -0.866026 -0.499998 8.56544e-08
vn -0.866026 -0.499999 2.57522e-07
vn -0.818125 -0.575041 1.72769e-06
vn -0.866025 -0.500001 3.12095e-08
vn -0.557722 -0.829554 0.0280428
vn -0.675149 0.11764 0.728241
vn -0.639424 0.768744 0.0130047
vn -0.922133 0.38686 0.0030581
vn -0.536256 0.381006 0.753169
vn -0.454218 -0.195007 0.869286
vn -0.312585 -0.181434 0.932401
vn -0.277404 0.472097 0.836762
vn -0.204839 0.97849 0.0244643
vn -0.455154 0.890234 0.017831
vn 4.81261e-07 -0.197099 0.980384
vn -1.06934e-05 0.535936 0.844259
vn -0.164069 -0.201963 0.965553
vn -0.726261 0.687419 0.000393475
vn -0.921665 0.387986 -6.61846e-06
vn -0.301586 0.953438 0.00101249
vn -0.492975 0.870044 0.000336368
vn -0.879042 -0.476744 -2.4472e-05
vn -0.15029 -0.988642 1.6107e-07
vn -0.176849 -0.983504 0.0379981
vn -0.658487 0.752592 -3.03855e-06
vn -0.456953 0.889491 -3.4692e-06
vn -0.224864 0.97439 -2.05028e-06
vn 9.53143e-07 0.999999 0.00108923
vn -0.93893 0.34411 3.88949e-06
vn -0.533991 -0.84549 -1.17364e-05
vn -0.150255 -0.988647 1.61071e-07
vn -0.557705 -0.829564 -0.0280737
vn -0.922132 0.386863 -0.00306976
vn -0.639423 0.768745 -0.0130049
vn -0.675146 0.117647 -0.728242
vn -0.454275 -0.194972 -0.869264
vn -0.536251 0.380975 -0.753188
vn -0.312611 -0.181402 -0.932399
vn -0.455136 0.890243 -0.0178477
vn -0.204836 0.97849 -0.0244625
vn -0.277433 0.47209 -0.836757
vn 3.14554e-07 -0.197135 -0.980376
vn -0.164058 -0.201983 -0.96555
vn 2.41777e-05 0.535919 -0.844269
vn -0.707363 0.706851 -0.000472627
vn -0.897936 0.440126 1.07666e-06
vn -0.279694 0.960089 -0.00121329
vn -0.479969 0.877286 -0.000283832
vn -0.176868 -0.983501 -0.0379993
vn -0.150292 -0.988642 1.6107e-07
vn -0.879043 -0.476743 1.22773e-05
vn -6.59289e-08 1 -0.000991613
vn -1.71214e-05 0.999007 0.0445643
vn 3.30233e-05 0.999006 -0.0445689
vn 0.557734 -0.829546 0.0280244
vn 0.922131 0.386866 0.0030584
vn 0.639422 0.768746 0.0130046
vn 0.675147 0.117642 0.728242
vn 0.536242 0.381013 0.753176
vn 0.312587 -0.181433 0.932401
vn 0.454224 -0.195006 0.869283
vn 0.455119 0.890252 0.0178474
vn 0.204832 0.978491 0.0244601
vn 0.277391 0.472104 0.836763
vn 0.164072 -0.201964 0.965552
vn 0.921664 0.38799 6.8242e-07
vn 0.72626 0.68742 0.000393712
vn 0.492933 0.870067 0.000335336
vn 0.301544 0.953452 0.00101268
vn 0.176856 -0.983503 0.0379908
vn 0.150264 -0.988646 2.71521e-07
vn 0.879036 -0.476756 -1.15959e-05
vn 0.658488 0.752591 -7.01648e-07
vn 0.456952 0.889491 -2.62661e-06
vn 0.224863 0.97439 -8.74376e-07
vn 0.534002 -0.845483 -2.3757e-05
vn 0.938929 0.344111 4.16516e-06
vn 0.150282 -0.988643 1.61071e-07
vn 0.557734 -0.829546 -0.0280392
vn 0.675151 0.117639 -0.728239
vn 0.639424 0.768744 -0.0130054
vn 0.92213 0.386868 -0.00306954
vn 0.454274 -0.194975 -0.869264
vn 0.312615 -0.181404 -0.932397
vn 0.53625 0.380977 -0.753189
vn 0.277403 0.472094 -0.836765
vn 0.204834 0.978491 -0.0244616
vn 0.455165 0.890229 -0.0178327
vn 0.164051 -0.201997 -0.965549
vn 0.707362 0.706852 -0.000546133
vn 0.897935 0.440129 8.49058e-06
vn 0.279645 0.960103 -0.00109149
vn 0.479927 0.877308 -0.000285835
vn 0.879036 -0.476755 2.42104e-05
vn 0.150268 -0.988645 5.06203e-08
vn 0.176865 -0.983502 -0.0379933
vn 0.557735 0.829545 0.028037
vn 0.675142 -0.117634 0.728249
vn 0.63942 -0.768747 0.0130079
vn 0.922133 -0.38686 0.00305468
vn 0.536255 -0.381014 0.753166
vn 0.454212 0.195003 0.86929
vn 0.312584 0.181435 0.932402
vn 0.277401 -0.472097 0.836763
vn 0.204837 -0.97849 0.0244629
vn 0.455156 -0.890233 0.0178296
vn 2.9162e-07 0.197107 0.980382
vn 1.41449e-05 -0.535924 0.844266
vn 0.164062 0.201962 0.965554
vn 0.726253 -0.687427 0.000393296
vn 0.921662 -0.387994 -5.78247e-06
vn 0.301591 -0.953437 0.00101401
vn 0.492967 -0.870048 0.000336396
vn 0.879036 0.476755 -2.42103e-05
vn 0.150266 0.988646 -5.06207e-08
vn 0.176865 0.983502 0.0379909
vn 0.658486 -0.752593 -2.63271e-06
vn 0.456951 -0.889492 -2.01182e-06
vn 0.224861 -0.974391 -1.28231e-06
vn 4.12758e-07 -0.999999 0.00109109
vn 0.938928 -0.344113 3.86936e-06
vn 0.53399 0.845491 -1.22649e-05
vn 0.150255 0.988647 -1.61071e-07
vn 0.557705 0.829564 -0.0280745
vn 0.922126 -0.386877 -0.00306859
vn 0.639424 -0.768745 -0.0130062
vn 0.675146 -0.117642 -0.728243
vn 0.454273 0.194976 -0.869264
vn 0.536244 -0.380978 -0.753192
vn 0.312606 0.18141 -0.932399
vn 0.455126 -0.890248 -0.0178476
vn 0.204836 -0.97849 -0.0244657
vn 0.277427 -0.472084 -0.836762
vn 4.03379e-07 0.197143 -0.980375
vn 0.164045 0.201995 -0.96555
vn -2.41708e-05 -0.535907 -0.844277
vn 0.707332 -0.706881 -0.000468761
vn 0.897932 -0.440134 -6.82047e-07
vn 0.279651 -0.960101 -0.00121387
vn 0.479982 -0.877278 -0.000282632
vn 0.176863 0.983502 -0.037994
vn 0.150242 0.988649 -2.71522e-07
vn 0.87903 0.476766 1.15959e-05
vn 9.0598e-08 -1 -0.000992827
vn 1.66446e-05 -0.999006 0.0445673
vn -3.49291e-05 -0.999006 -0.0445716
vn -0.557745 0.829539 0.0280229
vn -0.922132 -0.386864 0.00305915
vn -0.63942 -0.768747 0.0130076
vn -0.675138 -0.117634 0.728252
vn -0.536238 -0.380972 0.7532
vn -0.312585 0.181434 0.932402
vn -0.454212 0.195004 0.86929
vn -0.455125 -0.890249 0.0178477
vn -0.204837 -0.97849 0.0244677
vn -0.277423 -0.472094 0.836758
vn -0.164106 0.201972 0.965545
vn -0.921663 -0.387991 6.32117e-08
vn -0.726251 -0.687429 0.000393736
vn -0.492962 -0.870051 0.000335103
vn -0.301588 -0.953438 0.00101387
vn -0.176853 0.983504 0.0379932
vn -0.150266 0.988646 -1.61071e-07
vn -0.879036 0.476755 -1.22773e-05
vn -0.658487 -0.752592 -2.86122e-07
vn -0.456952 -0.889491 -8.60735e-07
vn -0.224862 -0.974391 1.58748e-07
vn -0.53399 0.845491 -6.62176e-05
vn -0.938929 -0.34411 4.02396e-06
vn -0.150255 0.988647 -1.61071e-07
vn -0.557732 0.829547 -0.0280405
vn -0.675152 -0.117645 -0.728237
vn -0.639425 -0.768743 -0.0130047
vn -0.922128 -0.386872 -0.00306648
vn -0.454237 0.194975 -0.869284
vn -0.312608 0.181407 -0.932399
vn -0.536244 -0.380981 -0.75319
vn -0.2774 -0.472093 -0.836766
vn -0.204835 -0.978491 -0.024464
vn -0.455158 -0.890232 -0.0178306
vn -0.164046 0.20198 -0.965553
vn -0.707331 -0.706882 -0.000546478
vn -0.897934 -0.440131 9.22334e-06
vn -0.279649 -0.960102 -0.00109232
vn -0.47998 -0.87728 -0.000283379
vn -0.87903 0.476766 2.44721e-05
vn -0.150242 0.988649 -1.61071e-07
vn -0.176859 0.983502 -0.0380027
vn -0.900392 0.0386844 0.433357
vn -0.900392 0.250177 0.355958
vn -0.99875 0.0210372 0.0453382
vn -0.99875 -0.00445926 0.0497796
vn -0.900391 0.394641 0.183178
vn -0.99875 0.0408894 0.028749
vn -0.900392 0.433356 -0.0386862
vn -0.99875 0.0497822 0.00445241
vn -0.900392 0.355959 -0.250176
vn -0.99875 0.0453391 -0.021028
vn -0.900391 0.183176 -0.394642
vn -0.99875 0.0287463 -0.0408841
vn -0.900392 -0.0386826 -0.433356
vn -0.99875 0.00445186 -0.0497785
vn -0.900388 -0.250227 -0.355931
vn -0.99875 -0.0210354 -0.0453367
vn -0.900381 -0.394662 -0.183184
vn -0.99875 -0.0408981 -0.0287488
vn -0.900379 -0.433379 0.0387275
vn -0.99875 -0.0497954 -0.00445379
vn -0.900383 -0.35595 0.25022
vn -0.99875 -0.0453504 0.0210359
vn -0.900391 -0.18314 0.394659
vn -0.99875 -0.0287509 0.0408801
vn 0.0113516 0.573307 0.819262
vn 0.0113524 0.0868717 0.996155
vn 0.689005 0.0644745 0.721883
vn 0.689007 0.416772 0.592934
vn 0.0113544 0.906131 0.422845
vn 0.689005 0.657404 0.30511
vn 0.0113539 0.996155 -0.0868689
vn 0.689005 0.721883 -0.0644757
vn 0.0113533 0.819262 -0.573307
vn 0.689007 0.592928 -0.416779
vn 0.0113513 0.422848 -0.90613
vn 0.689008 0.305097 -0.657407
vn 0.0113519 -0.0868702 -0.996155
vn 0.689008 -0.064473 -0.721881
vn 0.011352 -0.573309 -0.819261
vn 0.689002 -0.416778 -0.592935
vn 0.0113526 -0.906129 -0.422849
vn 0.689005 -0.657406 -0.305105
vn 0.0113527 -0.996155 0.0868653
vn 0.689005 -0.721883 0.0644734
vn 0.0113524 -0.819263 0.573306
vn 0.689004 -0.592935 0.416775
vn 0.0113521 -0.422848 0.90613
vn 0.689006 -0.305102 0.657407
vn 0 0.5 0.866025
vn 0 -8.39437e-07 1
vn 0 -9.0757e-07 1
vn 0 0.866024 0.500002
vn 0 1 -1.77652e-07
vn 0 0.866024 -0.500002
vn 9.90739e-08 0.5 -0.866026
vn 1.02654e-07 -1.13029e-06 -1
vn 0 -1.10298e-06 -1
vn 0 -0.500001 -0.866025
vn 0 -0.500001 -0.866025
vn 0 -0.866024 -0.500002
vn 0 -0.866024 -0.500002
vn 0 -1 1.72742e-07
vn 0 -1 1.40823e-07
vn 0 -0.866024 0.500002
vn 0 -0.500001 0.866025
vn 0 -0.500001 0.866025
vn 0 1.29161e-07 1
vn -4.95375e-08 -8.17647e-07 1
vn 0 0.5 0.866025
vn 0 -7.14526e-07 1
vn 2.20942e-07 -7.45523e-07 1
vn 2.15519e-07 0.5 0.866025
vn 1.92102e-07 0.420996 0.907063
vn 3.97205e-07 -0.0889393 0.996037
vn 5.00656e-08 -8.97749e-07 1
vn 1.10342e-07 0.5 0.866025
vn 0 0.866026 0.499999
vn 1.02125e-07 0.866025 0.5
vn 0 0.818123 0.575044
vn 0 1 -1.23637e-07
vn 0 1 -2.80773e-07
vn 0 1 -2.85684e-07
vn 0 1 -1.88087e-07
vn 0 0.996037 0.0889406
vn 0 1 -1.63534e-07
vn -1.39238e-07 0.866027 -0.499998
vn 0 0.866026 -0.499999
vn 0 0.866024 -0.500002
vn 0 0.866024 -0.500002
vn 0 0.907063 -0.420996
vn -1.53558e-07 0.499999 -0.866026
vn -1.10342e-07 0.5 -0.866026
vn 0 0.500001 -0.866025
vn 0 0.575044 -0.818123
vn 0 0.5 -0.866025
vn -2.04523e-07 -1.10574e-06 -1
vn -9.60232e-08 -1.18431e-06 -1
vn 0 -1.17449e-06 -1
vn 0 7.81125e-07 -1
vn 0 0.0889416 -0.996037
vn -4.5957e-08 8.10588e-07 -1
vn -2.31848e-07 -0.499999 -0.866026
vn -1.26233e-07 -0.500001 -0.866025
vn 0 -0.500001 -0.866025
vn 0 -0.5 -0.866026
vn 0 -0.420992 -0.907064
vn -4.95369e-08 -0.5 -0.866025
vn -1.05615e-07 -0.866024 -0.500002
vn -8.45889e-08 -0.866024 -0.500002
vn 0 -0.866026 -0.499998
vn -1.41382e-06 -0.818123 -0.575043
vn -1.98148e-07 -0.866024 -0.500002
vn 0 -1 1.77652e-07
vn -2.26787e-07 -1 1.15657e-07
vn 0 -0.996037 -0.0889405
vn -2.26787e-07 -1 -3.11605e-09
vn -2.39793e-07 -0.866026 0.499998
vn 1.05616e-07 -0.866024 0.500002
vn -8.6235e-08 -0.866026 0.499999
vn 0 -0.907064 0.420992
vn 0 -0.866024 0.500002
vn -2.16048e-07 -0.500003 0.866024
vn -4.01112e-08 -0.500001 0.866025
vn 2.30202e-07 -0.5 0.866026
vn 1.61892e-06 -0.575043 0.818123
vn -4.95373e-08 -0.5 0.866025
vn 0.0280445 -0.829549 0.55773
vn 0.728246 0.11764 0.675143
vn 0.0130076 0.768745 0.639424
vn 0.00305963 0.386862 0.922132
vn 0.753173 0.381006 0.53625
vn 0.869272 -0.194999 0.454248
vn 0.932401 -0.181433 0.312586
vn 0.836765 0.472096 0.277399
vn 0.0244704 0.978491 0.204833
vn 0.017835 0.890236 0.455151
vn 0.980385 -0.197094 -4.64983e-07
vn 0.844278 0.535906 1.11668e-05
vn 0.965554 -0.201962 0.164064
vn 0.000392134 0.687422 0.726258
vn -6.55525e-06 0.38799 0.921663
vn 0.00101309 0.953439 0.301585
vn 0.000335367 0.870047 0.492968
vn -2.45497e-05 -0.476756 0.879036
vn 0 -0.988646 0.150265
vn 0.0380049 -0.983503 0.176854
vn -3.37815e-06 0.75259 0.658489
vn -4.69449e-06 0.889492 0.45695
vn -2.38411e-06 0.974391 0.224862
vn 0.000992716 1 -1.11742e-07
vn 4.23426e-06 0.344109 0.93893
vn -1.18741e-05 -0.845488 0.533995
vn 0 -0.988646 0.150265
vn -0.0280743 -0.829565 0.557704
vn -0.00306904 0.386863 0.922132
vn -0.0130049 0.768747 0.639421
vn -0.728242 0.117645 0.675146
vn -0.869282 -0.194975 0.454239
vn -0.753193 0.380984 0.536238
vn -0.932401 -0.18141 0.312602
vn -0.0178485 0.890246 0.455131
vn -0.0244628 0.978491 0.204836
vn -0.836758 0.472089 0.277429
vn -0.980377 -0.197134 -2.07838e-06
vn -0.965552 -0.201981 0.164051
vn -0.844257 0.535938 -2.6636e-05
vn -0.000471746 0.706883 0.70733
vn 8.45079e-07 0.440125 0.897936
vn -0.0012137 0.960102 0.279647
vn -0.000283867 0.877283 0.479974
vn -0.0379955 -0.983501 0.176868
vn 0 -0.988646 0.150265
vn 1.21996e-05 -0.476756 0.879036
vn -0.000992716 1 -1.07412e-07
vn 0.0445536 0.999007 1.37698e-05
vn -0.0445552 0.999007 -3.57771e-05
vn 0.0280257 -0.82954 -0.557744
vn 0.00306052 0.386868 -0.92213
vn 0.0130057 0.768744 -0.639424
vn 0.728251 0.117641 -0.675138
vn 0.753179 0.381012 -0.536237
vn 0.932402 -0.181435 -0.312584
vn 0.869274 -0.195001 -0.454244
vn 0.0178492 0.890248 -0.455125
vn 0.0244653 0.978491 -0.204834
vn 0.836754 0.472097 -0.277429
vn 0.965543 -0.201974 -0.164114
vn -1.03314e-07 0.387993 -0.921662
vn 0.000401211 0.687422 -0.726258
vn 0.000334517 0.870046 -0.49297
vn 0.00101405 0.953439 -0.301585
vn 0.038006 -0.983503 -0.176852
vn 0 -0.988646 -0.150265
vn -1.17998e-05 -0.476756 -0.879036
vn -7.36475e-07 0.75259 -0.65849
vn -3.98714e-07 0.889493 -0.456949
vn -1.7115e-06 0.974391 -0.224861
vn -2.38249e-05 -0.845488 -0.533995
vn 4.76465e-06 0.344109 -0.93893
vn 8.15973e-08 -0.988646 -0.150265
vn -0.0280407 -0.829548 -0.557731
vn -0.728245 0.117643 -0.675144
vn -0.0130068 0.768747 -0.639421
vn -0.003067 0.386864 -0.922132
vn -0.869266 -0.194977 -0.45427
vn -0.932399 -0.181411 -0.312605
vn -0.753193 0.380982 -0.53624
vn -0.836768 0.472089 -0.277401
vn -0.0244633 0.978491 -0.204836
vn -0.0178331 0.890231 -0.455159
vn -0.96555 -0.201995 -0.164044
vn -0.000544701 0.706884 -0.70733
vn 8.6473e-06 0.440128 -0.897935
vn -0.00109178 0.960088 -0.279696
vn -0.00028353 0.877282 -0.479975
vn -0.000123167 -0.476756 -0.879036
vn -2.84232e-07 -0.988646 -0.150265
vn -0.038005 -0.983503 -0.176857
vn 0.0280398 0.829547 -0.557733
vn 0.728243 -0.117635 -0.675147
vn 0.0130061 -0.768747 -0.63942
vn 0.00305548 -0.386863 -0.922132
vn 0.753191 -0.380971 -0.53625
vn 0.869288 0.195007 -0.454214
vn 0.932401 0.181434 -0.312586
vn 0.836763 -0.472097 -0.277403
vn 0.0244606 -0.978491 -0.204835
vn 0.0178263 -0.890234 -0.455155
vn 0.980379 0.19712 4.48448e-07
vn 0.844274 -0.535912 -1.2927e-05
vn 0.965553 0.201963 -0.164069
vn 0.000393896 -0.687427 -0.726253
vn -5.25804e-06 -0.387993 -0.921662
vn 0.00101408 -0.953437 -0.30159
vn 0.00033643 -0.870047 -0.492969
vn 7.38802e-05 0.476756 -0.879036
vn -1.60161e-07 0.988646 -0.150265
vn 0.0379997 0.983503 -0.176855
vn -2.87944e-06 -0.752593 -0.658486
vn -1.80851e-06 -0.88949 -0.456954
vn -1.30634e-06 -0.97439 -0.224866
vn 0.000993121 -1 2.25567e-07
vn 3.42494e-06 -0.344114 -0.938928
vn -1.19092e-05 0.845488 -0.533995
vn 4.14025e-07 0.988646 -0.150265
vn -0.0280729 0.829564 -0.557706
vn -0.00305465 -0.386868 -0.92213
vn -0.0130064 -0.768746 -0.639422
vn -0.728246 -0.117645 -0.675142
vn -0.869267 0.194978 -0.454266
vn -0.753192 -0.380986 -0.536238
vn -0.932399 0.181412 -0.312604
vn -0.0178478 -0.890247 -0.455128
vn -0.0244592 -0.978491 -0.204836
vn -0.83676 -0.472084 -0.277434
vn -0.980371 0.197161 -1.08242e-06
vn -0.965526 0.202021 -0.164153
vn -0.844253 -0.535945 2.66412e-05
vn -0.000469385 -0.706883 -0.70733
vn -5.79945e-07 -0.440133 -0.897933
vn -0.00121432 -0.960102 -0.279647
vn -0.000283361 -0.877279 -0.47998
vn -0.0380104 0.983503 -0.176855
vn 0 0.988646 -0.150265
vn 1.16829e-05 0.476756 -0.879036
vn -0.00109106 -0.999999 2.00253e-07
vn 0.0445688 -0.999006 -1.77931e-05
vn -0.0445706 -0.999006 3.56937e-05
vn 0.0280262 0.829539 0.557745
vn 0.00306207 -0.386868 0.92213
vn 0.0130079 -0.768747 0.63942
vn 0.728249 -0.117636 0.675141
vn 0.753199 -0.380973 0.536237
vn 0.932401 0.181435 0.312586
vn 0.869268 0.195001 0.454255
vn 0.0178482 -0.89025 0.455123
vn 0.0244635 -0.978491 0.204834
vn 0.836767 -0.472099 0.277388
vn 0.965553 0.201963 0.164068
vn 0 -0.38799 0.921664
vn 0.000394827 -0.687426 0.726254
vn 0.000335809 -0.870048 0.492968
vn 0.001014 -0.953437 0.30159
vn 0.0379661 0.983495 0.176905
vn 0 0.988646 0.150265
vn -1.21996e-05 0.476756 0.879036
vn -9.98079e-07 -0.752594 0.658485
vn -1.00565e-06 -0.889492 0.45695
vn 0 -0.974389 0.224867
vn -0.000113885 0.845488 0.533994
vn 3.40864e-06 -0.344109 0.93893
vn 0 0.988646 0.150265
vn -0.0280386 0.829547 0.557733
vn -0.728235 -0.117646 0.675154
vn -0.0130055 -0.768745 0.639423
vn -0.00306392 -0.386866 0.922131
vn -0.869283 0.194978 0.454236
vn -0.9324 0.181409 0.312603
vn -0.753189 -0.380988 0.536241
vn -0.836766 -0.47209 0.277405
vn -0.0244609 -0.978491 0.204836
vn -0.0178277 -0.890232 0.455158
vn -0.96555 0.201983 0.164059
vn -0.000546914 -0.706882 0.707332
vn 9.36657e-06 -0.440129 0.897934
vn -0.00109283 -0.960102 0.279647
vn -0.000283016 -0.87728 0.479979
vn 2.45497e-05 0.476756 0.879036
vn 0 0.988646 0.150265
vn -0.0380027 0.983501 0.176865
vn -0.00590646 0.998892 0.0466872
vn 0.0059365 0.998892 0.0466774
vn 0.0441206 0.998989 0.00857886
vn 0.0441349 0.99902 -0.00330958
vn 0.00593433 0.999124 -0.0414211
vn -0.00589965 0.999124 -0.0414324
vn -0.044147 0.99902 -0.00328182
vn -0.0441381 0.998989 0.0085392
vn -0.00661543 -0.998759 -0.0493551
vn 0.00665933 -0.99876 -0.0493414
vn 0.0493599 -0.998759 -0.00660275
vn 0.049385 -0.998758 0.00662882
vn 0.00664837 -0.998758 0.0493766
vn -0.00663321 -0.998758 0.0493801
vn -0.0493712 -0.998758 0.00665384
vn -0.0493554 -0.998759 -0.00660192
vn 0.843957 -0.527005 -0.100013
vn 0.843923 -0.527158 0.0994928
vn 0.807945 -0.580637 0.10043
vn 0.807982 -0.580521 -0.100798
vn 0.948974 0.210034 -0.235233
vn 0.948847 0.210489 0.235336
vn 0.979547 0.173909 0.10121
vn 0.979599 0.173661 -0.101133
vn 0.268924 0.688885 -0.67314
vn 0.965546 0.210394 -0.153149
vn 0.965442 0.210521 0.153634
vn 0.268287 0.688589 0.673697
vn 0.235562 0.209125 -0.949093
vn 0.319338 0.0454106 -0.946552
vn 0.946557 0.0463427 -0.319191
vn -0.947463 -0.214113 -0.237634
vn -0.237343 -0.214842 -0.947371
vn -0.31918 -0.0481716 -0.946469
vn -0.946537 -0.0472701 -0.319113
vn 0.31918 -0.0481707 -0.946469
vn 0.946536 -0.0472734 -0.319115
vn 0.837233 0.538014 -0.097885
vn 0.0993617 0.537591 -0.837331
vn 0.0993454 0.594356 -0.798042
vn 0.798486 0.594039 -0.0976637
vn 0.0997332 -0.52809 0.843312
vn 0.100574 -0.581465 0.807331
vn -0.83688 0.538147 0.100145
vn -0.0990164 0.538613 0.836715
vn -0.0990736 0.593853 0.79845
vn -0.798183 0.593984 0.100433
vn -0.843955 -0.52701 -0.100006
vn -0.0997604 -0.527052 -0.843957
vn -0.100626 -0.580533 -0.807995
vn -0.80798 -0.580523 -0.100799
vn 0.0990713 0.593853 0.798451
vn 0.798187 0.593976 0.100443
vn -0.0993463 0.594356 -0.798042
vn -0.798493 0.594028 -0.0976714
vn -0.100574 -0.581465 0.807331
vn -0.807936 -0.58065 0.10042
vn 0.100627 -0.580533 -0.807995
vn 0.0997753 -0.52704 -0.843963
vn -0.980629 0.167619 0.101341
vn -0.101198 0.167971 0.980584
vn 0.946599 0.0468732 0.318988
vn 0.319288 0.0469173 0.946496
vn 0.235353 0.21077 0.948781
vn 0.94773 -0.213974 0.236694
vn 0.23744 -0.214352 0.947457
vn 0.319183 -0.0469085 0.946532
vn 0.946697 -0.046862 0.318697
vn -0.837233 0.538014 -0.0978853
vn -0.0993644 0.537589 -0.837332
vn -0.101322 0.165806 -0.98094
vn -0.980721 0.167371 -0.100867
vn 0.098999 0.538626 0.836709
vn 0.836883 0.538141 0.100152
vn 0.101187 0.174326 0.979475
vn -0.946697 -0.0468671 0.318698
vn -0.319185 -0.046909 0.946531
vn -0.237432 -0.214354 0.947459
vn -0.94773 -0.21398 0.236687
vn -0.946599 0.0468721 0.318988
vn -0.319288 0.046912 0.946496
vn -0.235356 0.210769 0.94878
vn -0.948848 0.210487 0.235335
vn -0.979548 0.173902 0.101213
vn -0.10119 0.174325 0.979475
vn -0.0997327 -0.528091 0.843311
vn -0.843925 -0.527155 0.0994919
vn -0.98023 -0.169899 -0.10141
vn -0.101084 -0.171329 -0.980015
vn -0.946557 0.0463377 -0.31919
vn -0.319339 0.0454112 -0.946552
vn -0.235596 0.209114 -0.949087
vn -0.948969 0.210024 -0.235261
vn -0.101173 -0.17024 0.980195
vn -0.98033 -0.169771 0.100651
vn -0.10136 -0.171465 0.979962
vn -0.980068 -0.171012 0.101099
vn 0.980721 0.167371 -0.100866
vn 0.980629 0.167621 0.101337
vn 0.980068 -0.171014 0.1011
vn 0.101365 -0.171456 0.979963
vn 0.980004 -0.171152 -0.101481
vn 0.10128 -0.172389 -0.979808
vn 0.101258 0.171777 -0.979918
vn 0.980231 -0.169893 -0.101409
vn 0.101097 -0.171317 -0.980015
vn 0.101323 0.165806 -0.980939
vn 0.101226 0.16794 0.980586
vn 0.101172 -0.170242 0.980195
vn 0.980329 -0.169794 0.100626
vn -0.979598 0.173673 -0.10112
vn -0.101245 0.171792 -0.979917
vn -0.101319 -0.172338 -0.979813
vn -0.980004 -0.171153 -0.101482
vn 0.947465 -0.214105 -0.237633
vn 0.2373 -0.214851 -0.947379
vn -0.153603 -0.210806 0.965385
vn -0.153581 0.210815 0.965386
vn -0.26829 0.688627 0.673657
vn -0.965443 0.210508 0.153643
vn -0.965547 0.210384 -0.153157
vn -0.268926 0.688923 -0.6731
vn 0.153598 -0.210811 0.965384
vn 0.153577 0.210816 0.965386
vn 0.965473 -0.210421 -0.153574
vn 0.965616 -0.210183 0.152999
vn -0.965472 -0.210427 -0.153571
vn 0.673943 -0.688226 -0.2686
vn 0.153433 -0.211492 -0.965261
vn -0.153423 -0.211503 -0.965261
vn -0.673937 -0.688232 -0.2686
vn -0.965615 -0.210195 0.152989
vn -0.153677 0.208969 -0.965772
vn -0.673672 -0.689266 0.266605
vn 0.673638 -0.689299 0.266606
vn 0.153675 0.208972 -0.965772
vn 0.268121 -0.689076 0.673264
vn 0.267732 -0.688744 -0.673759
vn -0.673195 0.688814 0.268968
vn 0.673161 0.688846 0.26897
vn -0.26773 -0.68872 -0.673785
vn -0.26812 -0.68907 0.673271
vn -0.674494 0.688022 -0.267737
vn 0.674518 0.688 -0.267736
vn 0.811012 -0.43557 0.390563
vn 0.712133 -0.61258 0.342947
vn 0.492802 -0.61258 0.617975
vn 0.561237 -0.43557 0.70377
vn -0.767826 -0.640658 1.13204e-07
vn -0.767826 -0.640658 1.04376e-07
vn -0.691791 -0.640654 -0.333147
vn -0.691791 -0.640654 -0.333147
vn 0.170861 -0.640655 -0.748577
vn 0.170861 -0.640655 -0.748578
vn 0.478737 -0.640654 -0.600311
vn 0.478737 -0.640654 -0.600311
vn 0.190349 0.517926 0.833978
vn 0.190349 0.517926 0.833978
vn 0.533345 0.517929 0.668799
vn 0.533345 0.517929 0.6688
vn -0.200304 -0.43557 0.877586
vn -0.175885 -0.61258 0.770591
vn -0.492824 -0.612579 0.617957
vn -0.561237 -0.43557 0.703769
vn -0.891374 0.145698 -0.429214
vn -0.900969 -9.12703e-08 -0.433884
vn -0.623489 -1.27377e-07 -0.781832
vn -0.616839 0.145695 -0.773487
vn 0.200303 -0.43557 0.877586
vn 0.175881 -0.61258 0.770592
vn 0.211019 0.317664 0.924424
vn 0.22014 0.145693 0.964527
vn -0.220146 0.145693 0.964525
vn -0.210996 0.317664 0.924429
vn -0.190345 0.517927 -0.833979
vn -0.190345 0.517927 -0.833979
vn -0.533348 0.517927 -0.668799
vn -0.533348 0.517926 -0.668799
vn 0.222521 -1.58836e-07 -0.974928
vn 0.220153 -0.145692 -0.964524
vn 0.616723 -0.145693 -0.77358
vn 0.62349 -1.22799e-08 -0.781831
vn -0.855424 0.517928 -7.53778e-08
vn -0.855424 0.517928 -8.43812e-08
vn -0.770713 0.517926 0.371153
vn -0.770713 0.517926 0.371153
vn -0.533351 0.517926 0.668797
vn -0.533351 0.517926 0.668797
vn -0.190349 0.517927 0.833978
vn -0.19035 0.517927 0.833978
vn 0.900155 -0.435569 -3.48596e-07
vn 0.790409 -0.612579 2.08538e-06
vn 0.170854 -0.640655 0.748579
vn 0.170854 -0.640655 0.748579
vn -0.170852 -0.640655 0.748579
vn -0.170852 -0.640655 0.748579
vn -0.900155 -0.43557 6.18424e-08
vn -0.790409 -0.612579 -2.17449e-06
vn -0.712128 -0.61258 -0.342958
vn -0.811011 -0.43557 -0.390563
vn 0.176397 0.609195 -0.773153
vn 0.200366 0.434985 -0.877862
vn 0.561413 0.434986 -0.703991
vn 0.494441 0.609195 -0.620007
vn -0.859144 0.301007 -0.413844
vn -0.71449 0.609193 -0.344075
vn -0.494443 0.609193 -0.620008
vn -0.594581 0.301008 -0.745566
vn -0.712141 -0.612578 0.342933
vn -0.811011 -0.43557 0.390563
vn -0.891351 -0.145698 -0.429262
vn -0.616723 -0.145693 -0.77358
vn -0.561236 -0.435571 -0.70377
vn -0.49281 -0.61258 -0.617968
vn -0.175869 -0.61258 -0.770594
vn -0.200302 -0.43557 -0.877586
vn 0.220099 0.145693 -0.964536
vn 0.616833 0.145692 -0.773493
vn 0.175896 -0.61258 -0.770588
vn 0.200303 -0.43557 -0.877586
vn -0.811266 0.434986 -0.390686
vn -0.561415 0.434985 -0.70399
vn 0.561237 -0.43557 -0.70377
vn 0.49281 -0.612582 -0.617966
vn 0.712138 -0.612582 -0.342934
vn 0.811011 -0.43557 -0.390563
vn -0.478732 -0.640655 0.600313
vn -0.478732 -0.640655 0.600313
vn -0.691791 -0.640654 0.333148
vn -0.691791 -0.640654 0.333148
vn 0.767826 -0.640659 2.15226e-06
vn 0.767826 -0.640659 2.12289e-06
vn 0.691787 -0.640659 0.333148
vn 0.691786 -0.640659 0.333148
vn -7.76497e-07 -1 1.62921e-07
vn 0.770708 0.517932 0.371156
vn 0.770707 0.517932 0.371156
vn 0.855425 0.517926 9.87028e-07
vn 0.855425 0.517926 1.04234e-06
vn 0.770715 0.517923 -0.371152
vn 0.770715 0.517923 -0.371152
vn 0.533351 0.517926 -0.668797
vn 0.533351 0.517926 -0.668797
vn -0.770713 0.517925 -0.371154
vn -0.770713 0.517925 -0.371153
vn 0.190349 0.517927 -0.833977
vn 0.190349 0.517927 -0.833977
vn -0.21078 -0.319607 -0.923809
vn -0.220154 -0.145693 -0.964524
vn -0.59079 -0.319608 -0.740823
vn -7.57503e-07 1 -1.62921e-07
vn 0.691792 -0.640653 -0.333148
vn 0.691792 -0.640653 -0.333148
vn 0.478732 -0.640656 0.600313
vn 0.478732 -0.640656 0.600313
vn -0.47874 -0.640652 -0.60031
vn -0.47874 -0.640652 -0.600311
vn -0.170862 -0.640654 -0.748578
vn -0.170862 -0.640654 -0.748577
vn 0.594609 -0.300895 -0.745589
vn 0.212214 -0.300893 -0.929746
vn -0.714515 0.609195 0.344019
vn -0.811267 0.434984 0.390684
vn -0.900438 0.434985 -1.29317e-06
vn -0.79302 0.609196 -4.11139e-06
vn -0.176464 0.609195 -0.773138
vn -0.212207 0.301009 -0.929711
vn -0.900969 -1.88312e-08 0.433884
vn -0.891364 -0.145652 0.429251
vn -0.989335 -0.145659 -4.84304e-05
vn -1 -5.89472e-08 -9.73032e-09
vn -0.891461 0.145691 0.429035
vn -0.98933 0.145694 6.45082e-06
vn -0.210967 -0.319607 0.923766
vn -0.220141 -0.145692 0.964527
vn 0.220146 -0.145692 0.964525
vn 0.210851 -0.319607 0.923793
vn 0.714457 0.609196 -0.344139
vn 0.811266 0.434985 -0.390686
vn 0.900438 0.434985 -1.98572e-07
vn 0.79302 0.609196 3.02441e-06
vn 0.210877 0.317664 -0.924457
vn 0.591197 0.317664 -0.741334
vn 0.900969 1.21339e-07 -0.433884
vn 0.891357 -0.145695 -0.42925
vn 0.989335 -0.145656 -0.000242419
vn 1 8.97193e-08 -4.86517e-07
vn 0.891336 0.145691 -0.429296
vn 0.98933 0.145691 -6.80376e-06
vn -0.212205 -0.300893 -0.929748
vn 0.212219 0.30101 0.929708
vn 0.176467 0.609195 0.773137
vn -0.176461 0.609195 0.773138
vn -0.212192 0.30101 0.929714
vn -0.210877 0.317664 -0.924457
vn -0.22014 0.145693 -0.964527
vn -0.200368 0.434985 -0.877861
vn 0.859174 -0.300893 0.413863
vn 0.953658 -0.300893 3.89911e-06
vn -0.222521 -1.58836e-07 -0.974928
vn 0.590806 -0.319608 -0.74081
vn 0.210848 -0.319607 -0.923793
vn 0.948204 0.317663 -2.45779e-05
vn 0.891356 0.145693 0.429254
vn 0.854301 0.317664 0.411411
vn 0.21218 0.30101 -0.929717
vn 0.594567 0.30101 -0.745576
vn -0.494429 0.609195 0.620017
vn -0.561414 0.434985 0.70399
vn -0.62349 7.62223e-08 0.781832
vn -0.616844 -0.145691 0.773484
vn -0.6168 0.145692 0.773519
vn 0.494451 0.609195 0.62
vn 0.561414 0.434985 0.70399
vn 0.200366 0.434985 0.877862
vn 0.853702 -0.319609 0.411148
vn 0.891363 -0.145655 0.429251
vn 0.947549 -0.31961 -1.92233e-06
vn 0.62349 1.27377e-07 0.781831
vn 0.616831 -0.145694 0.773494
vn 0.222521 3.12298e-07 0.974928
vn 0.616874 0.145694 0.77346
vn 0.859223 -0.300895 -0.41376
vn 0.953621 0.301011 -5.66344e-05
vn 0.714487 0.609195 0.344078
vn 0.859186 0.301009 0.413754
vn 0.854303 0.317663 -0.411408
vn 0.811266 0.434985 0.390685
vn -0.859242 -0.300893 -0.413723
vn -0.953658 -0.300893 -3.76009e-06
vn 0.900969 3.23231e-08 0.433883
vn -0.948203 0.317665 -0.000120556
vn -0.854299 0.317668 -0.411412
vn -0.200366 0.434985 0.877862
vn 0.853681 -0.319609 -0.411192
vn -0.222521 2.61144e-07 0.974928
vn 0.85918 0.301011 -0.413767
vn -0.853701 -0.319611 -0.411149
vn -0.947548 -0.319612 1.52915e-06
vn -0.953621 0.301011 1.89798e-05
vn -0.591192 0.317666 -0.741337
vn -0.594601 -0.300893 -0.745596
vn -0.853713 -0.319607 0.411127
vn -0.859185 0.301011 0.413755
vn -0.859217 -0.300891 0.413776
vn -0.854302 0.317663 0.411411
vn -0.59079 -0.319606 0.740824
vn -0.594577 0.30101 0.745568
vn -0.594597 -0.300892 0.745599
vn -0.591194 0.317664 0.741336
vn 0.590787 -0.319608 0.740825
vn 0.594568 0.30101 0.745575
vn 0.594598 -0.300893 0.745598
vn 0.591196 0.317665 0.741334
vn 0.212214 -0.300893 0.929747
vn -0.212205 -0.300893 0.929748
vn -0.209962 0.230424 0.950169
vn -0.873974 0.20706 0.439655
vn -0.835854 0.0133309 0.548789
vn -0.189882 -0.0543765 0.9803
vn -0.755868 -0.270199 0.596369
vn -0.0662671 -0.226824 0.971679
vn -0.506049 0.0712813 -0.859554
vn -0.532937 -0.0897211 -0.841385
vn -0.601916 -0.141517 -0.78592
vn 0.477865 -0.0126484 -0.878342
vn 0.514866 -0.34792 -0.783495
vn 0.523459 -0.421263 -0.740627
vn 0.93601 -0.108848 0.334721
vn 0.927434 -0.276823 0.251468
vn 0.783347 -0.613186 -0.101838
vn -0.00873915 -0.0548079 0.998459
vn -0.0406794 -0.130683 0.990589
vn -0.922398 -0.198345 0.331424
vn -0.950069 0.0170925 0.311572
vn -0.532671 -0.0855028 -0.841992
vn -0.58991 0.0170924 -0.807288
vn 0.612863 -0.0141698 -0.790062
vn 0.585483 0.0170914 -0.810504
vn 0.940779 -0.0141695 0.338725
vn 0.95176 0.0170924 0.306369
vn -0.031431 -0.0141694 0.999406
vn 0.00273579 0.0170929 0.99985
vn -0.960204 -0.0141689 0.27894
vn -0.950068 0.0170933 0.311573
vn -0.562008 -0.0141706 -0.82701
vn -0.589909 0.0170917 -0.807289
vn 0.612863 -0.0141708 -0.790062
vn 0.585486 0.0170924 -0.810503
vn 0.940779 -0.0141703 0.338725
vn 0.951759 0.017092 0.30637
vn -0.0314302 -0.0141691 0.999406
vn 0.00273437 0.017092 0.99985
vn -0.960203 -0.0141698 0.278942
vn -0.950069 0.0170934 0.311571
vn -0.562007 -0.0141701 -0.827011
vn -0.589909 0.0170918 -0.807289
vn 0.612864 -0.0141694 -0.790061
vn 0.585484 0.0170923 -0.810503
vn 0.940778 -0.0141699 0.338726
vn 0.951759 0.0170924 0.306369
vn -0.00244653 0.0010689 0.999996
vn 0.364965 -0.175839 0.914265
vn -0.951056 -3.39776e-07 0.309018
vn -0.69758 -0.363818 0.617267
vn -0.76344 0.197899 -0.614814
vn -0.917465 -0.35327 -0.182915
vn 0.485608 0.394049 -0.780327
vn 0.892196 0.39405 0.220706
vn 0.457458 0.353289 0.816038
vn -0.925937 -0.287961 -0.244375
vn -0.459812 -0.350342 -0.815986
vn -0.589911 0.017091 -0.807287
vn -0.956611 0.240842 -0.163981
vn 0.633959 -0.350342 -0.689461
vn 0.585483 0.0170915 -0.810504
vn 0.819304 -0.188637 0.54144
vn 0.951759 0.0170944 0.306371
vn 0.457476 0.353271 0.816037
vn -0.385873 0.420356 0.82122
vn -0.0314298 -0.0141695 0.999406
vn 0.00273414 0.0170936 0.99985
vn -0.960203 -0.0141697 0.278942
vn -0.950069 0.017093 0.311571
vn -0.562009 -0.0141705 -0.82701
vn -0.589911 0.0170921 -0.807288
vn 0.612863 -0.0141711 -0.790062
vn 0.585484 0.017091 -0.810504
vn 0.940778 -0.0141684 0.338726
vn 0.95176 0.0170914 0.306368
vn -0.0314308 -0.0141691 0.999406
vn 0.0027369 0.0170922 0.99985
vn -0.960204 -0.0141697 0.27894
vn -0.950069 0.0170932 0.311572
vn -0.562008 -0.01417 -0.82701
vn -0.589908 0.0170937 -0.807289
vn 0.612863 -0.01417 -0.790062
vn 0.585487 0.0170935 -0.810502
vn 0.940779 -0.0141709 0.338724
vn 0.951759 0.0170938 0.30637
vn -0.0314299 -0.0141707 0.999406
vn 0.032108 0.0857423 0.9958
vn -0.960204 -0.0141689 0.278941
vn -0.926303 0.256326 0.276152
vn -0.439903 -0.0807007 -0.894412
vn -0.428971 0.117253 -0.895676
vn 0.66357 0.0594199 -0.745751
vn 0.523975 0.135522 -0.840883
vn 0.939041 0.126078 0.319852
vn 0.884426 0.302175 0.355641
vn -0.0142555 0.0725326 0.997264
vn -0.943594 0.14303 0.298618
vn -0.44941 0.0866611 -0.889112
vn 0.511832 0.0056098 -0.859067
vn 0.869291 0.0998676 0.484107
vn -1 -4.77465e-07 1.22212e-06
vn -1 8.46336e-07 7.62164e-07
vn -1 5.55915e-07 8.63072e-07
vn -1 -1.28444e-06 1.50251e-06
vn -2.84689e-07 -1 7.55951e-08
vn -2.82688e-07 -1 7.55951e-08
vn -2.83318e-07 -1 7.55951e-08
vn -2.85319e-07 -1 7.55951e-08
vn 1 2.7136e-07 -6.86946e-07
vn 1 -1.19386e-06 -1.21356e-06
vn 1 -5.6821e-07 -9.88697e-07
vn 1 5.03868e-07 -6.0338e-07
vn 2.32667e-07 1 -1.62921e-07
vn 2.46694e-07 1 -1.62921e-07
vn 2.37473e-07 1 -1.62921e-07
vn 2.23446e-07 1 -1.62921e-07
vn 4.54954e-07 0.650387 0.759603
vn 3.64069e-07 0.650387 0.759603
vn 4.77608e-07 0.650387 0.759603
vn 5.68493e-07 0.650387 0.759603
vn -7.05732e-07 0.682113 -0.731247
vn -7.05732e-07 0.682113 -0.731246
vn -7.05732e-07 0.682113 -0.731247
vn -7.05732e-07 0.682113 -0.731247
vn -1.28123e-08 -1 1.62921e-07
vn 0.634393 -1.25939e-07 -0.773011
vn 2.64513e-08 1 -1.62921e-07
vn -0.290283 -1.55905e-07 -0.956941
vn -0.290284 1.55905e-07 0.956941
vn -0.0980171 -1.62136e-07 -0.995185
vn -0.471397 1.43683e-07 0.881921
vn 0.881921 -7.68005e-08 -0.471398
vn -0.634393 1.25939e-07 0.773011
vn 0.95694 -4.72934e-08 -0.290285
vn -0.773011 1.03356e-07 0.634393
vn 0.995185 -1.59689e-08 -0.0980166
vn -0.881922 7.68001e-08 0.471396
vn 0.995185 1.5969e-08 0.0980167
vn -0.956941 4.72932e-08 0.290284
vn 0.95694 4.72934e-08 0.290285
vn -0.995185 1.59689e-08 0.0980166
vn 0.881921 7.68004e-08 0.471398
vn -0.995185 -1.59693e-08 -0.0980191
vn -0.95694 -4.72935e-08 -0.290286
vn 0.634393 1.25939e-07 0.773011
vn -0.881921 -7.68004e-08 -0.471397
vn 0.0980163 -1.62136e-07 -0.995185
vn -0.77301 -1.03356e-07 -0.634394
vn 0.290285 1.55905e-07 0.95694
vn 0.290285 -1.55905e-07 -0.95694
vn -0.634392 -1.2594e-07 -0.773012
vn 0.0980162 1.62136e-07 0.995185
vn 0.471398 -1.43683e-07 -0.881921
vn -0.0980187 1.62136e-07 0.995185
vn -3.47269e-08 -0.998454 -0.0555884
vn 0 -0.998454 -0.0555885
vn -0.000193925 -0.998454 0.0555886
vn 0 -0.998454 0.0555885
vn 0 -0.998454 -0.0555884
vn 3.47269e-08 -0.998454 0.0555887
vn 0 -0.998454 0.0555888
vn 0.000152254 -0.998454 -0.0555885
vn 0.000152254 -0.998454 -0.0555889
vn 0 -0.998454 -0.0555889
vn -0.000190421 -0.998454 0.0555889
vn 0 -0.998454 0.0555888
vn -3.47269e-08 -0.998454 -0.0555888
vn 0 -0.998454 -0.0555888
vn -0.000137196 -0.998454 0.0555884
vn 0 -0.998454 0.0555884
vn 0 0.998454 0.0555901
vn 3.47269e-08 0.998454 -0.0555907
vn 0 0.998454 -0.0555907
vn -3.47269e-08 0.998454 0.05559
vn -0.000190421 0.998454 -0.0555908
vn -3.47269e-08 0.998454 0.0555904
vn 0 0.998454 0.0555904
vn 0 0.998454 0.0555905
vn 3.47269e-08 0.998454 -0.0555911
vn 0 0.998454 -0.0555911
vn 0.000152254 0.998454 0.0555904
vn 0 0.998454 0.0555903
vn 3.47269e-08 0.998454 -0.0555892
vn 0 0.998454 -0.0555891
vn -3.47269e-08 0.998454 0.0555904
vn 0 1.62921e-07 1
vn 0 0.599252 0.800561
vn -1 -3.14536e-13 -1.93061e-06
vn -1 1.5824e-13 9.71271e-07
vn 1 -1.54265e-13 -9.4687e-07
vn 1 -4.28281e-13 -2.62877e-06
vn 1 3.85659e-13 2.36716e-06
vn 1 2.04083e-13 1.25265e-06
vn 1 -1.54265e-13 -9.4687e-07
vn 1 -4.28281e-13 -2.62877e-06
vn 1 -1.54264e-13 -9.46868e-07
vn 1 3.14535e-13 1.9306e-06
vn 1 3.85659e-13 2.36716e-06
vn 1 2.04082e-13 1.25265e-06
vn 1 2.04083e-13 1.25265e-06
vn 1 3.8566e-13 2.36716e-06
vn 1 -2.11145e-14 -1.296e-07
vn 0 -0.599254 0.800559
vn -1 1.54264e-13 9.46866e-07
vn -1 2.11142e-14 1.29598e-07
vn -1 1.54265e-13 9.4687e-07
vn -1 4.28281e-13 2.62877e-06
vn -1 -3.8566e-13 -2.36716e-06
vn -1 -2.04083e-13 -1.25265e-06
vn -1 1.54265e-13 9.46869e-07
vn -1 4.28281e-13 2.62877e-06
vn -1 -3.8566e-13 -2.36716e-06
vn -1 -2.04083e-13 -1.25265e-06
vn -1 1.54265e-13 9.4687e-07
vn -1 2.11145e-14 1.296e-07
vn -1 -5.27856e-14 -3.23996e-07
vn 0 -0.599256 0.800558
vn 0 -0.599254 0.800559
vn 0 -0.599255 -0.800559
vn 0 -0.599255 -0.800558
vn 0 -0.599254 -0.800559
vn 0 0.599254 0.800559
vn 0 0.599253 -0.80056
vn 0 0.599253 -0.80056
vn 0 0.998454 -0.0555898
vn 1.51184e-05 0.998454 -0.0555898
vn 0 0.599251 -0.800561
vn 0 0.599251 -0.800561
vn 0 0.599251 -0.800561
vn 0 0.998454 -0.0555908
vn 3.47269e-08 0.998454 -0.0555909
vn 0 0.599254 -0.800559
vn 0 0.599251 0.800561
vn 1 6.32584e-13 3.88277e-06
vn 1 6.57456e-14 4.03544e-07
vn 1 3.69522e-14 2.26811e-07
vn 1 -1.52533e-12 -9.36243e-06
vn 1 -4.2828e-13 -2.62877e-06
vn 1 3.69503e-14 2.268e-07
vn 1 -1.35567e-13 -8.32104e-07
vn 1 3.69488e-14 2.2679e-07
vn 1 -1.35571e-13 -8.32132e-07
vn 1 7.39729e-14 4.54042e-07
vn 1 1.23258e-13 7.56552e-07
vn -1 2.42322e-13 1.48736e-06
vn -1 -6.32588e-13 -3.8828e-06
vn -1 -3.69513e-14 -2.26805e-07
vn -1 1.35564e-13 8.32089e-07
vn -1 -3.69507e-14 -2.26802e-07
vn -1 1.35567e-13 8.32104e-07
vn -1 1.52534e-12 9.36245e-06
vn -1 -5.76457e-13 -3.53827e-06
vn -1 1.35571e-13 8.32132e-07
vn -1.51184e-05 0.998454 0.0555894
vn 0 0.599253 0.800559
vn 0 0.998454 0.0555895
vn 1 1.33862e-13 8.21642e-07
vn 1 -3.16478e-13 -1.94253e-06
vn 0 -0.599255 0.800558
vn -1 -6.55168e-13 -4.02139e-06
vn -1 -3.16294e-13 -1.9414e-06
vn 1 -1.35569e-13 -8.32118e-07
vn 1 3.69497e-14 2.26796e-07
vn 0.000193925 0.998454 0.0555898
vn 0 0.599253 0.80056
vn 0 0.998454 0.0555898
vn -1 -1.32843e-12 -8.15386e-06
vn -0.000193925 -0.998454 0.0555879
vn 0 -0.998454 0.0555878
vn 0.000152254 -0.998454 -0.0555883
vn 0 -0.998454 -0.0555882
vn 1 1.49467e-13 9.1742e-07
vn 1 -1.54264e-13 -9.46864e-07
vn -1 5.31373e-13 3.26155e-06
vn -1 -3.16294e-13 -1.9414e-06
vn 0 -0.599256 -0.800558
vn 0 -0.599257 0.800557
vn 0 0.599251 -0.800561
vn 0 0.599252 0.800561
vn -0.000152254 -0.998454 0.0555886
vn 0 -0.998454 0.0555885
vn 0.000193925 -0.998454 -0.0555875
vn 0 -0.998454 -0.0555875
vn 0 0.599251 0.800561
vn 0 0.599252 0.80056
vn -1 -2.04082e-13 -1.25265e-06
vn -1 -3.85659e-13 -2.36716e-06
vn 0 -0.599257 -0.800557
vn 1 6.32588e-13 3.88279e-06
vn 1 3.8566e-13 2.36716e-06
vn 1 1.32843e-12 8.15386e-06
vn 0 -1.62921e-07 -1
vn -1 -9.06766e-08 1.47731e-14
vn -1 1.56737e-13 6.46622e-07
vn -8.62163e-07 -1 -2.90463e-07
vn 0 -0.707107 0.707107
vn 0 -0.707107 0.707107
vn 1 -3.62706e-07 1.37946e-06
vn 1 -1.40464e-13 -8.62164e-07
vn 9.75426e-07 0.707107 -0.707107
vn 0 0.707106 -0.707107
vn 0 -4.83701e-07 1
vn -6.16667e-13 -4.83702e-07 1
vn -1 -8.90753e-14 -8.62163e-07
vn 0 -0.707107 0.707107
vn 1 -3.62706e-07 5.90924e-14
vn 1 1.40464e-13 8.62164e-07
vn 0 0.707107 -0.707107
vn 0 -4.83702e-07 1
vn -6.16667e-13 -4.83702e-07 1
vn 1 2.7203e-07 1.37946e-06
vn 1 5.1389e-14 -8.37233e-21
vn 0 -0.707107 -0.707106
vn 0 -0.707107 -0.707107
vn -1 -2.7203e-07 -1.37946e-06
vn -1 -5.13891e-14 8.37234e-21
vn -4.87713e-07 0.707107 0.707107
vn 0 0.707107 0.707107
vn 0 -5.94002e-07 -1
vn 4.11112e-13 -7.01773e-07 -1
vn 1 2.7203e-07 -4.43193e-14
vn 1 1.21621e-13 4.31082e-07
vn 0 -0.707107 -0.707107
vn 0 -0.707107 -0.707106
vn 4.11112e-13 -7.01773e-07 -1
vn 7.30917e-08 -1 4.68272e-07
vn -1.16947e-06 1 1.40827e-07
vn -1 -1.1868e-07 3.47222e-07
vn 7.62938e-07 -5.95183e-08 1
vn 0.999997 5.07001e-08 0.00262935
vn -0.00148002 6.4345e-08 -0.999999
vn -1 -1.18679e-07 6.94445e-07
vn 7.62938e-07 -5.95182e-08 1
vn 0.999997 5.07001e-08 0.00262943
vn -0.00148001 6.43449e-08 -0.999999
vn 3.05e-07 1.62921e-07 1
vn -9.14096e-07 -1.76625e-07 -1
vn -1 4.57764e-07 7.8125e-08
vn 1.00611e-06 1 4.92592e-09
vn 0.999997 0.00262961 -3.94329e-08
vn -0.00148018 -0.999999 -4.78926e-09
vn 3.05e-07 1.62921e-07 1
vn -9.14097e-07 -1.76625e-07 -1
vn -1 4.57764e-07 1.17187e-07
vn 0.999997 0.00262961 -7.84375e-08
vn -0.00148018 -0.999999 -4.86534e-09
vn -1 -3.05001e-07 4.96909e-14
vn 1 9.14097e-07 -1.94911e-07
vn -7.2338e-08 1 4.47431e-07
vn -2.8257e-08 -7.89947e-07 1
vn 1.80576e-08 -0.999997 0.00262946
vn 3.52636e-08 0.00148004 -0.999999
vn -1 -3.05001e-07 4.96909e-14
vn -3.6169e-08 1 4.47431e-07
vn -2.8257e-08 -7.13088e-07 1
vn 0 -0.999997 0.00262946
vn 2.8218e-08 0.00148 -0.999999
vn 1 9.14097e-07 5.35244e-07
vn -9.76563e-08 1 4.47431e-07
vn -3.81469e-08 -7.54188e-07 1
vn 2.43778e-08 -0.999997 0.00262946
vn 4.76059e-08 0.00147999 -0.999999
vn -4.88281e-08 1 4.47431e-07
vn -2.43778e-08 -0.999997 0.00262946
vn 4.76059e-08 0.00148004 -0.999999
vn -6.10701e-07 -1.33239e-06 -1
vn -6.07495e-07 1.72221e-06 1
vn -7.8125e-07 1 -1.81994e-07
vn -1 -9.15527e-07 -9.76561e-08
vn -0.00262938 -0.999997 1.24639e-07
vn 0.999999 0.00147986 9.71584e-08
vn -6.10702e-07 -1.33239e-06 -1
vn -6.07495e-07 1.72221e-06 1
vn -1 -9.15527e-07 -4.8828e-08
vn 0.999999 0.00147986 4.84587e-08

# Mesh 'BoltsBrackets_BoltsBrackets' with 1444 faces
g BoltsBrackets_BoltsBrackets
usemtl BoltsBracket
f  1/1/1 2/2/1 3/3/1
f  3/3/1 4/4/1 1/1/1
f  5/5/2 6/6/2 7/7/2
f  7/7/2 8/8/2 5/5/2
f  9/9/3 10/10/3 11/11/3
f  11/11/3 12/12/3 9/9/3
f  13/13/4 14/14/4 15/15/4
f  15/15/4 16/16/4 13/13/4
f  12/12/5 11/11/5 13/17/5
f  13/17/5 16/18/5 12/12/5
f  10/19/6 17/20/6 18/21/6
f  18/21/6 11/22/6 10/19/6
f  19/23/7 20/24/7 21/25/7
f  21/25/7 9/26/7 19/23/7
f  3/27/8 2/28/8 6/6/8
f  6/6/8 5/5/8 3/27/8
f  12/12/9 22/29/9 19/30/9
f  19/30/9 9/9/9 12/12/9
f  1/31/3 4/32/3 23/33/3
f  23/33/3 24/34/3 1/31/3
f  17/35/8 21/36/8 25/37/8
f  25/37/8 18/38/8 17/35/8
f  5/5/10 26/39/10 20/40/10
f  20/40/10 3/27/10 5/5/10
f  2/41/11 1/42/11 24/43/11
f  24/43/11 6/44/11 2/41/11
f  27/45/12 8/46/12 7/47/12
f  7/47/12 28/48/12 27/45/12
f  9/26/1 21/25/1 17/49/1
f  17/49/1 10/50/1 9/26/1
f  24/34/13 23/33/13 27/51/13
f  27/51/13 28/52/13 24/34/13
f  11/22/6 18/21/14 14/53/14
f  14/53/14 13/54/14 11/22/6
f  18/38/15 25/37/15 15/55/15
f  15/55/15 14/56/15 18/38/15
f  6/44/16 24/43/11 28/57/16
f  28/57/16 7/58/16 6/44/16
f  29/59/16 30/60/16 31/61/16
f  31/61/16 32/62/16 29/59/16
f  33/63/17 29/64/17 32/65/17
f  32/65/17 34/66/17 33/63/17
f  35/67/18 33/68/18 34/69/18
f  34/69/18 36/70/18 35/67/18
f  30/71/19 35/72/19 36/73/19
f  36/73/19 31/74/19 30/71/19
f  30/75/20 29/76/20 33/77/20
f  33/77/20 35/78/20 30/75/20
f  36/79/21 34/80/21 32/81/21
f  32/81/21 31/82/21 36/79/21
f  37/78/16 38/83/16 39/84/16
f  39/84/16 40/85/16 37/78/16
f  41/86/17 37/73/17 40/87/17
f  40/87/17 42/88/17 41/86/17
f  43/89/18 41/90/18 42/68/18
f  42/68/18 44/91/18 43/89/18
f  38/92/19 43/93/19 44/94/19
f  44/94/19 39/95/19 38/92/19
f  38/96/20 37/97/20 41/80/20
f  41/80/20 43/98/20 38/96/20
f  44/99/21 42/100/21 40/101/21
f  40/101/21 39/102/21 44/99/21
f  45/103/22 46/104/23 47/105/24
f  47/105/24 48/106/25 45/103/22
f  46/104/23 49/107/26 50/108/27
f  50/108/27 47/105/24 46/104/23
f  49/107/26 51/109/28 52/110/29
f  52/110/29 50/108/27 49/107/26
f  51/109/28 53/111/30 54/112/31
f  54/112/31 52/110/29 51/109/28
f  53/111/30 55/113/32 56/114/33
f  56/114/33 54/112/31 53/111/30
f  55/113/32 57/115/34 58/116/35
f  58/116/35 56/114/33 55/113/32
f  57/115/34 59/117/36 60/118/37
f  60/118/37 58/116/35 57/115/34
f  59/117/36 61/119/38 62/120/39
f  62/120/39 60/118/37 59/117/36
f  61/119/38 63/121/40 64/122/41
f  64/122/41 62/120/39 61/119/38
f  63/121/40 65/123/42 66/124/43
f  66/124/43 64/122/41 63/121/40
f  65/123/42 67/125/44 68/126/45
f  68/126/45 66/124/43 65/123/42
f  67/125/44 45/103/22 48/106/25
f  48/106/25 68/126/45 67/125/44
f  69/127/46 50/108/27 52/110/29
f  69/127/46 68/126/45 48/106/25
f  69/127/46 54/112/31 56/114/33
f  60/118/37 69/127/46 58/116/35
f  69/127/46 56/114/33 58/116/35
f  47/105/24 69/127/46 48/106/25
f  69/127/46 62/120/39 64/122/41
f  66/124/43 69/127/46 64/122/41
f  69/127/46 52/110/29 54/112/31
f  69/127/46 60/118/37 62/120/39
f  66/124/43 68/126/45 69/127/46
f  69/127/46 47/105/24 50/108/27
f  70/128/47 71/129/48 72/130/49
f  72/130/49 73/131/50 70/128/47
f  71/129/48 74/132/51 75/133/52
f  75/133/52 72/130/49 71/129/48
f  74/132/51 76/134/53 77/135/54
f  77/135/54 75/133/52 74/132/51
f  76/134/53 78/136/55 79/137/31
f  79/137/31 77/135/54 76/134/53
f  78/136/55 80/138/56 81/139/57
f  81/139/57 79/137/31 78/136/55
f  80/138/56 82/140/58 83/141/59
f  83/141/59 81/139/57 80/138/56
f  82/140/58 84/142/60 85/143/61
f  85/143/61 83/141/59 82/140/58
f  84/142/60 86/144/62 87/145/63
f  87/145/63 85/143/61 84/142/60
f  86/144/62 88/146/64 89/147/65
f  89/147/65 87/145/63 86/144/62
f  88/146/64 90/148/66 91/149/67
f  91/149/67 89/147/65 88/146/64
f  90/148/66 92/150/68 93/151/69
f  93/151/69 91/149/67 90/148/66
f  92/150/68 70/128/47 73/131/50
f  73/131/50 93/151/69 92/150/68
f  94/152/70 75/133/52 77/135/54
f  94/152/70 93/151/69 73/131/50
f  94/152/70 79/137/31 81/139/57
f  85/143/61 94/152/70 83/141/59
f  94/152/70 81/139/57 83/141/59
f  72/130/49 94/152/70 73/131/50
f  94/152/70 87/145/63 89/147/65
f  91/149/67 94/152/70 89/147/65
f  94/152/70 77/135/54 79/137/31
f  94/152/70 85/143/61 87/145/63
f  91/149/67 93/151/69 94/152/70
f  94/152/70 72/130/49 75/133/52
f  95/153/71 96/154/72 97/155/73
f  97/155/73 98/156/74 95/153/71
f  96/154/72 99/157/75 100/158/76
f  100/158/76 97/155/73 96/154/72
f  99/157/75 101/159/77 102/160/78
f  102/160/78 100/158/76 99/157/75
f  101/159/77 103/161/79 104/162/80
f  104/162/80 102/160/78 101/159/77
f  103/161/79 105/163/81 106/164/82
f  106/164/82 104/162/80 103/161/79
f  105/163/81 107/165/83 108/166/84
f  108/166/84 106/164/82 105/163/81
f  107/165/83 109/167/85 110/168/86
f  110/168/86 108/166/84 107/165/83
f  109/167/85 111/111/87 112/169/88
f  112/169/88 110/168/86 109/167/85
f  111/111/87 113/170/89 114/171/90
f  114/171/90 112/169/88 111/111/87
f  113/170/89 115/172/91 116/173/92
f  116/173/92 114/171/90 113/170/89
f  115/172/91 117/174/93 118/175/94
f  118/175/94 116/173/92 115/172/91
f  117/174/93 95/153/71 98/156/74
f  98/156/74 118/175/94 117/174/93
f  119/176/95 100/158/76 102/160/78
f  119/176/95 118/175/94 98/156/74
f  119/176/95 104/162/80 106/164/82
f  110/168/86 119/176/95 108/166/84
f  119/176/95 106/164/82 108/166/84
f  97/155/73 119/176/95 98/156/74
f  119/176/95 112/169/88 114/171/90
f  116/173/92 119/176/95 114/171/90
f  119/176/95 102/160/78 104/162/80
f  119/176/95 110/168/86 112/169/88
f  116/173/92 118/175/94 119/176/95
f  119/176/95 97/155/73 100/158/76
f  120/177/96 121/178/97 122/179/98
f  122/179/98 123/180/99 120/177/96
f  121/178/97 124/181/100 125/182/101
f  125/182/101 122/179/98 121/178/97
f  124/181/100 126/183/102 127/184/103
f  127/184/103 125/182/101 124/181/100
f  126/183/102 128/185/104 129/186/105
f  129/186/105 127/184/103 126/183/102
f  128/185/104 130/187/106 131/188/107
f  131/188/107 129/186/105 128/185/104
f  130/187/106 132/189/108 133/190/109
f  133/190/109 131/188/107 130/187/106
f  132/189/108 134/191/110 135/192/111
f  135/192/111 133/190/109 132/189/108
f  134/191/110 136/193/112 137/194/113
f  137/194/113 135/192/111 134/191/110
f  136/193/112 138/195/114 139/196/115
f  139/196/115 137/194/113 136/193/112
f  138/195/114 140/197/116 141/198/117
f  141/198/117 139/196/115 138/195/114
f  140/197/116 142/199/118 143/200/119
f  143/200/119 141/198/117 140/197/116
f  142/199/118 120/177/96 123/180/99
f  123/180/99 143/200/119 142/199/118
f  144/201/120 125/182/101 127/184/103
f  144/201/120 143/200/119 123/180/99
f  144/201/120 129/186/105 131/188/107
f  135/192/111 144/201/120 133/190/109
f  144/201/120 131/188/107 133/190/109
f  122/179/98 144/201/120 123/180/99
f  144/201/120 137/194/113 139/196/115
f  141/198/117 144/201/120 139/196/115
f  144/201/120 127/184/103 129/186/105
f  144/201/120 135/192/111 137/194/113
f  141/198/117 143/200/119 144/201/120
f  144/201/120 122/179/98 125/182/101
f  145/202/121 146/203/122 147/204/123
f  147/204/123 148/205/124 145/202/121
f  146/203/122 149/206/125 150/207/126
f  150/207/126 147/204/123 146/203/122
f  149/206/125 151/208/127 152/209/128
f  152/209/128 150/207/126 149/206/125
f  151/208/127 153/210/129 154/211/130
f  154/211/130 152/209/128 151/208/127
f  153/210/129 155/212/131 156/213/132
f  156/213/132 154/211/130 153/210/129
f  155/212/131 157/214/133 158/215/134
f  158/215/134 156/213/132 155/212/131
f  157/214/133 159/216/135 160/217/136
f  160/217/136 158/215/134 157/214/133
f  159/216/135 161/218/137 162/219/138
f  162/219/138 160/217/136 159/216/135
f  161/218/137 163/220/139 164/221/140
f  164/221/140 162/219/138 161/218/137
f  163/220/139 165/222/141 166/223/142
f  166/223/142 164/221/140 163/220/139
f  165/222/141 167/224/143 168/225/144
f  168/225/144 166/223/142 165/222/141
f  167/224/143 145/202/121 148/205/124
f  148/205/124 168/225/144 167/224/143
f  169/226/145 150/207/126 152/209/128
f  169/226/145 168/225/144 148/205/124
f  169/226/145 154/211/130 156/213/132
f  160/217/136 169/226/145 158/215/134
f  169/226/145 156/213/132 158/215/134
f  147/204/123 169/226/145 148/205/124
f  169/226/145 162/219/138 164/221/140
f  166/223/142 169/226/145 164/221/140
f  169/226/145 152/209/128 154/211/130
f  169/226/145 160/217/136 162/219/138
f  166/223/142 168/225/144 169/226/145
f  169/226/145 147/204/123 150/207/126
f  170/227/146 171/228/147 172/229/148
f  172/229/148 173/230/149 170/227/146
f  171/228/147 174/231/150 175/232/151
f  175/232/151 172/229/148 171/228/147
f  174/231/150 176/233/152 177/234/153
f  177/234/153 175/232/151 174/231/150
f  176/233/152 178/235/154 179/236/155
f  179/236/155 177/234/153 176/233/152
f  178/235/154 180/237/156 181/238/157
f  181/238/157 179/236/155 178/235/154
f  180/237/156 182/239/158 183/240/159
f  183/240/159 181/238/157 180/237/156
f  182/239/158 184/241/160 185/242/161
f  185/242/161 183/240/159 182/239/158
f  184/241/160 186/243/162 187/244/163
f  187/244/163 185/242/161 184/241/160
f  186/243/162 188/245/164 189/246/165
f  189/246/165 187/244/163 186/243/162
f  188/245/164 190/247/166 191/248/167
f  191/248/167 189/246/165 188/245/164
f  190/247/166 192/249/168 193/250/169
f  193/250/169 191/248/167 190/247/166
f  192/249/168 170/227/146 173/230/149
f  173/230/149 193/250/169 192/249/168
f  194/251/170 175/232/151 177/234/153
f  194/251/170 193/250/169 173/230/149
f  194/251/170 179/236/155 181/238/157
f  185/242/161 194/251/170 183/240/159
f  194/251/170 181/238/157 183/240/159
f  172/229/148 194/251/170 173/230/149
f  194/251/170 187/244/163 189/246/165
f  191/248/167 194/251/170 189/246/165
f  194/251/170 177/234/153 179/236/155
f  194/251/170 185/242/161 187/244/163
f  191/248/167 193/250/169 194/251/170
f  194/251/170 172/229/148 175/232/151
f  12/252/171 16/253/171 15/254/171
f  15/254/171 25/255/171 12/252/171
f  27/256/18 23/257/18 5/88/18
f  5/88/18 8/258/18 27/256/18
f  26/39/172 25/37/172 21/36/172
f  21/36/172 20/40/172 26/39/172
f  22/29/173 23/33/173 4/32/173
f  4/32/173 19/30/173 22/29/173
f  4/4/174 3/3/174 20/24/174
f  20/24/174 19/23/174 4/4/174
f  22/259/175 26/260/175 5/261/175
f  5/261/175 23/262/175 22/259/175
f  12/263/176 25/264/176 26/260/176
f  26/260/176 22/259/176 12/263/176
f  195/265/177 196/266/177 197/267/177
f  197/267/177 198/268/177 195/265/177
f  199/269/178 200/270/178 201/271/178
f  201/271/178 202/272/178 199/269/178
f  203/273/179 204/274/179 205/275/179
f  205/275/179 206/276/179 203/273/179
f  207/277/180 208/278/180 209/279/180
f  209/279/180 210/280/180 207/277/180
f  211/281/181 212/282/181 213/283/181
f  213/283/181 214/284/181 211/281/181
f  215/285/182 216/286/182 217/287/182
f  217/287/182 218/288/182 215/285/182
f  219/289/183 220/290/183 221/291/183
f  221/291/183 222/292/183 219/289/183
f  223/293/184 224/294/184 225/295/184
f  225/295/184 226/296/184 223/293/184
f  227/297/185 228/298/185 229/299/185
f  229/299/185 230/300/185 227/297/185
f  231/301/186 232/302/186 233/303/186
f  233/303/186 234/304/186 231/301/186
f  235/305/187 236/306/187 237/307/187
f  237/307/187 238/308/187 235/305/187
f  239/309/188 240/310/188 241/311/188
f  241/311/188 242/312/188 239/309/188
f  243/313/189 244/314/189 245/315/189
f  245/315/189 246/316/189 243/313/189
f  247/317/190 248/318/190 249/319/190
f  249/319/190 250/320/190 247/317/190
f  251/321/191 252/322/191 253/323/191
f  253/323/191 254/324/191 251/321/191
f  255/325/192 256/326/192 257/327/192
f  257/327/192 258/328/192 255/325/192
f  259/329/193 260/330/193 261/331/193
f  261/331/193 262/332/193 259/329/193
f  263/333/194 264/334/194 265/335/194
f  265/335/194 266/336/194 263/333/194
f  267/337/195 268/338/195 269/339/195
f  269/339/195 270/340/195 267/337/195
f  271/341/196 272/342/196 273/343/196
f  273/343/196 274/344/196 271/341/196
f  275/345/197 276/346/197 277/347/197
f  277/347/197 278/348/197 275/345/197
f  279/349/198 280/350/198 281/351/198
f  281/351/198 282/352/198 279/349/198
f  283/353/199 284/354/199 285/355/199
f  285/355/199 286/356/199 283/353/199
f  287/357/200 288/358/200 289/359/200
f  289/359/200 290/360/200 287/357/200
f  291/361/201 292/362/201 293/363/201
f  293/363/201 294/364/201 291/361/201
f  295/365/202 296/366/202 297/367/202
f  297/367/202 298/368/202 295/365/202
f  299/369/203 300/370/203 301/371/203
f  301/371/203 302/372/203 299/369/203
f  303/373/204 304/374/204 305/375/204
f  305/375/204 306/376/204 303/373/204
f  307/377/205 308/378/205 309/379/205
f  309/379/205 310/380/205 307/377/205
f  311/381/206 312/382/206 313/383/206
f  313/383/206 314/384/206 311/381/206
f  315/385/207 316/386/207 196/266/207
f  196/266/207 195/265/207 315/385/207
f  202/272/208 201/271/208 317/387/208
f  317/387/208 318/388/208 202/272/208
f  319/389/209 320/390/209 204/274/209
f  204/274/209 203/273/209 319/389/209
f  321/391/210 322/392/210 208/278/210
f  208/278/210 207/277/210 321/391/210
f  323/393/211 324/394/211 212/282/211
f  212/282/211 211/281/211 323/393/211
f  222/292/212 221/291/212 325/395/212
f  325/395/212 326/396/212 222/292/212
f  226/296/213 225/295/213 327/397/213
f  327/397/213 328/398/213 226/296/213
f  218/288/214 217/287/214 329/399/214
f  329/399/214 330/400/214 218/288/214
f  331/401/215 332/402/215 232/302/215
f  232/302/215 231/301/215 331/401/215
f  238/308/216 237/307/216 333/403/216
f  333/403/216 334/404/216 238/308/216
f  335/405/217 336/406/217 240/310/217
f  240/310/217 239/309/217 335/405/217
f  246/316/218 245/315/218 337/407/218
f  337/407/218 338/408/218 246/316/218
f  339/409/219 340/410/219 228/298/219
f  228/298/219 227/297/219 339/409/219
f  250/320/220 249/319/220 341/411/220
f  341/411/220 342/412/220 250/320/220
f  343/413/221 344/414/221 252/322/221
f  252/322/221 251/321/221 343/413/221
f  345/415/222 346/416/222 256/326/222
f  256/326/222 255/325/222 345/415/222
f  347/417/223 348/418/223 264/334/223
f  264/334/223 263/333/223 347/417/223
f  270/340/224 269/339/224 349/419/224
f  349/419/224 350/420/224 270/340/224
f  274/344/225 273/343/225 351/421/225
f  351/421/225 352/422/225 274/344/225
f  262/332/226 261/331/226 353/423/226
f  353/423/226 354/424/226 262/332/226
f  355/425/227 356/426/227 280/350/227
f  280/350/227 279/349/227 355/425/227
f  357/427/228 358/428/228 284/354/228
f  284/354/228 283/353/228 357/427/228
f  290/360/229 289/359/229 359/429/229
f  359/429/229 360/430/229 290/360/229
f  361/431/230 362/432/230 276/346/230
f  276/346/230 275/345/230 361/431/230
f  294/364/231 293/363/231 363/433/231
f  363/433/231 364/434/231 294/364/231
f  298/368/232 297/367/232 365/435/232
f  365/435/232 366/436/232 298/368/232
f  367/437/233 368/438/233 300/370/233
f  300/370/233 299/369/233 367/437/233
f  369/439/234 370/440/234 308/378/234
f  308/378/234 307/377/234 369/439/234
f  314/384/235 313/383/235 371/441/235
f  371/441/235 372/442/235 314/384/235
f  373/443/236 374/444/236 316/386/236
f  316/386/236 315/385/236 373/443/236
f  318/388/237 317/387/237 375/445/237
f  375/445/237 376/446/237 318/388/237
f  306/376/238 305/375/238 377/447/238
f  377/447/238 378/448/238 306/376/238
f  379/449/239 380/450/239 322/392/239
f  322/392/239 321/391/239 379/449/239
f  381/451/240 382/452/240 324/394/240
f  324/394/240 323/393/240 381/451/240
f  383/453/241 384/454/241 320/390/241
f  320/390/241 319/389/241 383/453/241
f  326/396/242 325/395/242 385/455/242
f  385/455/242 386/456/242 326/396/242
f  328/398/243 327/397/243 387/457/243
f  387/457/243 388/458/243 328/398/243
f  330/400/244 329/399/244 389/459/244
f  389/459/244 390/460/244 330/400/244
f  391/461/245 392/462/245 332/402/245
f  332/402/245 331/401/245 391/461/245
f  334/404/246 333/403/246 393/463/246
f  393/463/246 394/464/246 334/404/246
f  395/465/247 396/466/247 336/406/247
f  336/406/247 335/405/247 395/465/247
f  338/408/248 337/407/248 397/467/248
f  397/467/248 398/468/248 338/408/248
f  399/469/249 400/470/249 340/410/249
f  340/410/249 339/409/249 399/469/249
f  342/412/250 341/411/250 401/471/250
f  401/471/250 402/472/250 342/412/250
f  403/473/251 404/474/251 344/414/251
f  344/414/251 343/413/251 403/473/251
f  405/475/252 406/476/252 346/416/252
f  346/416/252 345/415/252 405/475/252
f  407/477/253 408/478/253 348/418/253
f  348/418/253 347/417/253 407/477/253
f  350/420/254 349/419/254 409/479/254
f  409/479/254 410/480/254 350/420/254
f  352/422/255 351/421/255 411/481/255
f  411/481/255 412/482/255 352/422/255
f  354/424/256 353/423/256 413/483/256
f  413/483/256 414/484/256 354/424/256
f  415/485/257 416/486/257 356/426/257
f  356/426/257 355/425/257 415/485/257
f  417/487/258 418/488/258 358/428/258
f  358/428/258 357/427/258 417/487/258
f  360/430/259 359/429/259 419/489/259
f  419/489/259 420/490/259 360/430/259
f  421/491/260 422/492/260 362/432/260
f  362/432/260 361/431/260 421/491/260
f  364/434/261 363/433/261 423/493/261
f  423/493/261 424/494/261 364/434/261
f  366/436/262 365/435/262 425/495/262
f  425/495/262 426/496/262 366/436/262
f  427/497/263 428/498/263 368/438/263
f  368/438/263 367/437/263 427/497/263
f  429/499/264 430/500/264 370/440/264
f  370/440/264 369/439/264 429/499/264
f  372/442/265 371/441/265 431/501/265
f  431/501/265 432/502/265 372/442/265
f  433/503/266 434/504/266 374/444/266
f  374/444/266 373/443/266 433/503/266
f  376/446/267 375/445/267 435/505/267
f  435/505/267 436/506/267 376/446/267
f  378/448/268 377/447/268 437/507/268
f  437/507/268 438/508/268 378/448/268
f  439/509/269 440/510/269 380/450/269
f  380/450/269 379/449/269 439/509/269
f  441/511/270 442/512/270 382/452/270
f  382/452/270 381/451/270 441/511/270
f  443/513/271 444/514/271 384/454/271
f  384/454/271 383/453/271 443/513/271
f  386/456/272 385/455/272 445/515/272
f  445/515/272 446/516/272 386/456/272
f  319/517/273 203/518/273 303/519/273
f  303/519/273 306/520/273 319/517/273
f  275/521/274 278/522/274 259/523/274
f  259/523/274 262/524/274 275/521/274
f  227/525/275 230/526/275 215/527/275
f  215/527/275 218/528/275 227/525/275
f  203/518/276 206/529/276 447/530/276
f  447/530/276 303/519/276 203/518/276
f  278/522/277 448/531/277 449/532/277
f  449/532/277 259/523/277 278/522/277
f  230/526/278 450/533/278 451/534/278
f  451/534/278 215/527/278 230/526/278
f  206/529/279 452/535/279 453/536/279
f  453/536/279 447/530/279 206/529/279
f  448/531/280 454/537/280 455/538/280
f  455/538/280 449/532/280 448/531/280
f  450/533/281 456/539/281 457/540/281
f  457/540/281 451/534/281 450/533/281
f  452/535/282 458/541/282 459/542/282
f  459/542/282 453/536/282 452/535/282
f  454/537/283 439/543/283 432/544/283
f  432/544/283 455/538/283 454/537/283
f  456/539/283 415/545/283 410/546/283
f  410/546/283 457/540/283 456/539/283
f  458/547/284 403/548/284 394/549/284
f  394/549/284 459/550/284 458/547/284
f  439/551/285 379/552/285 372/553/285
f  372/553/285 432/554/285 439/551/285
f  415/555/285 355/556/285 350/557/285
f  350/557/285 410/558/285 415/555/285
f  403/548/286 343/559/286 334/560/286
f  334/560/286 394/549/286 403/548/286
f  379/552/287 321/561/287 314/562/287
f  314/562/287 372/553/287 379/552/287
f  355/556/288 279/563/288 270/564/288
f  270/564/288 350/557/288 355/556/288
f  343/559/289 251/565/289 238/566/289
f  238/566/289 334/560/289 343/559/289
f  321/561/290 207/567/290 311/568/290
f  311/568/290 314/562/290 321/561/290
f  279/563/291 282/569/291 267/570/291
f  267/570/291 270/564/291 279/563/291
f  251/565/292 254/571/292 235/572/292
f  235/572/292 238/566/292 251/565/292
f  207/567/293 210/573/293 460/574/293
f  460/574/293 311/568/293 207/567/293
f  282/569/294 461/575/294 462/576/294
f  462/576/294 267/570/294 282/569/294
f  254/571/295 463/577/295 464/578/295
f  464/578/295 235/572/295 254/571/295
f  210/573/296 465/579/296 466/580/296
f  466/580/296 460/574/296 210/573/296
f  461/575/297 467/581/297 468/582/297
f  468/582/297 462/576/297 461/575/297
f  463/577/298 469/583/298 470/584/298
f  470/584/298 464/578/298 463/577/298
f  465/579/299 471/585/299 472/586/299
f  472/586/299 466/580/299 465/579/299
f  467/581/300 441/587/300 436/588/300
f  436/588/300 468/582/300 467/581/300
f  469/583/301 427/589/301 420/590/301
f  420/590/301 470/584/301 469/583/301
f  471/585/301 405/591/301 398/592/301
f  398/592/301 472/586/301 471/585/301
f  441/587/302 381/593/302 376/594/302
f  376/594/302 436/588/302 441/587/302
f  427/589/303 367/595/303 360/596/303
f  360/596/303 420/590/303 427/589/303
f  405/591/303 345/597/303 338/598/303
f  338/598/303 398/592/303 405/591/303
f  381/593/304 323/599/304 318/600/304
f  318/600/304 376/594/304 381/593/304
f  367/541/305 299/601/305 290/602/305
f  290/602/305 360/603/305 367/541/305
f  345/604/306 255/605/306 246/606/306
f  246/606/306 338/607/306 345/604/306
f  323/608/307 211/609/307 202/610/307
f  202/610/307 318/611/307 323/608/307
f  299/601/308 302/612/308 287/613/308
f  287/613/308 290/602/308 299/601/308
f  255/605/309 258/614/309 243/615/309
f  243/615/309 246/606/309 255/605/309
f  211/609/308 214/616/308 199/617/308
f  199/617/308 202/610/308 211/609/308
f  302/612/310 473/618/310 474/619/310
f  474/619/310 287/613/310 302/612/310
f  258/614/311 475/620/311 476/621/311
f  476/621/311 243/615/311 258/614/311
f  214/616/312 477/622/312 478/623/312
f  478/623/312 199/617/312 214/616/312
f  473/618/313 479/624/313 480/625/313
f  480/625/313 474/619/313 473/618/313
f  475/620/314 481/626/314 482/627/314
f  482/627/314 476/621/314 475/620/314
f  477/622/313 483/628/313 484/629/313
f  484/629/313 478/623/313 477/622/313
f  479/624/315 485/630/315 446/631/315
f  446/631/315 480/625/315 479/624/315
f  481/626/316 429/632/316 424/633/316
f  424/633/316 482/627/316 481/626/316
f  483/628/317 407/634/317 402/635/317
f  402/635/317 484/629/317 483/628/317
f  485/630/318 391/636/318 386/637/318
f  386/637/318 446/631/318 485/630/318
f  429/632/318 369/638/318 364/639/318
f  364/639/318 424/633/318 429/632/318
f  407/634/319 347/640/319 342/641/319
f  342/641/319 402/635/319 407/634/319
f  391/636/320 331/642/320 326/643/320
f  326/643/320 386/637/320 391/636/320
f  369/638/321 307/644/321 294/645/321
f  294/645/321 364/639/321 369/638/321
f  347/640/321 263/646/321 250/647/321
f  250/647/321 342/641/321 347/640/321
f  331/642/322 231/648/322 222/649/322
f  222/649/322 326/643/322 331/642/322
f  307/644/323 310/650/323 291/651/323
f  291/651/323 294/645/323 307/644/323
f  263/646/324 266/652/324 247/653/324
f  247/653/324 250/647/324 263/646/324
f  231/654/325 234/655/325 219/656/325
f  219/656/325 222/657/325 231/654/325
f  310/658/326 486/659/326 487/660/326
f  487/660/326 291/661/326 310/658/326
f  266/662/327 488/663/327 489/664/327
f  489/664/327 247/665/327 266/662/327
f  234/655/328 490/666/328 491/667/328
f  491/667/328 219/656/328 234/655/328
f  486/659/329 492/668/329 493/669/329
f  493/669/329 487/660/329 486/659/329
f  488/663/330 494/670/330 495/671/330
f  495/671/330 489/664/330 488/663/330
f  490/666/331 496/672/331 497/673/331
f  497/673/331 491/667/331 490/666/331
f  492/668/332 498/674/332 499/675/332
f  499/675/332 493/669/332 492/668/332
f  494/670/333 433/676/333 426/677/333
f  426/677/333 495/671/333 494/670/333
f  496/672/334 417/678/334 412/679/334
f  412/679/334 497/673/334 496/672/334
f  498/674/335 395/680/335 388/681/335
f  388/681/335 499/675/335 498/674/335
f  433/676/336 373/682/336 366/683/336
f  366/683/336 426/677/336 433/676/336
f  417/678/337 357/684/337 352/685/337
f  352/685/337 412/679/337 417/678/337
f  395/680/338 335/686/338 328/687/338
f  328/687/338 388/681/338 395/680/338
f  373/682/339 315/688/339 298/689/339
f  298/689/339 366/683/339 373/682/339
f  357/684/340 283/690/340 274/691/340
f  274/691/340 352/685/340 357/684/340
f  335/686/341 239/692/341 226/693/341
f  226/693/341 328/687/341 335/686/341
f  315/688/342 195/694/342 295/695/342
f  295/695/342 298/689/342 315/688/342
f  283/690/343 286/696/343 271/697/343
f  271/697/343 274/691/343 283/690/343
f  239/692/344 242/698/344 223/699/344
f  223/699/344 226/693/344 239/692/344
f  195/694/345 198/700/345 500/701/345
f  500/701/345 295/695/345 195/694/345
f  286/696/346 501/702/346 502/703/346
f  502/703/346 271/697/346 286/696/346
f  242/698/347 503/704/347 504/705/347
f  504/705/347 223/699/347 242/698/347
f  198/700/348 505/706/348 506/707/348
f  506/707/348 500/701/348 198/700/348
f  501/708/349 507/709/349 508/710/349
f  508/710/349 502/711/349 501/708/349
f  503/712/350 509/713/350 510/714/350
f  510/714/350 504/715/350 503/712/350
f  505/716/351 511/717/351 512/718/351
f  512/718/351 506/719/351 505/716/351
f  507/709/352 443/720/352 438/721/352
f  438/721/352 508/710/352 507/709/352
f  509/713/353 421/722/353 414/723/353
f  414/723/353 510/714/353 509/713/353
f  511/717/354 399/724/354 390/725/354
f  390/725/354 512/718/354 511/717/354
f  443/720/355 383/726/355 378/727/355
f  378/727/355 438/721/355 443/720/355
f  421/722/356 361/728/356 354/729/356
f  354/729/356 414/723/356 421/722/356
f  399/724/357 339/730/357 330/731/357
f  330/731/357 390/725/357 399/724/357
f  383/726/358 319/517/358 306/520/358
f  306/520/358 378/727/358 383/726/358
f  361/728/359 275/521/359 262/524/359
f  262/524/359 354/729/359 361/728/359
f  339/730/358 227/525/358 218/528/358
f  218/528/358 330/731/358 339/730/358
f  460/732/360 513/733/360 312/382/360
f  312/382/360 311/381/360 460/732/360
f  310/380/361 309/379/361 514/734/361
f  514/734/361 486/735/361 310/380/361
f  447/736/362 515/737/362 304/374/362
f  304/374/362 303/373/362 447/736/362
f  302/372/363 301/371/363 516/738/363
f  516/738/363 473/739/363 302/372/363
f  500/740/364 517/741/364 296/366/364
f  296/366/364 295/365/364 500/740/364
f  487/742/365 518/743/365 292/362/365
f  292/362/365 291/361/365 487/742/365
f  474/744/366 519/745/366 288/358/366
f  288/358/366 287/357/366 474/744/366
f  286/356/367 285/355/367 520/746/367
f  520/746/367 501/747/367 286/356/367
f  282/352/368 281/351/368 521/748/368
f  521/748/368 461/749/368 282/352/368
f  278/348/369 277/347/369 522/750/369
f  522/750/369 448/751/369 278/348/369
f  502/752/370 523/753/370 272/342/370
f  272/342/370 271/341/370 502/752/370
f  462/754/371 524/755/371 268/338/371
f  268/338/371 267/337/371 462/754/371
f  266/336/372 265/335/372 525/756/372
f  525/756/372 488/757/372 266/336/372
f  449/758/373 526/759/373 260/330/373
f  260/330/373 259/329/373 449/758/373
f  258/328/374 257/327/374 527/760/374
f  527/760/374 475/761/374 258/328/374
f  254/324/375 253/323/375 528/762/375
f  528/762/375 463/763/375 254/324/375
f  489/764/376 529/765/376 248/318/376
f  248/318/376 247/317/376 489/764/376
f  476/766/377 530/767/377 244/314/377
f  244/314/377 243/313/377 476/766/377
f  242/312/378 241/311/378 531/768/378
f  531/768/378 503/769/378 242/312/378
f  464/770/379 532/771/379 236/306/379
f  236/306/379 235/305/379 464/770/379
f  234/304/380 233/303/380 533/772/380
f  533/772/380 490/773/380 234/304/380
f  230/300/381 229/299/381 534/774/381
f  534/774/381 450/775/381 230/300/381
f  504/776/382 535/777/382 224/294/382
f  224/294/382 223/293/382 504/776/382
f  491/778/383 536/779/383 220/290/383
f  220/290/383 219/289/383 491/778/383
f  451/780/384 537/781/384 216/286/384
f  216/286/384 215/285/384 451/780/384
f  214/284/385 213/283/385 538/782/385
f  538/782/385 477/783/385 214/284/385
f  210/280/386 209/279/386 539/784/386
f  539/784/386 465/785/386 210/280/386
f  206/276/387 205/275/387 540/786/387
f  540/786/387 452/787/387 206/276/387
f  478/788/388 541/789/388 200/270/388
f  200/270/388 199/269/388 478/788/388
f  198/268/389 197/267/389 542/790/389
f  542/790/389 505/791/389 198/268/389
f  466/792/390 543/793/390 513/733/390
f  513/733/390 460/732/390 466/792/390
f  486/735/391 514/734/391 544/794/391
f  544/794/391 492/795/391 486/735/391
f  453/796/392 545/797/392 515/737/392
f  515/737/392 447/736/392 453/796/392
f  473/739/393 516/738/393 546/798/393
f  546/798/393 479/799/393 473/739/393
f  506/800/394 547/801/394 517/741/394
f  517/741/394 500/740/394 506/800/394
f  493/802/395 548/803/395 518/743/395
f  518/743/395 487/742/395 493/802/395
f  480/804/396 549/805/396 519/745/396
f  519/745/396 474/744/396 480/804/396
f  501/747/397 520/746/397 550/806/397
f  550/806/397 507/807/397 501/747/397
f  461/749/398 521/748/398 551/808/398
f  551/808/398 467/809/398 461/749/398
f  448/751/399 522/750/399 552/810/399
f  552/810/399 454/811/399 448/751/399
f  508/812/400 553/813/400 523/753/400
f  523/753/400 502/752/400 508/812/400
f  468/814/401 554/815/401 524/755/401
f  524/755/401 462/754/401 468/814/401
f  488/757/402 525/756/402 555/816/402
f  555/816/402 494/817/402 488/757/402
f  455/818/403 556/819/403 526/759/403
f  526/759/403 449/758/403 455/818/403
f  475/761/404 527/760/404 557/820/404
f  557/820/404 481/821/404 475/761/404
f  463/763/405 528/762/405 558/822/405
f  558/822/405 469/823/405 463/763/405
f  495/824/406 559/825/406 529/765/406
f  529/765/406 489/764/406 495/824/406
f  482/826/407 560/827/407 530/767/407
f  530/767/407 476/766/407 482/826/407
f  503/769/408 531/768/408 561/828/408
f  561/828/408 509/829/408 503/769/408
f  470/830/409 562/831/409 532/771/409
f  532/771/409 464/770/409 470/830/409
f  490/773/410 533/772/410 563/832/410
f  563/832/410 496/833/410 490/773/410
f  450/775/411 534/774/411 564/834/411
f  564/834/411 456/835/411 450/775/411
f  510/836/412 565/837/412 535/777/412
f  535/777/412 504/776/412 510/836/412
f  497/838/413 566/839/413 536/779/413
f  536/779/413 491/778/413 497/838/413
f  457/840/414 567/841/414 537/781/414
f  537/781/414 451/780/414 457/840/414
f  477/783/415 538/782/415 568/842/415
f  568/842/415 483/843/415 477/783/415
f  465/785/416 539/784/416 569/844/416
f  569/844/416 471/845/416 465/785/416
f  452/787/417 540/786/417 570/846/417
f  570/846/417 458/847/417 452/787/417
f  484/848/418 571/849/418 541/789/418
f  541/789/418 478/788/418 484/848/418
f  505/791/419 542/790/419 572/850/419
f  572/850/419 511/851/419 505/791/419
f  472/852/420 573/853/420 543/793/420
f  543/793/420 466/792/420 472/852/420
f  492/795/421 544/794/421 574/854/421
f  574/854/421 498/855/421 492/795/421
f  459/856/422 575/857/422 545/797/422
f  545/797/422 453/796/422 459/856/422
f  479/799/423 546/798/423 576/858/423
f  576/858/423 485/859/423 479/799/423
f  512/860/424 577/861/424 547/801/424
f  547/801/424 506/800/424 512/860/424
f  499/862/425 578/863/425 548/803/425
f  548/803/425 493/802/425 499/862/425
f  446/516/426 445/515/426 549/805/426
f  549/805/426 480/804/426 446/516/426
f  507/807/427 550/806/427 444/514/427
f  444/514/427 443/513/427 507/807/427
f  467/809/428 551/808/428 442/512/428
f  442/512/428 441/511/428 467/809/428
f  454/811/429 552/810/429 440/510/429
f  440/510/429 439/509/429 454/811/429
f  438/508/430 437/507/430 553/813/430
f  553/813/430 508/812/430 438/508/430
f  436/506/431 435/505/431 554/815/431
f  554/815/431 468/814/431 436/506/431
f  494/817/432 555/816/432 434/504/432
f  434/504/432 433/503/432 494/817/432
f  432/502/433 431/501/433 556/819/433
f  556/819/433 455/818/433 432/502/433
f  481/821/434 557/820/434 430/500/434
f  430/500/434 429/499/434 481/821/434
f  469/823/435 558/822/435 428/498/435
f  428/498/435 427/497/435 469/823/435
f  426/496/436 425/495/436 559/825/436
f  559/825/436 495/824/436 426/496/436
f  424/494/437 423/493/437 560/827/437
f  560/827/437 482/826/437 424/494/437
f  509/829/438 561/828/438 422/492/438
f  422/492/438 421/491/438 509/829/438
f  420/490/439 419/489/439 562/831/439
f  562/831/439 470/830/439 420/490/439
f  496/833/440 563/832/440 418/488/440
f  418/488/440 417/487/440 496/833/440
f  456/835/441 564/834/441 416/486/441
f  416/486/441 415/485/441 456/835/441
f  414/484/442 413/483/442 565/837/442
f  565/837/442 510/836/442 414/484/442
f  412/482/443 411/481/443 566/839/443
f  566/839/443 497/838/443 412/482/443
f  410/480/444 409/479/444 567/841/444
f  567/841/444 457/840/444 410/480/444
f  483/843/445 568/842/445 408/478/445
f  408/478/445 407/477/445 483/843/445
f  471/845/446 569/844/446 406/476/446
f  406/476/446 405/475/446 471/845/446
f  458/847/447 570/846/447 404/474/447
f  404/474/447 403/473/447 458/847/447
f  402/472/448 401/471/448 571/849/448
f  571/849/448 484/848/448 402/472/448
f  511/851/449 572/850/449 400/470/449
f  400/470/449 399/469/449 511/851/449
f  398/468/450 397/467/450 573/853/450
f  573/853/450 472/852/450 398/468/450
f  498/855/451 574/854/451 396/466/451
f  396/466/451 395/465/451 498/855/451
f  394/464/452 393/463/452 575/857/452
f  575/857/452 459/856/452 394/464/452
f  485/859/453 576/858/453 392/462/453
f  392/462/453 391/461/453 485/859/453
f  390/460/454 389/459/454 577/861/454
f  577/861/454 512/860/454 390/460/454
f  388/458/455 387/457/455 578/863/455
f  578/863/455 499/862/455 388/458/455
f  579/864/456 580/865/456 581/866/456
f  581/866/456 582/867/456 579/864/456
f  583/868/457 584/869/457 585/870/457
f  585/870/457 586/871/457 583/868/457
f  587/872/458 588/873/458 589/874/458
f  589/874/458 590/875/458 587/872/458
f  591/876/459 592/877/459 593/878/459
f  593/878/459 594/879/459 591/876/459
f  595/880/460 596/881/460 597/882/460
f  597/882/460 598/883/460 595/880/460
f  599/884/461 600/885/461 601/886/461
f  601/886/461 602/887/461 599/884/461
f  603/888/462 604/889/462 605/890/462
f  605/890/462 606/891/462 603/888/462
f  607/892/463 608/893/463 609/894/463
f  609/894/463 610/895/463 607/892/463
f  611/896/464 612/897/464 613/898/464
f  613/898/464 614/899/464 611/896/464
f  615/900/465 616/901/465 617/902/465
f  617/902/465 618/903/465 615/900/465
f  619/904/466 620/905/466 621/906/466
f  621/906/466 622/907/466 619/904/466
f  623/908/467 624/909/467 625/910/467
f  625/910/467 626/911/467 623/908/467
f  627/912/468 628/913/468 629/914/468
f  629/914/468 630/915/468 627/912/468
f  631/916/469 632/917/469 633/918/469
f  633/918/469 634/919/469 631/916/469
f  635/920/470 636/921/470 637/922/470
f  637/922/470 638/923/470 635/920/470
f  639/924/471 640/925/471 641/926/471
f  641/926/471 642/927/471 639/924/471
f  643/928/472 644/929/472 645/930/472
f  645/930/472 646/931/472 643/928/472
f  647/932/473 648/933/473 649/934/473
f  649/934/473 650/935/473 647/932/473
f  651/936/474 652/937/474 653/938/474
f  653/938/474 654/939/474 651/936/474
f  655/940/475 656/941/475 657/942/475
f  657/942/475 658/943/475 655/940/475
f  659/944/476 660/945/476 661/946/476
f  661/946/476 662/947/476 659/944/476
f  663/948/477 664/949/477 665/950/477
f  665/950/477 666/951/477 663/948/477
f  667/952/478 668/953/478 669/954/478
f  669/954/478 670/955/478 667/952/478
f  671/956/479 672/957/479 673/958/479
f  673/958/479 674/959/479 671/956/479
f  675/960/480 676/961/480 677/962/480
f  677/962/480 678/963/480 675/960/480
f  679/964/481 680/965/481 681/966/481
f  681/966/481 682/967/481 679/964/481
f  683/968/482 684/969/482 685/970/482
f  685/970/482 686/971/482 683/968/482
f  687/972/483 688/973/483 689/974/483
f  689/974/483 690/975/483 687/972/483
f  691/976/484 692/977/484 693/978/484
f  693/978/484 694/979/484 691/976/484
f  695/980/485 696/981/485 697/982/485
f  697/982/485 698/983/485 695/980/485
f  699/984/486 700/985/486 580/865/486
f  580/865/486 579/864/486 699/984/486
f  586/871/487 585/870/487 701/986/487
f  701/986/487 702/987/487 586/871/487
f  703/988/488 704/989/488 588/873/488
f  588/873/488 587/872/488 703/988/488
f  705/990/489 706/991/489 592/877/489
f  592/877/489 591/876/489 705/990/489
f  707/992/490 708/993/490 596/881/490
f  596/881/490 595/880/490 707/992/490
f  606/891/491 605/890/491 709/994/491
f  709/994/491 710/995/491 606/891/491
f  610/895/492 609/894/492 711/996/492
f  711/996/492 712/997/492 610/895/492
f  602/887/493 601/886/493 713/998/493
f  713/998/493 714/999/493 602/887/493
f  715/1000/494 716/1001/494 616/901/494
f  616/901/494 615/900/494 715/1000/494
f  622/907/495 621/906/495 717/1002/495
f  717/1002/495 718/1003/495 622/907/495
f  719/1004/496 720/1005/496 624/909/496
f  624/909/496 623/908/496 719/1004/496
f  630/915/497 629/914/497 721/1006/497
f  721/1006/497 722/1007/497 630/915/497
f  723/1008/498 724/1009/498 612/897/498
f  612/897/498 611/896/498 723/1008/498
f  634/919/499 633/918/499 725/1010/499
f  725/1010/499 726/1011/499 634/919/499
f  727/1012/500 728/1013/500 636/921/500
f  636/921/500 635/920/500 727/1012/500
f  729/1014/501 730/1015/501 640/925/501
f  640/925/501 639/924/501 729/1014/501
f  731/1016/502 732/1017/502 648/933/502
f  648/933/502 647/932/502 731/1016/502
f  654/939/503 653/938/503 733/1018/503
f  733/1018/503 734/1019/503 654/939/503
f  658/943/504 657/942/504 735/1020/504
f  735/1020/504 736/1021/504 658/943/504
f  646/931/505 645/930/505 737/1022/505
f  737/1022/505 738/1023/505 646/931/505
f  739/1024/506 740/1025/506 664/949/506
f  664/949/506 663/948/506 739/1024/506
f  741/1026/507 742/1027/507 668/953/507
f  668/953/507 667/952/507 741/1026/507
f  674/959/508 673/958/508 743/1028/508
f  743/1028/508 744/1029/508 674/959/508
f  745/1030/509 746/1031/509 660/945/509
f  660/945/509 659/944/509 745/1030/509
f  678/963/510 677/962/510 747/1032/510
f  747/1032/510 748/1033/510 678/963/510
f  682/967/511 681/966/511 749/1034/511
f  749/1034/511 750/1035/511 682/967/511
f  751/1036/512 752/1037/512 684/969/512
f  684/969/512 683/968/512 751/1036/512
f  753/1038/513 754/1039/513 692/977/513
f  692/977/513 691/976/513 753/1038/513
f  698/983/514 697/982/514 755/1040/514
f  755/1040/514 756/1041/514 698/983/514
f  757/1042/515 758/1043/515 700/985/515
f  700/985/515 699/984/515 757/1042/515
f  702/987/516 701/986/516 759/1044/516
f  759/1044/516 760/1045/516 702/987/516
f  690/975/517 689/974/517 761/1046/517
f  761/1046/517 762/1047/517 690/975/517
f  763/1048/518 764/1049/518 706/991/518
f  706/991/518 705/990/518 763/1048/518
f  765/1050/519 766/1051/519 708/993/519
f  708/993/519 707/992/519 765/1050/519
f  767/1052/520 768/1053/520 704/989/520
f  704/989/520 703/988/520 767/1052/520
f  710/995/521 709/994/521 769/1054/521
f  769/1054/521 770/1055/521 710/995/521
f  712/997/522 711/996/522 771/1056/522
f  771/1056/522 772/1057/522 712/997/522
f  714/999/523 713/998/523 773/1058/523
f  773/1058/523 774/1059/523 714/999/523
f  775/1060/524 776/1061/524 716/1001/524
f  716/1001/524 715/1000/524 775/1060/524
f  718/1003/525 717/1002/525 777/1062/525
f  777/1062/525 778/1063/525 718/1003/525
f  779/1064/526 780/1065/526 720/1005/526
f  720/1005/526 719/1004/526 779/1064/526
f  722/1007/527 721/1006/527 781/1066/527
f  781/1066/527 782/1067/527 722/1007/527
f  783/1068/528 784/1069/528 724/1009/528
f  724/1009/528 723/1008/528 783/1068/528
f  726/1011/529 725/1010/529 785/1070/529
f  785/1070/529 786/1071/529 726/1011/529
f  787/1072/530 788/1073/530 728/1013/530
f  728/1013/530 727/1012/530 787/1072/530
f  789/1074/531 790/1075/531 730/1015/531
f  730/1015/531 729/1014/531 789/1074/531
f  791/1076/532 792/1077/532 732/1017/532
f  732/1017/532 731/1016/532 791/1076/532
f  734/1019/533 733/1018/533 793/1078/533
f  793/1078/533 794/1079/533 734/1019/533
f  736/1021/534 735/1020/534 795/1080/534
f  795/1080/534 796/1081/534 736/1021/534
f  738/1023/535 737/1022/535 797/1082/535
f  797/1082/535 798/1083/535 738/1023/535
f  799/1084/536 800/1085/536 740/1025/536
f  740/1025/536 739/1024/536 799/1084/536
f  801/1086/537 802/1087/537 742/1027/537
f  742/1027/537 741/1026/537 801/1086/537
f  744/1029/538 743/1028/538 803/1088/538
f  803/1088/538 804/1089/538 744/1029/538
f  805/1090/539 806/1091/539 746/1031/539
f  746/1031/539 745/1030/539 805/1090/539
f  748/1033/540 747/1032/540 807/1092/540
f  807/1092/540 808/1093/540 748/1033/540
f  750/1035/541 749/1034/541 809/1094/541
f  809/1094/541 810/1095/541 750/1035/541
f  811/1096/542 812/1097/542 752/1037/542
f  752/1037/542 751/1036/542 811/1096/542
f  813/1098/543 814/1099/543 754/1039/543
f  754/1039/543 753/1038/543 813/1098/543
f  756/1041/544 755/1040/544 815/1100/544
f  815/1100/544 816/1101/544 756/1041/544
f  817/1102/545 818/1103/545 758/1043/545
f  758/1043/545 757/1042/545 817/1102/545
f  760/1045/546 759/1044/546 819/1104/546
f  819/1104/546 820/1105/546 760/1045/546
f  762/1047/547 761/1046/547 821/1106/547
f  821/1106/547 822/1107/547 762/1047/547
f  823/1108/548 824/1109/548 764/1049/548
f  764/1049/548 763/1048/548 823/1108/548
f  825/1110/549 826/1111/549 766/1051/549
f  766/1051/549 765/1050/549 825/1110/549
f  827/1112/550 828/1113/550 768/1053/550
f  768/1053/550 767/1052/550 827/1112/550
f  770/1055/551 769/1054/551 829/1114/551
f  829/1114/551 830/1115/551 770/1055/551
f  703/1116/552 587/1117/552 687/1118/552
f  687/1118/552 690/1119/552 703/1116/552
f  659/1120/553 662/1121/553 643/1122/553
f  643/1122/553 646/1123/553 659/1120/553
f  611/1124/554 614/1125/554 599/1126/554
f  599/1126/554 602/1127/554 611/1124/554
f  587/1117/555 590/1128/555 831/1129/555
f  831/1129/555 687/1118/555 587/1117/555
f  662/1121/556 832/1130/556 833/1131/556
f  833/1131/556 643/1122/556 662/1121/556
f  614/1125/557 834/1132/557 835/1133/557
f  835/1133/557 599/1126/557 614/1125/557
f  590/1128/558 836/1134/558 837/1135/558
f  837/1135/558 831/1129/558 590/1128/558
f  832/1130/559 838/1136/559 839/1137/559
f  839/1137/559 833/1131/559 832/1130/559
f  834/1132/560 840/1138/560 841/1139/560
f  841/1139/560 835/1133/560 834/1132/560
f  836/1134/561 842/1140/561 843/1141/561
f  843/1141/561 837/1135/561 836/1134/561
f  838/1136/562 823/1142/562 816/1143/562
f  816/1143/562 839/1137/562 838/1136/562
f  840/1138/563 799/1144/563 794/1145/563
f  794/1145/563 841/1139/563 840/1138/563
f  842/1146/564 787/1147/564 778/1148/564
f  778/1148/564 843/1149/564 842/1146/564
f  823/1150/565 763/1151/565 756/1152/565
f  756/1152/565 816/1153/565 823/1150/565
f  799/1154/566 739/1155/566 734/1156/566
f  734/1156/566 794/1157/566 799/1154/566
f  787/1147/567 727/1158/567 718/1159/567
f  718/1159/567 778/1148/567 787/1147/567
f  763/1151/568 705/1160/568 698/1161/568
f  698/1161/568 756/1152/568 763/1151/568
f  739/1155/569 663/1162/569 654/1163/569
f  654/1163/569 734/1156/569 739/1155/569
f  727/1158/570 635/1164/570 622/1165/570
f  622/1165/570 718/1159/570 727/1158/570
f  705/1160/571 591/1166/571 695/1167/571
f  695/1167/571 698/1161/571 705/1160/571
f  663/1162/572 666/1168/572 651/1169/572
f  651/1169/572 654/1163/572 663/1162/572
f  635/1164/573 638/1170/573 619/1171/573
f  619/1171/573 622/1165/573 635/1164/573
f  591/1166/574 594/1172/574 844/1173/574
f  844/1173/574 695/1167/574 591/1166/574
f  666/1168/575 845/1174/575 846/1175/575
f  846/1175/575 651/1169/575 666/1168/575
f  638/1170/576 847/1176/576 848/1177/576
f  848/1177/576 619/1171/576 638/1170/576
f  594/1172/577 849/1178/577 850/1179/577
f  850/1179/577 844/1173/577 594/1172/577
f  845/1174/578 851/1180/578 852/1181/578
f  852/1181/578 846/1175/578 845/1174/578
f  847/1176/579 853/1182/579 854/1183/579
f  854/1183/579 848/1177/579 847/1176/579
f  849/1178/580 855/1184/580 856/1185/580
f  856/1185/580 850/1179/580 849/1178/580
f  851/1180/581 825/1186/581 820/1187/581
f  820/1187/581 852/1181/581 851/1180/581
f  853/1182/582 811/1188/582 804/1189/582
f  804/1189/582 854/1183/582 853/1182/582
f  855/1184/583 789/1190/583 782/1191/583
f  782/1191/583 856/1185/583 855/1184/583
f  825/1186/584 765/1192/584 760/1193/584
f  760/1193/584 820/1187/584 825/1186/584
f  811/1188/585 751/1194/585 744/1195/585
f  744/1195/585 804/1189/585 811/1188/585
f  789/1190/586 729/1196/586 722/1197/586
f  722/1197/586 782/1191/586 789/1190/586
f  765/1192/587 707/1198/587 702/1199/587
f  702/1199/587 760/1193/587 765/1192/587
f  751/1200/588 683/1201/588 674/1202/588
f  674/1202/588 744/1203/588 751/1200/588
f  729/1204/589 639/1205/589 630/1206/589
f  630/1206/589 722/1207/589 729/1204/589
f  707/1208/590 595/1209/590 586/1210/590
f  586/1210/590 702/1211/590 707/1208/590
f  683/1201/591 686/1212/591 671/1213/591
f  671/1213/591 674/1202/591 683/1201/591
f  639/1205/592 642/1214/592 627/1215/592
f  627/1215/592 630/1206/592 639/1205/592
f  595/1209/593 598/1216/593 583/1217/593
f  583/1217/593 586/1210/593 595/1209/593
f  686/1212/594 857/1218/594 858/1219/594
f  858/1219/594 671/1213/594 686/1212/594
f  642/1214/595 859/1220/595 860/1221/595
f  860/1221/595 627/1215/595 642/1214/595
f  598/1216/596 861/1222/596 862/1223/596
f  862/1223/596 583/1217/596 598/1216/596
f  857/1218/597 863/1224/597 864/1225/597
f  864/1225/597 858/1219/597 857/1218/597
f  859/1220/598 865/1226/598 866/1227/598
f  866/1227/598 860/1221/598 859/1220/598
f  861/1222/599 867/1228/599 868/1229/599
f  868/1229/599 862/1223/599 861/1222/599
f  863/1224/600 869/1230/600 830/1231/600
f  830/1231/600 864/1225/600 863/1224/600
f  865/1226/601 813/1232/601 808/1233/601
f  808/1233/601 866/1227/601 865/1226/601
f  867/1228/602 791/1234/602 786/1235/602
f  786/1235/602 868/1229/602 867/1228/602
f  869/1230/603 775/1236/603 770/1237/603
f  770/1237/603 830/1231/603 869/1230/603
f  813/1232/604 753/1238/604 748/1239/604
f  748/1239/604 808/1233/604 813/1232/604
f  791/1234/605 731/1240/605 726/1241/605
f  726/1241/605 786/1235/605 791/1234/605
f  775/1236/606 715/1242/606 710/1243/606
f  710/1243/606 770/1237/606 775/1236/606
f  753/1238/607 691/1244/607 678/1245/607
f  678/1245/607 748/1239/607 753/1238/607
f  731/1240/608 647/1246/608 634/1247/608
f  634/1247/608 726/1241/608 731/1240/608
f  715/1242/609 615/1248/609 606/1249/609
f  606/1249/609 710/1243/609 715/1242/609
f  691/1244/610 694/1250/610 675/1251/610
f  675/1251/610 678/1245/610 691/1244/610
f  647/1246/611 650/1252/611 631/1253/611
f  631/1253/611 634/1247/611 647/1246/611
f  615/1254/612 618/1255/612 603/1256/612
f  603/1256/612 606/1257/612 615/1254/612
f  694/1258/613 870/1259/613 871/1260/613
f  871/1260/613 675/1261/613 694/1258/613
f  650/1262/614 872/1263/614 873/1264/614
f  873/1264/614 631/1265/614 650/1262/614
f  618/1255/615 874/1266/615 875/1267/615
f  875/1267/615 603/1256/615 618/1255/615
f  870/1259/616 876/1268/616 877/1269/616
f  877/1269/616 871/1260/616 870/1259/616
f  872/1263/617 878/1270/617 879/1271/617
f  879/1271/617 873/1264/617 872/1263/617
f  874/1266/618 880/1272/618 881/1273/618
f  881/1273/618 875/1267/618 874/1266/618
f  876/1268/619 882/1274/619 883/1275/619
f  883/1275/619 877/1269/619 876/1268/619
f  878/1270/620 817/1276/620 810/1277/620
f  810/1277/620 879/1271/620 878/1270/620
f  880/1272/621 801/1278/621 796/1279/621
f  796/1279/621 881/1273/621 880/1272/621
f  882/1274/622 779/1280/622 772/1281/622
f  772/1281/622 883/1275/622 882/1274/622
f  817/1276/623 757/1282/623 750/1283/623
f  750/1283/623 810/1277/623 817/1276/623
f  801/1278/624 741/1284/624 736/1285/624
f  736/1285/624 796/1279/624 801/1278/624
f  779/1280/625 719/1286/625 712/1287/625
f  712/1287/625 772/1281/625 779/1280/625
f  757/1282/626 699/1288/626 682/1289/626
f  682/1289/626 750/1283/626 757/1282/626
f  741/1284/627 667/1290/627 658/1291/627
f  658/1291/627 736/1285/627 741/1284/627
f  719/1286/628 623/1292/628 610/1293/628
f  610/1293/628 712/1287/628 719/1286/628
f  699/1288/629 579/1294/629 679/1295/629
f  679/1295/629 682/1289/629 699/1288/629
f  667/1290/630 670/1296/630 655/1297/630
f  655/1297/630 658/1291/630 667/1290/630
f  623/1292/631 626/1298/631 607/1299/631
f  607/1299/631 610/1293/631 623/1292/631
f  579/1294/632 582/1300/632 884/1301/632
f  884/1301/632 679/1295/632 579/1294/632
f  670/1296/633 885/1302/633 886/1303/633
f  886/1303/633 655/1297/633 670/1296/633
f  626/1298/634 887/1304/634 888/1305/634
f  888/1305/634 607/1299/634 626/1298/634
f  582/1300/635 889/1306/635 890/1307/635
f  890/1307/635 884/1301/635 582/1300/635
f  885/1308/636 891/1309/636 892/1310/636
f  892/1310/636 886/1311/636 885/1308/636
f  887/1312/637 893/1313/637 894/1314/637
f  894/1314/637 888/1315/637 887/1312/637
f  889/1316/638 895/1317/638 896/1318/638
f  896/1318/638 890/1319/638 889/1316/638
f  891/1309/639 827/1320/639 822/1321/639
f  822/1321/639 892/1310/639 891/1309/639
f  893/1313/640 805/1322/640 798/1323/640
f  798/1323/640 894/1314/640 893/1313/640
f  895/1317/641 783/1324/641 774/1325/641
f  774/1325/641 896/1318/641 895/1317/641
f  827/1320/642 767/1326/642 762/1327/642
f  762/1327/642 822/1321/642 827/1320/642
f  805/1322/643 745/1328/643 738/1329/643
f  738/1329/643 798/1323/643 805/1322/643
f  783/1324/644 723/1330/644 714/1331/644
f  714/1331/644 774/1325/644 783/1324/644
f  767/1326/645 703/1116/645 690/1119/645
f  690/1119/645 762/1327/645 767/1326/645
f  745/1328/646 659/1120/646 646/1123/646
f  646/1123/646 738/1329/646 745/1328/646
f  723/1330/647 611/1124/647 602/1127/647
f  602/1127/647 714/1331/647 723/1330/647
f  844/1332/648 897/1333/648 696/981/648
f  696/981/648 695/980/648 844/1332/648
f  694/979/649 693/978/649 898/1334/649
f  898/1334/649 870/1335/649 694/979/649
f  831/1336/650 899/1337/650 688/973/650
f  688/973/650 687/972/650 831/1336/650
f  686/971/651 685/970/651 900/1338/651
f  900/1338/651 857/1339/651 686/971/651
f  884/1340/652 901/1341/652 680/965/652
f  680/965/652 679/964/652 884/1340/652
f  871/1342/653 902/1343/653 676/961/653
f  676/961/653 675/960/653 871/1342/653
f  858/1344/654 903/1345/654 672/957/654
f  672/957/654 671/956/654 858/1344/654
f  670/955/655 669/954/655 904/1346/655
f  904/1346/655 885/1347/655 670/955/655
f  666/951/656 665/950/656 905/1348/656
f  905/1348/656 845/1349/656 666/951/656
f  662/947/657 661/946/657 906/1350/657
f  906/1350/657 832/1351/657 662/947/657
f  886/1352/658 907/1353/658 656/941/658
f  656/941/658 655/940/658 886/1352/658
f  846/1354/659 908/1355/659 652/937/659
f  652/937/659 651/936/659 846/1354/659
f  650/935/660 649/934/660 909/1356/660
f  909/1356/660 872/1357/660 650/935/660
f  833/1358/661 910/1359/661 644/929/661
f  644/929/661 643/928/661 833/1358/661
f  642/927/662 641/926/662 911/1360/662
f  911/1360/662 859/1361/662 642/927/662
f  638/923/663 637/922/663 912/1362/663
f  912/1362/663 847/1363/663 638/923/663
f  873/1364/664 913/1365/664 632/917/664
f  632/917/664 631/916/664 873/1364/664
f  860/1366/665 914/1367/665 628/913/665
f  628/913/665 627/912/665 860/1366/665
f  626/911/666 625/910/666 915/1368/666
f  915/1368/666 887/1369/666 626/911/666
f  848/1370/667 916/1371/667 620/905/667
f  620/905/667 619/904/667 848/1370/667
f  618/903/668 617/902/668 917/1372/668
f  917/1372/668 874/1373/668 618/903/668
f  614/899/669 613/898/669 918/1374/669
f  918/1374/669 834/1375/669 614/899/669
f  888/1376/670 919/1377/670 608/893/670
f  608/893/670 607/892/670 888/1376/670
f  875/1378/671 920/1379/671 604/889/671
f  604/889/671 603/888/671 875/1378/671
f  835/1380/672 921/1381/672 600/885/672
f  600/885/672 599/884/672 835/1380/672
f  598/883/673 597/882/673 922/1382/673
f  922/1382/673 861/1383/673 598/883/673
f  594/879/674 593/878/674 923/1384/674
f  923/1384/674 849/1385/674 594/879/674
f  590/875/675 589/874/675 924/1386/675
f  924/1386/675 836/1387/675 590/875/675
f  862/1388/676 925/1389/676 584/869/676
f  584/869/676 583/868/676 862/1388/676
f  582/867/677 581/866/677 926/1390/677
f  926/1390/677 889/1391/677 582/867/677
f  850/1392/678 927/1393/678 897/1333/678
f  897/1333/678 844/1332/678 850/1392/678
f  870/1335/679 898/1334/679 928/1394/679
f  928/1394/679 876/1395/679 870/1335/679
f  837/1396/680 929/1397/680 899/1337/680
f  899/1337/680 831/1336/680 837/1396/680
f  857/1339/681 900/1338/681 930/1398/681
f  930/1398/681 863/1399/681 857/1339/681
f  890/1400/682 931/1401/682 901/1341/682
f  901/1341/682 884/1340/682 890/1400/682
f  877/1402/683 932/1403/683 902/1343/683
f  902/1343/683 871/1342/683 877/1402/683
f  864/1404/684 933/1405/684 903/1345/684
f  903/1345/684 858/1344/684 864/1404/684
f  885/1347/685 904/1346/685 934/1406/685
f  934/1406/685 891/1407/685 885/1347/685
f  845/1349/686 905/1348/686 935/1408/686
f  935/1408/686 851/1409/686 845/1349/686
f  832/1351/687 906/1350/687 936/1410/687
f  936/1410/687 838/1411/687 832/1351/687
f  892/1412/688 937/1413/688 907/1353/688
f  907/1353/688 886/1352/688 892/1412/688
f  852/1414/689 938/1415/689 908/1355/689
f  908/1355/689 846/1354/689 852/1414/689
f  872/1357/690 909/1356/690 939/1416/690
f  939/1416/690 878/1417/690 872/1357/690
f  839/1418/691 940/1419/691 910/1359/691
f  910/1359/691 833/1358/691 839/1418/691
f  859/1361/692 911/1360/692 941/1420/692
f  941/1420/692 865/1421/692 859/1361/692
f  847/1363/693 912/1362/693 942/1422/693
f  942/1422/693 853/1423/693 847/1363/693
f  879/1424/694 943/1425/694 913/1365/694
f  913/1365/694 873/1364/694 879/1424/694
f  866/1426/695 944/1427/695 914/1367/695
f  914/1367/695 860/1366/695 866/1426/695
f  887/1369/696 915/1368/696 945/1428/696
f  945/1428/696 893/1429/696 887/1369/696
f  854/1430/697 946/1431/697 916/1371/697
f  916/1371/697 848/1370/697 854/1430/697
f  874/1373/698 917/1372/698 947/1432/698
f  947/1432/698 880/1433/698 874/1373/698
f  834/1375/699 918/1374/699 948/1434/699
f  948/1434/699 840/1435/699 834/1375/699
f  894/1436/700 949/1437/700 919/1377/700
f  919/1377/700 888/1376/700 894/1436/700
f  881/1438/701 950/1439/701 920/1379/701
f  920/1379/701 875/1378/701 881/1438/701
f  841/1440/702 951/1441/702 921/1381/702
f  921/1381/702 835/1380/702 841/1440/702
f  861/1383/703 922/1382/703 952/1442/703
f  952/1442/703 867/1443/703 861/1383/703
f  849/1385/704 923/1384/704 953/1444/704
f  953/1444/704 855/1445/704 849/1385/704
f  836/1387/705 924/1386/705 954/1446/705
f  954/1446/705 842/1447/705 836/1387/705
f  868/1448/706 955/1449/706 925/1389/706
f  925/1389/706 862/1388/706 868/1448/706
f  889/1391/707 926/1390/707 956/1450/707
f  956/1450/707 895/1451/707 889/1391/707
f  856/1452/708 957/1453/708 927/1393/708
f  927/1393/708 850/1392/708 856/1452/708
f  876/1395/709 928/1394/709 958/1454/709
f  958/1454/709 882/1455/709 876/1395/709
f  843/1456/710 959/1457/710 929/1397/710
f  929/1397/710 837/1396/710 843/1456/710
f  863/1399/711 930/1398/711 960/1458/711
f  960/1458/711 869/1459/711 863/1399/711
f  896/1460/712 961/1461/712 931/1401/712
f  931/1401/712 890/1400/712 896/1460/712
f  883/1462/713 962/1463/713 932/1403/713
f  932/1403/713 877/1402/713 883/1462/713
f  830/1115/714 829/1114/714 933/1405/714
f  933/1405/714 864/1404/714 830/1115/714
f  891/1407/715 934/1406/715 828/1113/715
f  828/1113/715 827/1112/715 891/1407/715
f  851/1409/716 935/1408/716 826/1111/716
f  826/1111/716 825/1110/716 851/1409/716
f  838/1411/717 936/1410/717 824/1109/717
f  824/1109/717 823/1108/717 838/1411/717
f  822/1107/718 821/1106/718 937/1413/718
f  937/1413/718 892/1412/718 822/1107/718
f  820/1105/719 819/1104/719 938/1415/719
f  938/1415/719 852/1414/719 820/1105/719
f  878/1417/720 939/1416/720 818/1103/720
f  818/1103/720 817/1102/720 878/1417/720
f  816/1101/721 815/1100/721 940/1419/721
f  940/1419/721 839/1418/721 816/1101/721
f  865/1421/722 941/1420/722 814/1099/722
f  814/1099/722 813/1098/722 865/1421/722
f  853/1423/723 942/1422/723 812/1097/723
f  812/1097/723 811/1096/723 853/1423/723
f  810/1095/724 809/1094/724 943/1425/724
f  943/1425/724 879/1424/724 810/1095/724
f  808/1093/725 807/1092/725 944/1427/725
f  944/1427/725 866/1426/725 808/1093/725
f  893/1429/726 945/1428/726 806/1091/726
f  806/1091/726 805/1090/726 893/1429/726
f  804/1089/727 803/1088/727 946/1431/727
f  946/1431/727 854/1430/727 804/1089/727
f  880/1433/728 947/1432/728 802/1087/728
f  802/1087/728 801/1086/728 880/1433/728
f  840/1435/729 948/1434/729 800/1085/729
f  800/1085/729 799/1084/729 840/1435/729
f  798/1083/730 797/1082/730 949/1437/730
f  949/1437/730 894/1436/730 798/1083/730
f  796/1081/731 795/1080/731 950/1439/731
f  950/1439/731 881/1438/731 796/1081/731
f  794/1079/732 793/1078/732 951/1441/732
f  951/1441/732 841/1440/732 794/1079/732
f  867/1443/733 952/1442/733 792/1077/733
f  792/1077/733 791/1076/733 867/1443/733
f  855/1445/734 953/1444/734 790/1075/734
f  790/1075/734 789/1074/734 855/1445/734
f  842/1447/735 954/1446/735 788/1073/735
f  788/1073/735 787/1072/735 842/1447/735
f  786/1071/736 785/1070/736 955/1449/736
f  955/1449/736 868/1448/736 786/1071/736
f  895/1451/737 956/1450/737 784/1069/737
f  784/1069/737 783/1068/737 895/1451/737
f  782/1067/738 781/1066/738 957/1453/738
f  957/1453/738 856/1452/738 782/1067/738
f  882/1455/739 958/1454/739 780/1065/739
f  780/1065/739 779/1064/739 882/1455/739
f  778/1063/740 777/1062/740 959/1457/740
f  959/1457/740 843/1456/740 778/1063/740
f  869/1459/741 960/1458/741 776/1061/741
f  776/1061/741 775/1060/741 869/1459/741
f  774/1059/742 773/1058/742 961/1461/742
f  961/1461/742 896/1460/742 774/1059/742
f  772/1057/743 771/1056/743 962/1463/743
f  962/1463/743 883/1462/743 772/1057/743

# Mesh 'Tubs_Tubs' with 1148 faces
g Tubs_Tubs
usemtl Tubs
f  963/1464/744 964/1465/744 965/1466/744
f  965/1466/744 966/1467/744 963/1464/744
f  967/1468/745 963/1464/745 966/1467/745
f  966/1467/745 968/1469/745 967/1468/745
f  969/1470/746 967/1468/746 968/1469/746
f  968/1469/746 970/1471/746 969/1470/746
f  971/1472/747 969/1470/747 970/1471/747
f  970/1471/747 972/1473/747 971/1472/747
f  973/1474/748 971/1475/748 972/1476/748
f  972/1476/748 974/1477/748 973/1474/748
f  975/1478/749 973/1474/749 974/1477/749
f  974/1477/749 976/1479/749 975/1478/749
f  977/1480/750 975/1478/750 976/1479/750
f  976/1479/750 978/1481/750 977/1480/750
f  979/1482/751 977/1480/751 978/1481/751
f  978/1481/751 980/1483/751 979/1482/751
f  981/1484/752 979/1482/752 980/1483/752
f  980/1483/752 982/1485/752 981/1484/752
f  983/1486/753 981/1484/753 982/1485/753
f  982/1485/753 984/1487/753 983/1486/753
f  985/1488/754 983/1486/754 984/1487/754
f  984/1487/754 986/1489/754 985/1488/754
f  987/1490/755 985/1488/755 986/1489/755
f  986/1489/755 988/1491/755 987/1490/755
f  989/1492/756 987/1493/756 988/1494/756
f  988/1494/756 990/1495/756 989/1492/756
f  991/1496/757 989/1492/757 990/1495/757
f  990/1495/757 992/1497/757 991/1496/757
f  993/1498/758 991/1496/758 992/1497/758
f  992/1497/758 994/1499/758 993/1498/758
f  995/1500/759 993/1498/759 994/1499/759
f  994/1499/759 996/1501/759 995/1500/759
f  997/1502/760 995/1500/760 996/1501/760
f  996/1501/760 998/1503/760 997/1502/760
f  999/1504/761 997/1502/761 998/1503/761
f  998/1503/761 1000/1505/761 999/1504/761
f  1001/1506/762 999/1504/762 1000/1505/762
f  1000/1505/762 1002/1507/762 1001/1506/762
f  1003/1508/763 1001/1506/763 1002/1507/763
f  1002/1507/763 1004/1509/763 1003/1508/763
f  1005/1510/764 1003/1511/764 1004/1512/764
f  1004/1512/764 1006/1513/764 1005/1510/764
f  1007/1514/765 1005/1510/765 1006/1513/765
f  1006/1513/765 1008/1515/765 1007/1514/765
f  1009/1516/766 1007/1514/766 1008/1515/766
f  1008/1515/766 1010/1517/766 1009/1516/766
f  1011/1518/767 1009/1516/767 1010/1517/767
f  1010/1517/767 1012/1519/767 1011/1518/767
f  1013/1520/768 1011/1518/768 1012/1519/768
f  1012/1519/768 1014/1521/768 1013/1520/768
f  1015/1522/769 1013/1520/769 1014/1521/769
f  1014/1521/769 1016/1523/769 1015/1522/769
f  1017/1524/770 1015/1522/770 1016/1523/770
f  1016/1523/770 1018/1525/770 1017/1524/770
f  1019/1526/771 1017/1524/771 1018/1525/771
f  1018/1525/771 1020/1527/771 1019/1526/771
f  1021/1528/772 1019/1529/772 1020/1530/772
f  1020/1530/772 1022/1531/772 1021/1528/772
f  1023/1532/773 1021/1528/773 1022/1531/773
f  1022/1531/773 1024/1533/773 1023/1532/773
f  1025/1534/774 990/1535/774 988/1536/774
f  988/1536/774 1026/1537/774 1025/1534/774
f  1027/1538/775 1023/1532/775 1024/1533/775
f  1024/1533/775 1028/1539/775 1027/1538/775
f  964/1465/776 1027/1538/776 1028/1539/776
f  1028/1539/776 965/1466/776 964/1465/776
f  1029/1540/777 1030/1541/777 1031/1542/777
f  1029/1540/777 1031/1542/777 1032/1543/777
f  1029/1540/777 1032/1543/777 1033/1544/777
f  1029/1540/777 1033/1544/777 1034/1545/777
f  1029/1540/777 1034/1545/777 1035/1546/777
f  1029/1540/777 1035/1546/777 1036/1547/777
f  1029/1540/777 1036/1547/777 1037/1548/777
f  1029/1540/777 1037/1548/777 1038/1549/777
f  1029/1540/777 1038/1549/777 1039/1550/777
f  1029/1540/777 1039/1550/777 1040/1551/777
f  1029/1540/777 1040/1551/777 1041/1552/777
f  1029/1540/777 1041/1552/777 1042/1553/777
f  1029/1540/777 1042/1553/777 1043/1554/777
f  1029/1540/777 1043/1554/777 1044/1555/777
f  1029/1540/777 1044/1555/777 1045/1556/777
f  1029/1540/777 1045/1556/777 1046/1557/777
f  1029/1540/777 1046/1557/777 1047/1558/777
f  1029/1540/777 1047/1558/777 1048/1559/777
f  1029/1540/777 1048/1559/777 1049/1560/777
f  1029/1540/777 1049/1560/777 1050/1561/777
f  1029/1540/777 1050/1561/777 1051/1562/777
f  1029/1540/777 1051/1562/777 1052/1563/777
f  1029/1540/777 1052/1563/777 1053/1564/777
f  1029/1540/777 1053/1564/777 1054/1565/777
f  1029/1540/777 1054/1565/777 1055/1566/777
f  1029/1540/777 1055/1566/777 1056/1567/777
f  1029/1540/777 1056/1567/777 1057/1568/777
f  1029/1540/777 1057/1568/777 1058/1569/777
f  1029/1540/777 1058/1569/777 1059/1570/777
f  1059/1570/777 1060/1571/777 1029/1540/777
f  1030/1572/778 1029/1573/778 1061/1574/778
f  1061/1574/778 1062/1575/778 1030/1572/778
f  1063/1576/779 1064/1577/779 1065/1578/779
f  1065/1578/779 1066/1579/779 1063/1576/779
f  1066/1579/780 1065/1578/780 1067/1580/780
f  1067/1580/780 660/1581/780 1066/1579/780
f  1068/1582/781 1069/1583/781 1070/1584/781
f  1070/1584/781 1071/1585/781 1068/1582/781
f  1071/1585/782 1070/1584/782 1072/1586/782
f  1072/1586/782 612/1587/782 1071/1585/782
f  1029/1573/783 1060/1588/783 1073/1589/783
f  1073/1589/783 1061/1574/783 1029/1573/783
f  1064/1577/784 1074/1590/784 1075/1591/784
f  1075/1591/784 1065/1578/784 1064/1577/784
f  1065/1578/785 1075/1591/785 1076/1592/785
f  1076/1592/785 1067/1580/785 1065/1578/785
f  1069/1583/786 1077/1593/786 1078/1594/786
f  1078/1594/786 1070/1584/786 1069/1583/786
f  1070/1584/787 1078/1594/787 918/1595/787
f  918/1595/787 1072/1586/787 1070/1584/787
f  1060/1588/788 1059/1596/788 1079/1597/788
f  1079/1597/788 1073/1589/788 1060/1588/788
f  1074/1590/789 1080/1598/789 1081/1599/789
f  1081/1599/789 1075/1591/789 1074/1590/789
f  1075/1591/790 1081/1599/790 1082/1600/790
f  1082/1600/790 1076/1592/790 1075/1591/790
f  1077/1593/791 1083/1601/791 1084/1602/791
f  1084/1602/791 1078/1594/791 1077/1593/791
f  1078/1594/792 1084/1602/792 1085/1603/792
f  1085/1603/792 918/1595/792 1078/1594/792
f  1059/1596/793 1058/1604/793 1086/1605/793
f  1086/1605/793 1079/1597/793 1059/1596/793
f  1080/1598/794 1087/1606/794 1088/1607/794
f  1088/1607/794 1081/1599/794 1080/1598/794
f  1081/1599/795 1088/1607/795 1089/1608/795
f  1089/1608/795 1082/1600/795 1081/1599/795
f  1083/1601/796 1090/1609/796 1091/1610/796
f  1091/1610/796 1084/1602/796 1083/1601/796
f  1084/1602/797 1091/1610/797 1092/1611/797
f  1092/1611/797 1085/1603/797 1084/1602/797
f  1058/1612/798 1057/1613/798 788/1614/798
f  788/1614/798 1086/1615/798 1058/1612/798
f  1087/1616/799 1093/1617/799 1094/1618/799
f  1094/1618/799 1088/1619/799 1087/1616/799
f  1088/1619/800 1094/1618/800 1095/1620/800
f  1095/1620/800 1089/1621/800 1088/1619/800
f  1090/1622/801 1096/1623/801 1097/1624/801
f  1097/1624/801 1091/1625/801 1090/1622/801
f  1091/1625/802 1097/1624/802 1098/1626/802
f  1098/1626/802 1092/1627/802 1091/1625/802
f  1057/1613/803 1056/1628/803 1099/1629/803
f  1099/1629/803 788/1614/803 1057/1613/803
f  1093/1617/804 1100/1630/804 1101/1631/804
f  1101/1631/804 1094/1618/804 1093/1617/804
f  1094/1618/805 1101/1631/805 1102/1632/805
f  1102/1632/805 1095/1620/805 1094/1618/805
f  1096/1623/806 1103/1633/806 1104/1634/806
f  1104/1634/806 1097/1624/806 1096/1623/806
f  1097/1624/807 1104/1634/807 1105/1635/807
f  1105/1635/807 1098/1626/807 1097/1624/807
f  1056/1628/808 1055/1636/808 1106/1637/808
f  1106/1637/808 1099/1629/808 1056/1628/808
f  1100/1630/809 1107/1638/809 1108/1639/809
f  1108/1639/809 1101/1631/809 1100/1630/809
f  1101/1631/810 1108/1639/810 1109/1640/810
f  1109/1640/810 1102/1632/810 1101/1631/810
f  1103/1633/811 1110/1641/811 1111/1642/811
f  1111/1642/811 1104/1634/811 1103/1633/811
f  1104/1634/812 1111/1642/812 1112/1643/812
f  1112/1643/812 1105/1635/812 1104/1634/812
f  1055/1636/813 1054/1644/813 1113/1645/813
f  1113/1645/813 1106/1637/813 1055/1636/813
f  1107/1638/814 1114/1646/814 1115/1647/814
f  1115/1647/814 1108/1639/814 1107/1638/814
f  1108/1639/815 1115/1647/815 1116/1648/815
f  1116/1648/815 1109/1640/815 1108/1639/815
f  1110/1641/816 1117/1649/816 1118/1650/816
f  1118/1650/816 1111/1642/816 1110/1641/816
f  1111/1642/817 1118/1650/817 1119/1651/817
f  1119/1651/817 1112/1643/817 1111/1642/817
f  1054/1644/818 1053/1652/818 1120/1653/818
f  1120/1653/818 1113/1645/818 1054/1644/818
f  1114/1646/819 1121/1654/819 1122/1655/819
f  1122/1655/819 1115/1647/819 1114/1646/819
f  1115/1647/820 1122/1655/820 1123/1656/820
f  1123/1656/820 1116/1648/820 1115/1647/820
f  1117/1649/821 1124/1657/821 1125/1658/821
f  1125/1658/821 1118/1650/821 1117/1649/821
f  1118/1650/822 1125/1658/822 1126/1659/822
f  1126/1659/822 1119/1651/822 1118/1650/822
f  1053/1652/823 1052/1660/823 1127/1661/823
f  1127/1661/823 1120/1653/823 1053/1652/823
f  1121/1654/824 1128/1662/824 1129/1663/824
f  1129/1663/824 1122/1655/824 1121/1654/824
f  1122/1655/825 1129/1663/825 1130/1664/825
f  1130/1664/825 1123/1656/825 1122/1655/825
f  1124/1657/826 1131/1665/826 1132/1666/826
f  1132/1666/826 1125/1658/826 1124/1657/826
f  1125/1658/827 1132/1666/827 1133/1667/827
f  1133/1667/827 1126/1659/827 1125/1658/827
f  1052/1660/828 1051/1668/828 1134/1669/828
f  1134/1669/828 1127/1661/828 1052/1660/828
f  1128/1662/829 1135/1670/829 1136/1671/829
f  1136/1671/829 1129/1663/829 1128/1662/829
f  1129/1663/830 1136/1671/830 1137/1672/830
f  1137/1672/830 1130/1664/830 1129/1663/830
f  1131/1665/831 1138/1673/831 1139/1674/831
f  1139/1674/831 1132/1666/831 1131/1665/831
f  1132/1666/832 1139/1674/832 766/1675/832
f  766/1675/832 1133/1667/832 1132/1666/832
f  1051/1668/833 1050/1676/833 1140/1677/833
f  1140/1677/833 1134/1669/833 1051/1668/833
f  1135/1670/834 743/1678/834 1141/1679/834
f  1141/1679/834 1136/1671/834 1135/1670/834
f  1136/1671/835 1141/1679/835 1142/1680/835
f  1142/1680/835 1137/1672/835 1136/1671/835
f  1138/1673/836 1143/1681/836 1144/1682/836
f  1144/1682/836 1139/1674/836 1138/1673/836
f  1139/1674/837 1144/1682/837 1145/1683/837
f  1145/1683/837 766/1675/837 1139/1674/837
f  1050/1684/838 1049/1685/838 1146/1686/838
f  1146/1686/838 1140/1687/838 1050/1684/838
f  743/1688/839 1147/1689/839 1148/1690/839
f  1148/1690/839 1141/1691/839 743/1688/839
f  1141/1691/840 1148/1690/840 1149/1692/840
f  1149/1692/840 1142/1693/840 1141/1691/840
f  1143/1694/841 1150/1695/841 1151/1696/841
f  1151/1696/841 1144/1697/841 1143/1694/841
f  1144/1697/842 1151/1696/842 1152/1698/842
f  1152/1698/842 1145/1699/842 1144/1697/842
f  1049/1685/843 1048/1700/843 1153/1701/843
f  1153/1701/843 1146/1686/843 1049/1685/843
f  1147/1689/844 1154/1702/844 1155/1703/844
f  1155/1703/844 1148/1690/844 1147/1689/844
f  1148/1690/845 1155/1703/845 1156/1704/845
f  1156/1704/845 1149/1692/845 1148/1690/845
f  1150/1695/846 1157/1705/846 1158/1706/846
f  1158/1706/846 1151/1696/846 1150/1695/846
f  1151/1696/847 1158/1706/847 597/1707/847
f  597/1707/847 1152/1698/847 1151/1696/847
f  1048/1700/848 1047/1708/848 1159/1709/848
f  1159/1709/848 1153/1701/848 1048/1700/848
f  1154/1702/849 1160/1710/849 1161/1711/849
f  1161/1711/849 1155/1703/849 1154/1702/849
f  1155/1703/850 1161/1711/850 1162/1712/850
f  1162/1712/850 1156/1704/850 1155/1703/850
f  1157/1705/851 1163/1713/851 1164/1714/851
f  1164/1714/851 1158/1706/851 1157/1705/851
f  1158/1706/852 1164/1714/852 1165/1715/852
f  1165/1715/852 597/1707/852 1158/1706/852
f  1047/1708/853 1046/1716/853 1166/1717/853
f  1166/1717/853 1159/1709/853 1047/1708/853
f  1160/1710/854 1167/1718/854 1168/1719/854
f  1168/1719/854 1161/1711/854 1160/1710/854
f  1161/1711/855 1168/1719/855 1169/1720/855
f  1169/1720/855 1162/1712/855 1161/1711/855
f  1163/1713/856 1170/1721/856 1171/1722/856
f  1171/1722/856 1164/1714/856 1163/1713/856
f  1164/1714/857 1171/1722/857 1172/1723/857
f  1172/1723/857 1165/1715/857 1164/1714/857
f  1046/1716/858 1045/1724/858 1173/1725/858
f  1173/1725/858 1166/1717/858 1046/1716/858
f  1167/1718/859 1174/1726/859 1175/1727/859
f  1175/1727/859 1168/1719/859 1167/1718/859
f  1168/1719/860 1175/1727/860 1176/1728/860
f  1176/1728/860 1169/1720/860 1168/1719/860
f  1170/1721/861 1177/1729/861 1178/1730/861
f  1178/1730/861 1171/1722/861 1170/1721/861
f  1171/1722/862 1178/1730/862 1179/1731/862
f  1179/1731/862 1172/1723/862 1171/1722/862
f  1045/1724/863 1044/1732/863 1180/1733/863
f  1180/1733/863 1173/1725/863 1045/1724/863
f  1174/1726/864 1181/1734/864 1182/1735/864
f  1182/1735/864 1175/1727/864 1174/1726/864
f  1175/1727/865 1182/1735/865 1183/1736/865
f  1183/1736/865 1176/1728/865 1175/1727/865
f  1177/1729/866 1184/1737/866 1185/1738/866
f  1185/1738/866 1178/1730/866 1177/1729/866
f  1178/1730/867 1185/1738/867 1186/1739/867
f  1186/1739/867 1179/1731/867 1178/1730/867
f  1044/1732/868 1043/1740/868 716/1741/868
f  716/1741/868 1180/1733/868 1044/1732/868
f  1181/1734/869 1187/1742/869 1188/1743/869
f  1188/1743/869 1182/1735/869 1181/1734/869
f  1182/1735/870 1188/1743/870 1189/1744/870
f  1189/1744/870 1183/1736/870 1182/1735/870
f  1184/1737/871 1190/1745/871 1191/1746/871
f  1191/1746/871 1185/1738/871 1184/1737/871
f  1185/1738/872 1191/1746/872 1192/1747/872
f  1192/1747/872 1186/1739/872 1185/1738/872
f  1043/1740/873 1042/1748/873 1193/1749/873
f  1193/1749/873 716/1741/873 1043/1740/873
f  1187/1742/874 605/1750/874 1194/1751/874
f  1194/1751/874 1188/1743/874 1187/1742/874
f  1188/1743/875 1194/1751/875 1195/1752/875
f  1195/1752/875 1189/1744/875 1188/1743/875
f  1190/1745/876 1196/1753/876 1197/1754/876
f  1197/1754/876 1191/1746/876 1190/1745/876
f  1191/1746/877 1197/1754/877 1198/1755/877
f  1198/1755/877 1192/1747/877 1191/1746/877
f  1042/1748/878 1041/1756/878 1199/1757/878
f  1199/1757/878 1193/1749/878 1042/1748/878
f  605/1750/879 1200/1758/879 1201/1759/879
f  1201/1759/879 1194/1751/879 605/1750/879
f  1194/1751/880 1201/1759/880 1202/1760/880
f  1202/1760/880 1195/1752/880 1194/1751/880
f  1196/1753/881 1203/1761/881 1204/1762/881
f  1204/1762/881 1197/1754/881 1196/1753/881
f  1197/1754/882 1204/1762/882 1205/1763/882
f  1205/1763/882 1198/1755/882 1197/1754/882
f  1041/1764/883 1040/1765/883 1206/1766/883
f  1206/1766/883 1199/1767/883 1041/1764/883
f  1200/1768/884 1207/1769/884 1208/1770/884
f  1208/1770/884 1201/1771/884 1200/1768/884
f  1201/1771/885 1208/1770/885 1209/1772/885
f  1209/1772/885 1202/1773/885 1201/1771/885
f  1203/1774/886 1210/1775/886 1211/1776/886
f  1211/1776/886 1204/1777/886 1203/1774/886
f  1204/1777/887 1211/1776/887 1212/1778/887
f  1212/1778/887 1205/1779/887 1204/1777/887
f  1040/1765/888 1039/1780/888 947/1781/888
f  947/1781/888 1206/1766/888 1040/1765/888
f  1207/1769/889 1213/1782/889 1214/1783/889
f  1214/1783/889 1208/1770/889 1207/1769/889
f  1208/1770/890 1214/1783/890 1215/1784/890
f  1215/1784/890 1209/1772/890 1208/1770/890
f  1210/1775/891 1216/1785/891 1217/1786/891
f  1217/1786/891 1211/1776/891 1210/1775/891
f  1211/1776/892 1217/1786/892 1218/1787/892
f  1218/1787/892 1212/1778/892 1211/1776/892
f  1039/1780/893 1038/1788/893 1219/1789/893
f  1219/1789/893 947/1781/893 1039/1780/893
f  1213/1782/894 1220/1790/894 1221/1791/894
f  1221/1791/894 1214/1783/894 1213/1782/894
f  1214/1783/895 1221/1791/895 1222/1792/895
f  1222/1792/895 1215/1784/895 1214/1783/895
f  1216/1785/896 1223/1793/896 1224/1794/896
f  1224/1794/896 1217/1786/896 1216/1785/896
f  1217/1786/897 1224/1794/897 1225/1795/897
f  1225/1795/897 1218/1787/897 1217/1786/897
f  1038/1788/898 1037/1796/898 1226/1797/898
f  1226/1797/898 1219/1789/898 1038/1788/898
f  1220/1790/899 1227/1798/899 1228/1799/899
f  1228/1799/899 1221/1791/899 1220/1790/899
f  1221/1791/900 1228/1799/900 1229/1800/900
f  1229/1800/900 1222/1792/900 1221/1791/900
f  1223/1793/901 1230/1801/901 1231/1802/901
f  1231/1802/901 1224/1794/901 1223/1793/901
f  1224/1794/902 1231/1802/902 1232/1803/902
f  1232/1803/902 1225/1795/902 1224/1794/902
f  1037/1796/903 1036/1804/903 1233/1805/903
f  1233/1805/903 1226/1797/903 1037/1796/903
f  1227/1798/904 1234/1806/904 1235/1807/904
f  1235/1807/904 1228/1799/904 1227/1798/904
f  1228/1799/905 1235/1807/905 1236/1808/905
f  1236/1808/905 1229/1800/905 1228/1799/905
f  1230/1801/906 1237/1809/906 1238/1810/906
f  1238/1810/906 1231/1802/906 1230/1801/906
f  1231/1802/907 1238/1810/907 1239/1811/907
f  1239/1811/907 1232/1803/907 1231/1802/907
f  1036/1804/908 1035/1812/908 1240/1813/908
f  1240/1813/908 1233/1805/908 1036/1804/908
f  1234/1806/909 1241/1814/909 1242/1815/909
f  1242/1815/909 1235/1807/909 1234/1806/909
f  1235/1807/910 1242/1815/910 1243/1816/910
f  1243/1816/910 1236/1808/910 1235/1807/910
f  1237/1809/911 1244/1817/911 1245/1818/911
f  1245/1818/911 1238/1810/911 1237/1809/911
f  1238/1810/912 1245/1818/912 1246/1819/912
f  1246/1819/912 1239/1811/912 1238/1810/912
f  1035/1812/913 1034/1820/913 1247/1821/913
f  1247/1821/913 1240/1813/913 1035/1812/913
f  1241/1814/914 1248/1822/914 1249/1823/914
f  1249/1823/914 1242/1815/914 1241/1814/914
f  1242/1815/915 1249/1823/915 1250/1824/915
f  1250/1824/915 1243/1816/915 1242/1815/915
f  1244/1817/916 1251/1825/916 1252/1826/916
f  1252/1826/916 1245/1818/916 1244/1817/916
f  1245/1818/917 1252/1826/917 1253/1827/917
f  1253/1827/917 1246/1819/917 1245/1818/917
f  1034/1828/918 1033/1829/918 1254/1830/918
f  1254/1830/918 1247/1831/918 1034/1828/918
f  1248/1832/919 1255/1833/919 1256/1834/919
f  1256/1834/919 1249/1835/919 1248/1832/919
f  1249/1835/920 1256/1834/920 1257/1836/920
f  1257/1836/920 1250/1837/920 1249/1835/920
f  1251/1838/921 1258/1839/921 1259/1840/921
f  1259/1840/921 1252/1841/921 1251/1838/921
f  1252/1841/922 1259/1840/922 1260/1842/922
f  1260/1842/922 1253/1843/922 1252/1841/922
f  1033/1829/923 1032/1844/923 1261/1845/923
f  1261/1845/923 1254/1830/923 1033/1829/923
f  1255/1833/924 1262/1846/924 1263/1847/924
f  1263/1847/924 1256/1834/924 1255/1833/924
f  1256/1834/925 1263/1847/925 1264/1848/925
f  1264/1848/925 1257/1836/925 1256/1834/925
f  1258/1839/926 1265/1849/926 1266/1850/926
f  1266/1850/926 1259/1840/926 1258/1839/926
f  1259/1840/927 1266/1850/927 1267/1851/927
f  1267/1851/927 1260/1842/927 1259/1840/927
f  1032/1844/928 1031/1852/928 1268/1853/928
f  1268/1853/928 1261/1845/928 1032/1844/928
f  1262/1846/929 1269/1854/929 1270/1855/929
f  1270/1855/929 1263/1847/929 1262/1846/929
f  1263/1847/930 1270/1855/930 1271/1856/930
f  1271/1856/930 1264/1848/930 1263/1847/930
f  1265/1849/931 1272/1857/931 1273/1858/931
f  1273/1858/931 1266/1850/931 1265/1849/931
f  1266/1850/932 1273/1858/932 724/1859/932
f  724/1859/932 1267/1851/932 1266/1850/932
f  1031/1852/933 1030/1572/933 1062/1575/933
f  1062/1575/933 1268/1853/933 1031/1852/933
f  1269/1854/934 1063/1576/934 1066/1579/934
f  1066/1579/934 1270/1855/934 1269/1854/934
f  1270/1855/935 1066/1579/935 660/1581/935
f  660/1581/935 1271/1856/935 1270/1855/935
f  1272/1857/936 1068/1582/936 1071/1585/936
f  1071/1585/936 1273/1858/936 1272/1857/936
f  1273/1858/937 1071/1585/937 612/1587/937
f  612/1587/937 724/1859/937 1273/1858/937
f  1274/1860/938 1026/1861/938 1275/1862/938
f  1275/1862/938 1276/1863/938 1274/1860/938
f  1277/1864/939 1008/1865/939 1006/1866/939
f  1006/1866/939 1278/1867/939 1277/1864/939
f  1279/1868/940 1028/1869/940 1024/1870/940
f  1024/1870/940 1280/1871/940 1279/1868/940
f  1281/1872/940 982/1873/940 980/1874/940
f  980/1874/940 1282/1875/940 1281/1872/940
f  1283/1876/941 1000/1877/941 998/1878/941
f  998/1878/941 1284/1879/941 1283/1876/941
f  1285/1880/940 1018/1881/940 1016/1882/940
f  1016/1882/940 1286/1883/940 1285/1880/940
f  1287/1884/942 974/1885/942 972/1886/942
f  972/1886/942 1288/1887/942 1287/1884/942
f  1289/1888/943 992/1889/943 990/1535/774
f  990/1535/774 1025/1534/774 1289/1888/943
f  1290/1890/940 1010/1891/940 1008/1865/939
f  1008/1865/939 1277/1864/939 1290/1890/940
f  1291/1892/944 966/1893/944 965/1894/944
f  965/1894/944 1292/1895/944 1291/1892/944
f  1292/1895/944 965/1894/944 1028/1869/940
f  1028/1869/940 1279/1868/940 1292/1895/944
f  1293/1896/940 984/1897/940 982/1873/940
f  982/1873/940 1281/1872/940 1293/1896/940
f  1294/1898/774 1002/1899/774 1000/1877/941
f  1000/1877/941 1283/1876/941 1294/1898/774
f  1295/1900/940 1020/1901/940 1018/1881/940
f  1018/1881/940 1285/1880/940 1295/1900/940
f  1296/1902/940 976/1903/940 974/1885/942
f  974/1885/942 1287/1884/942 1296/1902/940
f  1297/1904/940 994/1905/940 992/1889/943
f  992/1889/943 1289/1888/943 1297/1904/940
f  1298/1906/945 1012/1907/945 1010/1891/940
f  1010/1891/940 1290/1890/940 1298/1906/945
f  1299/1908/940 968/1909/940 966/1893/944
f  966/1893/944 1291/1892/944 1299/1908/940
f  1275/1910/940 986/1911/940 984/1897/940
f  984/1897/940 1293/1896/940 1275/1910/940
f  1300/1912/946 1004/1913/946 1002/1899/774
f  1002/1899/774 1294/1898/774 1300/1912/946
f  1301/1914/940 1022/1915/940 1020/1901/940
f  1020/1901/940 1295/1900/940 1301/1914/940
f  1302/1916/947 978/1917/947 976/1903/940
f  976/1903/940 1296/1902/940 1302/1916/947
f  1303/1918/948 996/1919/948 994/1905/940
f  994/1905/940 1297/1904/940 1303/1918/948
f  1304/1920/940 1014/1921/940 1012/1907/945
f  1012/1907/945 1298/1906/945 1304/1920/940
f  1305/1922/940 970/1923/940 968/1909/940
f  968/1909/940 1299/1908/940 1305/1922/940
f  1026/1537/774 988/1536/774 986/1911/940
f  986/1911/940 1275/1910/940 1026/1537/774
f  1278/1867/939 1006/1866/939 1004/1913/946
f  1004/1913/946 1300/1912/946 1278/1867/939
f  1280/1871/940 1024/1870/940 1022/1915/940
f  1022/1915/940 1301/1914/940 1280/1871/940
f  1282/1875/940 980/1874/940 978/1917/947
f  978/1917/947 1302/1916/947 1282/1875/940
f  1284/1879/941 998/1878/941 996/1919/948
f  996/1919/948 1303/1918/948 1284/1879/941
f  1286/1883/940 1016/1882/940 1014/1921/940
f  1014/1921/940 1304/1920/940 1286/1883/940
f  1288/1887/942 972/1886/942 970/1923/940
f  970/1923/940 1305/1922/940 1288/1887/942
f  1306/1924/949 1307/1925/949 1308/1926/949
f  1306/1924/949 1308/1926/949 1309/1927/949
f  1306/1924/949 1309/1927/949 1310/1928/949
f  1306/1924/949 1310/1928/949 1311/1929/949
f  1306/1924/949 1311/1929/949 1312/1930/949
f  1306/1924/949 1312/1930/949 1313/1931/949
f  1306/1924/949 1313/1931/949 1314/1932/949
f  1306/1924/949 1314/1932/949 1315/1933/949
f  1306/1924/949 1315/1933/949 1316/1934/949
f  1306/1924/949 1316/1934/949 1317/1935/949
f  1306/1924/949 1317/1935/949 1318/1936/949
f  1306/1924/949 1318/1936/949 1319/1937/949
f  1306/1924/949 1319/1937/949 1320/1938/949
f  1306/1924/949 1320/1938/949 1321/1939/949
f  1306/1924/949 1321/1939/949 1322/1940/949
f  1306/1924/949 1322/1940/949 1323/1941/949
f  1306/1924/949 1323/1941/949 1324/1942/949
f  1306/1924/949 1324/1942/949 1325/1943/949
f  1306/1924/949 1325/1943/949 1326/1944/949
f  1306/1924/949 1326/1944/949 1327/1945/949
f  1306/1924/949 1327/1945/949 1274/1946/949
f  1306/1924/949 1274/1946/949 1276/1947/949
f  1306/1924/949 1276/1947/949 1328/1948/949
f  1306/1924/949 1328/1948/949 1329/1949/949
f  1306/1924/949 1329/1949/949 1330/1950/949
f  1306/1924/949 1330/1950/949 1331/1951/949
f  1306/1924/949 1331/1951/949 1332/1952/949
f  1306/1924/949 1332/1952/949 1333/1953/949
f  1306/1924/949 1333/1953/949 1334/1954/949
f  1334/1954/949 1335/1955/949 1306/1924/949
f  1314/1956/950 1286/1957/950 1304/1958/950
f  1304/1958/950 1315/1959/950 1314/1956/950
f  1327/1960/951 1025/1961/951 1026/1861/951
f  1026/1861/951 1274/1860/951 1327/1960/951
f  1313/1962/952 1285/1963/952 1286/1957/952
f  1286/1957/952 1314/1956/952 1313/1962/952
f  1326/1964/953 1289/1965/953 1025/1966/953
f  1025/1966/953 1327/1967/953 1326/1964/953
f  1307/1968/954 1291/1969/954 1292/1970/954
f  1292/1970/954 1308/1971/954 1307/1968/954
f  1312/1972/955 1295/1973/955 1285/1974/955
f  1285/1974/955 1313/1975/955 1312/1972/955
f  1325/1976/956 1297/1977/956 1289/1965/956
f  1289/1965/956 1326/1964/956 1325/1976/956
f  1306/1978/957 1299/1979/957 1291/1969/957
f  1291/1969/957 1307/1968/957 1306/1978/957
f  1311/1980/958 1301/1981/958 1295/1973/958
f  1295/1973/958 1312/1972/958 1311/1980/958
f  1324/1982/959 1303/1983/959 1297/1977/959
f  1297/1977/959 1325/1976/959 1324/1982/959
f  1335/1984/960 1305/1985/960 1299/1979/960
f  1299/1979/960 1306/1978/960 1335/1984/960
f  1310/1986/961 1280/1987/961 1301/1981/961
f  1301/1981/961 1311/1980/961 1310/1986/961
f  1323/1988/962 1284/1989/962 1303/1983/962
f  1303/1983/962 1324/1982/962 1323/1988/962
f  1334/1990/963 1288/1991/963 1305/1985/963
f  1305/1985/963 1335/1984/963 1334/1990/963
f  1309/1992/964 1279/1993/964 1280/1987/964
f  1280/1987/964 1310/1986/964 1309/1992/964
f  1322/1994/965 1283/1995/965 1284/1989/965
f  1284/1989/965 1323/1988/965 1322/1994/965
f  1333/1996/966 1287/1997/966 1288/1998/966
f  1288/1998/966 1334/1999/966 1333/1996/966
f  1308/1971/967 1292/1970/967 1279/1993/967
f  1279/1993/967 1309/1992/967 1308/1971/967
f  1321/2000/968 1294/2001/968 1283/1995/968
f  1283/1995/968 1322/1994/968 1321/2000/968
f  1332/2002/969 1296/2003/969 1287/1997/969
f  1287/1997/969 1333/1996/969 1332/2002/969
f  1320/2004/970 1300/2005/970 1294/2001/970
f  1294/2001/970 1321/2000/970 1320/2004/970
f  1331/2006/971 1302/2007/971 1296/2003/971
f  1296/2003/971 1332/2002/971 1331/2006/971
f  1319/2008/972 1278/2009/972 1300/2010/972
f  1300/2010/972 1320/2011/972 1319/2008/972
f  1330/2012/973 1282/2013/973 1302/2007/973
f  1302/2007/973 1331/2006/973 1330/2012/973
f  1318/2014/974 1277/2015/974 1278/2009/974
f  1278/2009/974 1319/2008/974 1318/2014/974
f  1329/2016/975 1281/2017/975 1282/2013/975
f  1282/2013/975 1330/2012/975 1329/2016/975
f  1317/2018/976 1290/2019/976 1277/2015/976
f  1277/2015/976 1318/2014/976 1317/2018/976
f  1328/2020/977 1293/2021/977 1281/2017/977
f  1281/2017/977 1329/2016/977 1328/2020/977
f  1316/2022/978 1298/2023/978 1290/2019/978
f  1290/2019/978 1317/2018/978 1316/2022/978
f  1276/1863/979 1275/1862/979 1293/2021/979
f  1293/2021/979 1328/2020/979 1276/1863/979
f  1315/1959/980 1304/1958/980 1298/2023/980
f  1298/2023/980 1316/2022/980 1315/1959/980
f  1336/2024/981 1337/2025/981 1338/2026/981
f  1338/2026/981 1339/2027/981 1336/2024/981
f  1340/2028/982 1336/2024/982 1339/2027/982
f  1339/2027/982 1341/2029/982 1340/2028/982
f  1342/2030/983 1340/2028/983 1341/2029/983
f  1341/2029/983 1343/2031/983 1342/2030/983
f  1344/2032/984 1342/2030/984 1343/2031/984
f  1343/2031/984 1345/2033/984 1344/2032/984
f  1346/2034/985 1344/2035/985 1345/2036/985
f  1345/2036/985 1347/2037/985 1346/2034/985
f  1348/2038/986 1346/2034/986 1347/2037/986
f  1347/2037/986 1349/2039/986 1348/2038/986
f  1350/2040/987 1348/2038/987 1349/2039/987
f  1349/2039/987 1351/2041/987 1350/2040/987
f  1352/2042/988 1350/2040/988 1351/2041/988
f  1351/2041/988 1353/2043/988 1352/2042/988
f  1354/2044/989 1352/2042/989 1353/2043/989
f  1353/2043/989 1355/2045/989 1354/2044/989
f  1356/2046/990 1354/2044/990 1355/2045/990
f  1355/2045/990 1357/2047/990 1356/2046/990
f  1358/2048/991 1356/2046/991 1357/2047/991
f  1357/2047/991 1359/2049/991 1358/2048/991
f  1360/2050/992 1358/2048/992 1359/2049/992
f  1359/2049/992 1361/2051/992 1360/2050/992
f  1362/2052/993 1360/2053/993 1361/2054/993
f  1361/2054/993 1363/2055/993 1362/2052/993
f  1364/2056/994 1362/2052/994 1363/2055/994
f  1363/2055/994 1365/2057/994 1364/2056/994
f  1366/2058/995 1364/2056/995 1365/2057/995
f  1365/2057/995 1367/2059/995 1366/2058/995
f  1368/2060/996 1366/2058/996 1367/2059/996
f  1367/2059/996 1369/2061/996 1368/2060/996
f  1370/2062/997 1368/2060/997 1369/2061/997
f  1369/2061/997 1371/2063/997 1370/2062/997
f  1372/2064/998 1370/2062/998 1371/2063/998
f  1371/2063/998 1373/2065/998 1372/2064/998
f  1374/2066/999 1372/2064/999 1373/2065/999
f  1373/2065/999 1375/2067/999 1374/2066/999
f  1376/2068/1000 1374/2066/1000 1375/2067/1000
f  1375/2067/1000 1377/2069/1000 1376/2068/1000
f  1378/2070/1001 1376/2071/1001 1377/2072/1001
f  1377/2072/1001 1379/2073/1001 1378/2070/1001
f  1380/2074/1002 1378/2070/1002 1379/2073/1002
f  1379/2073/1002 1381/2075/1002 1380/2074/1002
f  1382/2076/1003 1380/2074/1003 1381/2075/1003
f  1381/2075/1003 1383/2077/1003 1382/2076/1003
f  1384/2078/1004 1382/2076/1004 1383/2077/1004
f  1383/2077/1004 1385/2079/1004 1384/2078/1004
f  1386/2080/1005 1384/2078/1005 1385/2079/1005
f  1385/2079/1005 1387/2081/1005 1386/2080/1005
f  1388/2082/1006 1386/2080/1006 1387/2081/1006
f  1387/2081/1006 1389/2083/1006 1388/2082/1006
f  1390/2084/1007 1388/2082/1007 1389/2083/1007
f  1389/2083/1007 1391/2085/1007 1390/2084/1007
f  1392/2086/1008 1390/2084/1008 1391/2085/1008
f  1391/2085/1008 1393/2087/1008 1392/2086/1008
f  1394/2088/1009 1392/2089/1009 1393/2090/1009
f  1393/2090/1009 1395/2091/1009 1394/2088/1009
f  1396/2092/1010 1394/2088/1010 1395/2091/1010
f  1395/2091/1010 1397/2093/1010 1396/2092/1010
f  1398/2094/940 1349/2095/940 1347/2096/940
f  1347/2096/940 1399/2097/940 1398/2094/940
f  1400/2098/1011 1396/2092/1011 1397/2093/1011
f  1397/2093/1011 1401/2099/1011 1400/2098/1011
f  1337/2025/1012 1400/2098/1012 1401/2099/1012
f  1401/2099/1012 1338/2026/1012 1337/2025/1012
f  1402/2100/1013 1403/2101/1013 1404/2102/1013
f  1404/2102/1013 1405/2103/1013 1402/2100/1013
f  1406/2104/1012 1407/2105/1012 1408/2106/1012
f  1408/2106/1012 1409/2107/1012 1406/2104/1012
f  1410/2108/1014 1411/2109/1014 1412/2110/1014
f  1412/2110/1014 1413/2111/1014 1410/2108/1014
f  1413/2111/1014 1412/2110/1014 1414/2112/1015
f  1414/2112/1015 1415/2113/1015 1413/2111/1014
f  1416/2114/1015 1417/2115/1015 1418/2116/1015
f  1418/2116/1015 1419/2117/1015 1416/2114/1015
f  1419/2117/1015 1418/2116/1015 1420/2118/1014
f  1420/2118/1014 1421/2119/1014 1419/2117/1015
f  1407/2105/1016 1422/2120/1016 1423/2121/1016
f  1423/2121/1016 1408/2106/1016 1407/2105/1016
f  1411/2109/1017 1424/2122/1017 1425/2123/1017
f  1425/2123/1017 1412/2110/1017 1411/2109/1017
f  1412/2110/1017 1425/2123/1017 522/2124/1011
f  522/2124/1011 1414/2112/1011 1412/2110/1017
f  1417/2115/1018 526/2125/1018 1426/2126/1018
f  1426/2126/1018 1418/2116/1018 1417/2115/1018
f  1418/2116/1018 1426/2126/1018 1427/2127/1019
f  1427/2127/1019 1420/2118/1019 1418/2116/1018
f  1422/2120/1020 1428/2128/1020 1429/2129/1020
f  1429/2129/1020 1423/2121/1020 1422/2120/1020
f  1424/2122/1021 1430/2130/1021 1431/2131/1021
f  1431/2131/1021 1425/2123/1021 1424/2122/1021
f  1425/2123/1021 1431/2131/1021 1432/2132/1020
f  1432/2132/1020 522/2124/1020 1425/2123/1021
f  526/2125/1020 1433/2133/1020 1434/2134/1020
f  1434/2134/1020 1426/2126/1020 526/2125/1020
f  1426/2126/1020 1434/2134/1020 1435/2135/1022
f  1435/2135/1022 1427/2127/1022 1426/2126/1020
f  1428/2128/1023 1436/2136/1023 1437/2137/1023
f  1437/2137/1023 1429/2129/1023 1428/2128/1023
f  1430/2130/1024 1438/2138/1024 1439/2139/1024
f  1439/2139/1024 1431/2131/1024 1430/2130/1024
f  1431/2131/1024 1439/2139/1024 1440/2140/1025
f  1440/2140/1025 1432/2132/1025 1431/2131/1024
f  1433/2133/1026 1441/2141/1026 1442/2142/1026
f  1442/2142/1026 1434/2134/1026 1433/2133/1026
f  1434/2134/1026 1442/2142/1026 1443/2143/1024
f  1443/2143/1024 1435/2135/1024 1434/2134/1026
f  1436/2144/1008 1444/2145/1008 1445/2146/1008
f  1445/2146/1008 1437/2147/1008 1436/2144/1008
f  1438/2148/1027 1446/2149/1027 1447/2150/1027
f  1447/2150/1027 1439/2151/1027 1438/2148/1027
f  1439/2151/1027 1447/2150/1027 380/2152/1028
f  380/2152/1028 1440/2153/1028 1439/2151/1027
f  1441/2154/1029 1448/2155/1029 1449/2156/1029
f  1449/2156/1029 1442/2157/1029 1441/2154/1029
f  1442/2157/1029 1449/2156/1029 1450/2158/1027
f  1450/2158/1027 1443/2159/1027 1442/2157/1029
f  1444/2145/1030 1451/2160/1030 1452/2161/1030
f  1452/2161/1030 1445/2146/1030 1444/2145/1030
f  1446/2149/1007 333/2162/1007 1453/2163/1007
f  1453/2163/1007 1447/2150/1007 1446/2149/1007
f  1447/2150/1007 1453/2163/1007 1454/2164/1031
f  1454/2164/1031 380/2152/1031 1447/2150/1007
f  1448/2155/1007 1455/2165/1007 1456/2166/1007
f  1456/2166/1007 1449/2156/1007 1448/2155/1007
f  1449/2156/1007 1456/2166/1007 1457/2167/1031
f  1457/2167/1031 1450/2158/1031 1449/2156/1007
f  1451/2160/1006 1458/2168/1006 252/2169/1006
f  252/2169/1006 1452/2161/1006 1451/2160/1006
f  333/2162/1032 237/2170/1032 1459/2171/1032
f  1459/2171/1032 1453/2163/1032 333/2162/1032
f  1453/2163/1032 1459/2171/1032 208/2172/1033
f  208/2172/1033 1454/2164/1033 1453/2163/1032
f  1455/2165/1032 312/2173/1032 1460/2174/1032
f  1460/2174/1032 1456/2166/1032 1455/2165/1032
f  1456/2166/1032 1460/2174/1032 281/2175/1034
f  281/2175/1034 1457/2167/1034 1456/2166/1032
f  1458/2168/1035 1461/2176/1035 1462/2177/1035
f  1462/2177/1035 252/2169/1035 1458/2168/1035
f  237/2170/1036 1463/2178/1036 1464/2179/1036
f  1464/2179/1036 1459/2171/1036 237/2170/1036
f  1459/2171/1036 1464/2179/1036 1465/2180/1037
f  1465/2180/1037 208/2172/1037 1459/2171/1036
f  312/2173/1038 1466/2181/1038 1467/2182/1038
f  1467/2182/1038 1460/2174/1038 312/2173/1038
f  1460/2174/1038 1467/2182/1038 1468/2183/1038
f  1468/2183/1038 281/2175/1038 1460/2174/1038
f  1461/2176/1004 1469/2184/1004 1470/2185/1004
f  1470/2185/1004 1462/2177/1004 1461/2176/1004
f  1463/2178/1039 1471/2186/1039 1472/2187/1039
f  1472/2187/1039 1464/2179/1039 1463/2178/1039
f  1464/2179/1039 1472/2187/1039 1473/2188/1040
f  1473/2188/1040 1465/2180/1040 1464/2179/1039
f  1466/2181/1041 1474/2189/1041 1475/2190/1041
f  1475/2190/1041 1467/2182/1041 1466/2181/1041
f  1467/2182/1041 1475/2190/1041 1476/2191/1039
f  1476/2191/1039 1468/2183/1039 1467/2182/1041
f  1469/2184/1042 1477/2192/1042 1478/2193/1042
f  1478/2193/1042 1470/2185/1042 1469/2184/1042
f  1471/2186/1043 1479/2194/1043 1480/2195/1043
f  1480/2195/1043 1472/2187/1043 1471/2186/1043
f  1472/2187/1043 1480/2195/1043 1481/2196/1044
f  1481/2196/1044 1473/2188/1044 1472/2187/1043
f  1474/2189/1043 1482/2197/1043 1483/2198/1043
f  1483/2198/1043 1475/2190/1043 1474/2189/1043
f  1475/2190/1043 1483/2198/1043 1484/2199/1045
f  1484/2199/1045 1476/2191/1045 1475/2190/1043
f  1477/2192/1046 1485/2200/1046 1486/2201/1046
f  1486/2201/1046 1478/2193/1046 1477/2192/1046
f  1479/2194/1047 1487/2202/1047 1488/2203/1047
f  1488/2203/1047 1480/2195/1047 1479/2194/1047
f  1480/2195/1047 1488/2203/1047 1489/2204/1046
f  1489/2204/1046 1481/2196/1046 1480/2195/1047
f  1482/2197/1047 1490/2205/1047 1491/2206/1047
f  1491/2206/1047 1483/2198/1047 1482/2197/1047
f  1483/2198/1047 1491/2206/1047 382/2207/1048
f  382/2207/1048 1484/2199/1048 1483/2198/1047
f  1485/2200/1001 1492/2208/1001 1493/2209/1001
f  1493/2209/1001 1486/2201/1001 1485/2200/1001
f  1487/2202/1049 1494/2210/1049 1495/2211/1049
f  1495/2211/1049 1488/2203/1049 1487/2202/1049
f  1488/2203/1049 1495/2211/1049 1496/2212/1050
f  1496/2212/1050 1489/2204/1050 1488/2203/1049
f  1490/2205/1049 1497/2213/1049 1498/2214/1049
f  1498/2214/1049 1491/2206/1049 1490/2205/1049
f  1491/2206/1049 1498/2214/1049 1499/2215/1051
f  1499/2215/1051 382/2207/1051 1491/2206/1049
f  1492/2216/1052 1500/2217/1052 1501/2218/1052
f  1501/2218/1052 1493/2219/1052 1492/2216/1052
f  1494/2220/1052 1502/2221/1052 1503/2222/1052
f  1503/2222/1052 1495/2223/1052 1494/2220/1052
f  1495/2223/1052 1503/2222/1052 1504/2224/1053
f  1504/2224/1053 1496/2225/1053 1495/2223/1052
f  1497/2226/1000 1505/2227/1000 1506/2228/1000
f  1506/2228/1000 1498/2229/1000 1497/2226/1000
f  1498/2229/1000 1506/2228/1000 1507/2230/1052
f  1507/2230/1052 1499/2231/1052 1498/2229/1000
f  1500/2217/1054 1508/2232/1054 1509/2233/1054
f  1509/2233/1054 1501/2218/1054 1500/2217/1054
f  1502/2221/1055 1510/2234/1055 1511/2235/1055
f  1511/2235/1055 1503/2222/1055 1502/2221/1055
f  1503/2222/1055 1511/2235/1055 1512/2236/1056
f  1512/2236/1056 1504/2224/1056 1503/2222/1055
f  1505/2227/1055 1513/2237/1055 1514/2238/1055
f  1514/2238/1055 1506/2228/1055 1505/2227/1055
f  1506/2228/1055 1514/2238/1055 1515/2239/1056
f  1515/2239/1056 1507/2230/1056 1506/2228/1055
f  1508/2232/998 1516/2240/998 1517/2241/998
f  1517/2241/998 1509/2233/998 1508/2232/998
f  1510/2234/998 1518/2242/998 1519/2243/998
f  1519/2243/998 1511/2235/998 1510/2234/998
f  1511/2235/998 1519/2243/998 1520/2244/1057
f  1520/2244/1057 1512/2236/1057 1511/2235/998
f  1513/2237/998 1521/2245/998 1522/2246/998
f  1522/2246/998 1514/2238/998 1513/2237/998
f  1514/2238/998 1522/2246/998 1523/2247/1058
f  1523/2247/1058 1515/2239/1058 1514/2238/998
f  1516/2240/997 1524/2248/997 1525/2249/997
f  1525/2249/997 1517/2241/997 1516/2240/997
f  1518/2242/1059 1526/2250/1059 1527/2251/1059
f  1527/2251/1059 1519/2243/1059 1518/2242/1059
f  1519/2243/1059 1527/2251/1059 1528/2252/1060
f  1528/2252/1060 1520/2244/1060 1519/2243/1059
f  1521/2245/997 1529/2253/997 1530/2254/997
f  1530/2254/997 1522/2246/997 1521/2245/997
f  1522/2246/997 1530/2254/997 568/2255/1061
f  568/2255/1061 1523/2247/1061 1522/2246/997
f  1524/2248/996 1531/2256/996 1532/2257/996
f  1532/2257/996 1525/2249/996 1524/2248/996
f  1526/2250/1062 1533/2258/1062 1534/2259/1062
f  1534/2259/1062 1527/2251/1062 1526/2250/1062
f  1527/2251/1062 1534/2259/1062 1535/2260/1063
f  1535/2260/1063 1528/2252/1063 1527/2251/1062
f  1529/2253/1063 1536/2261/1063 1537/2262/1063
f  1537/2262/1063 1530/2254/1063 1529/2253/1063
f  1530/2254/1063 1537/2262/1063 1538/2263/1062
f  1538/2263/1062 568/2255/1062 1530/2254/1063
f  1531/2256/1064 1539/2264/1064 1540/2265/1064
f  1540/2265/1064 1532/2257/1064 1531/2256/1064
f  1533/2258/1064 1541/2266/1064 1542/2267/1064
f  1542/2267/1064 1534/2259/1064 1533/2258/1064
f  1534/2259/1064 1542/2267/1064 1543/2268/1064
f  1543/2268/1064 1535/2260/1064 1534/2259/1064
f  1536/2261/1064 1544/2269/1064 1545/2270/1064
f  1545/2270/1064 1537/2262/1064 1536/2261/1064
f  1537/2262/1064 1545/2270/1064 1546/2271/1064
f  1546/2271/1064 1538/2263/1064 1537/2262/1064
f  1539/2264/994 1547/2272/994 1548/2273/994
f  1548/2273/994 1540/2265/994 1539/2264/994
f  1541/2266/1065 1549/2274/1065 1550/2275/1065
f  1550/2275/1065 1542/2267/1065 1541/2266/1065
f  1542/2267/1065 1550/2275/1065 1551/2276/1066
f  1551/2276/1066 1543/2268/1066 1542/2267/1065
f  1544/2269/994 1552/2277/994 1553/2278/994
f  1553/2278/994 1545/2270/994 1544/2269/994
f  1545/2270/994 1553/2278/994 1554/2279/1065
f  1554/2279/1065 1546/2271/1065 1545/2270/994
f  1547/2272/1067 1555/2280/1067 1556/2281/1067
f  1556/2281/1067 1548/2273/1067 1547/2272/1067
f  1549/2274/1067 1557/2282/1067 1558/2283/1067
f  1558/2283/1067 1550/2275/1067 1549/2274/1067
f  1550/2275/1067 1558/2283/1067 1559/2284/1068
f  1559/2284/1068 1551/2276/1068 1550/2275/1067
f  1552/2277/993 1560/2285/993 1561/2286/993
f  1561/2286/993 1553/2278/993 1552/2277/993
f  1553/2278/993 1561/2286/993 1562/2287/1067
f  1562/2287/1067 1554/2279/1067 1553/2278/993
f  1555/2288/992 1563/2289/992 1564/2290/992
f  1564/2290/992 1556/2291/992 1555/2288/992
f  1557/2292/1069 1565/2293/1069 1566/2294/1069
f  1566/2294/1069 1558/2295/1069 1557/2292/1069
f  1558/2295/1069 1566/2294/1069 1567/2296/1069
f  1567/2296/1069 1559/2297/1069 1558/2295/1069
f  1560/2298/1070 1568/2299/1070 1569/2300/1070
f  1569/2300/1070 1561/2301/1070 1560/2298/1070
f  1561/2301/1070 1569/2300/1070 1570/2302/1071
f  1570/2302/1071 1562/2303/1071 1561/2301/1070
f  1563/2289/1072 1571/2304/1072 1572/2305/1072
f  1572/2305/1072 1564/2290/1072 1563/2289/1072
f  1565/2293/1073 1573/2306/1073 1574/2307/1073
f  1574/2307/1073 1566/2294/1073 1565/2293/1073
f  1566/2294/1073 1574/2307/1073 1575/2308/1072
f  1575/2308/1072 1567/2296/1072 1566/2294/1073
f  1568/2299/1074 1576/2309/1074 1577/2310/1074
f  1577/2310/1074 1569/2300/1074 1568/2299/1074
f  1569/2300/1074 1577/2310/1074 1578/2311/1075
f  1578/2311/1075 1570/2302/1075 1569/2300/1074
f  1571/2304/990 1579/2312/990 1580/2313/990
f  1580/2313/990 1572/2305/990 1571/2304/990
f  1573/2306/1076 1581/2314/1076 1582/2315/1076
f  1582/2315/1076 1574/2307/1076 1573/2306/1076
f  1574/2307/1076 1582/2315/1076 1583/2316/1077
f  1583/2316/1077 1575/2308/1077 1574/2307/1076
f  1576/2309/1078 1584/2317/1078 1585/2318/1078
f  1585/2318/1078 1577/2310/1078 1576/2309/1078
f  1577/2310/1078 1585/2318/1078 1586/2319/1078
f  1586/2319/1078 1578/2311/1078 1577/2310/1078
f  1579/2312/1079 1587/2320/1079 1588/2321/1079
f  1588/2321/1079 1580/2313/1079 1579/2312/1079
f  1581/2314/1080 1589/2322/1080 1590/2323/1080
f  1590/2323/1080 1582/2315/1080 1581/2314/1080
f  1582/2315/1080 1590/2323/1080 1591/2324/989
f  1591/2324/989 1583/2316/989 1582/2315/1080
f  1584/2317/989 1592/2325/989 1593/2326/989
f  1593/2326/989 1585/2318/989 1584/2317/989
f  1585/2318/989 1593/2326/989 1594/2327/989
f  1594/2327/989 1586/2319/989 1585/2318/989
f  1587/2320/988 1595/2328/988 1596/2329/988
f  1596/2329/988 1588/2321/988 1587/2320/988
f  1589/2322/988 1597/2330/988 1598/2331/988
f  1598/2331/988 1590/2323/988 1589/2322/988
f  1590/2323/988 1598/2331/988 1599/2332/988
f  1599/2332/988 1591/2324/988 1590/2323/988
f  1592/2325/988 1600/2333/988 1601/2334/988
f  1601/2334/988 1593/2326/988 1592/2325/988
f  1593/2326/988 1601/2334/988 1602/2335/988
f  1602/2335/988 1594/2327/988 1593/2326/988
f  1595/2328/1081 1603/2336/1081 1604/2337/1081
f  1604/2337/1081 1596/2329/1081 1595/2328/1081
f  1597/2330/1082 1605/2338/1082 1606/2339/1082
f  1606/2339/1082 1598/2331/1082 1597/2330/1082
f  1598/2331/1082 1606/2339/1082 1607/2340/987
f  1607/2340/987 1599/2332/987 1598/2331/1082
f  1600/2333/1082 1608/2341/1082 1609/2342/1082
f  1609/2342/1082 1601/2334/1082 1600/2333/1082
f  1601/2334/1082 1609/2342/1082 1610/2343/1082
f  1610/2343/1082 1602/2335/1082 1601/2334/1082
f  1603/2336/1083 1611/2344/1083 1612/2345/1083
f  1612/2345/1083 1604/2337/1083 1603/2336/1083
f  1605/2338/986 1613/2346/986 1614/2347/986
f  1614/2347/986 1606/2339/986 1605/2338/986
f  1606/2339/986 1614/2347/986 1615/2348/1084
f  1615/2348/1084 1607/2340/1084 1606/2339/986
f  1608/2341/986 1616/2349/986 1617/2350/986
f  1617/2350/986 1609/2342/986 1608/2341/986
f  1609/2342/986 1617/2350/986 1618/2351/1084
f  1618/2351/1084 1610/2343/1084 1609/2342/986
f  1611/2344/985 1619/2352/985 1620/2353/985
f  1620/2353/985 1612/2345/985 1611/2344/985
f  1613/2346/1085 1621/2354/1085 1622/2355/1085
f  1622/2355/1085 1614/2347/1085 1613/2346/1085
f  1614/2347/1085 1622/2355/1085 1623/2356/1085
f  1623/2356/1085 1615/2348/1085 1614/2347/1085
f  1616/2349/1086 1624/2357/1086 1625/2358/1086
f  1625/2358/1086 1617/2350/1086 1616/2349/1086
f  1617/2350/1086 1625/2358/1086 1626/2359/1087
f  1626/2359/1087 1618/2351/1087 1617/2350/1086
f  1619/2360/1088 1627/2361/1088 1628/2362/1088
f  1628/2362/1088 1620/2363/1088 1619/2360/1088
f  1621/2364/1088 1629/2365/1088 1630/2366/1088
f  1630/2366/1088 1622/2367/1088 1621/2364/1088
f  1622/2367/1088 1630/2366/1088 1631/2368/1089
f  1631/2368/1089 1623/2369/1089 1622/2367/1088
f  1624/2370/984 1632/2371/984 1633/2372/984
f  1633/2372/984 1625/2373/984 1624/2370/984
f  1625/2373/984 1633/2372/984 1634/2374/1088
f  1634/2374/1088 1626/2375/1088 1625/2373/984
f  1627/2361/983 1404/2376/983 1635/2377/983
f  1635/2377/983 1628/2362/983 1627/2361/983
f  1629/2365/1090 1636/2378/1090 1637/2379/1090
f  1637/2379/1090 1630/2366/1090 1629/2365/1090
f  1630/2366/1090 1637/2379/1090 1638/2380/1091
f  1638/2380/1091 1631/2368/1091 1630/2366/1090
f  1632/2371/1092 1639/2381/1092 1640/2382/1092
f  1640/2382/1092 1633/2372/1092 1632/2371/1092
f  1633/2372/1092 1640/2382/1092 1641/2383/1090
f  1641/2383/1090 1634/2374/1090 1633/2372/1092
f  1404/2376/1093 1403/2384/1093 1642/2385/1093
f  1642/2385/1093 1635/2377/1093 1404/2376/1093
f  1636/2378/1093 1643/2386/1093 1644/2387/1093
f  1644/2387/1093 1637/2379/1093 1636/2378/1093
f  1637/2379/1093 1644/2387/1093 1645/2388/1093
f  1645/2388/1093 1638/2380/1093 1637/2379/1093
f  1639/2381/1093 1646/2389/1093 1647/2390/1093
f  1647/2390/1093 1640/2382/1093 1639/2381/1093
f  1640/2382/1093 1647/2390/1093 1648/2391/1093
f  1648/2391/1093 1641/2383/1093 1640/2382/1093
f  1403/2384/981 1406/2104/981 1409/2107/981
f  1409/2107/981 1642/2385/981 1403/2384/981
f  1643/2386/1094 1410/2108/1094 1413/2111/1094
f  1413/2111/1094 1644/2387/1094 1643/2386/1094
f  1644/2387/1094 1413/2111/1094 1415/2113/1095
f  1415/2113/1095 1645/2388/1095 1644/2387/1094
f  1646/2389/981 1416/2114/981 1419/2117/981
f  1419/2117/981 1647/2390/981 1646/2389/981
f  1647/2390/981 1419/2117/981 1421/2119/1094
f  1421/2119/1094 1648/2391/1094 1647/2390/981
f  1649/2392/940 1367/2393/940 1365/2394/940
f  1365/2394/940 1650/2395/940 1649/2392/940
f  1651/2396/1096 1385/2397/1096 1383/2398/1096
f  1383/2398/1096 1652/2399/1096 1651/2396/1096
f  1653/2400/940 1341/2401/940 1339/2402/940
f  1339/2402/940 1654/2403/940 1653/2400/940
f  1655/2404/1097 1359/2405/1097 1357/2406/1097
f  1357/2406/1097 1656/2407/1097 1655/2404/1097
f  1657/2408/1098 1377/2409/1098 1375/2410/1098
f  1375/2410/1098 1658/2411/1098 1657/2408/1098
f  1659/2412/1099 1395/2413/1099 1393/2414/1099
f  1393/2414/1099 1660/2415/1099 1659/2412/1099
f  1661/2416/1100 1351/2417/1100 1349/2095/940
f  1349/2095/940 1398/2094/940 1661/2416/1100
f  1662/2418/1101 1369/2419/1101 1367/2393/940
f  1367/2393/940 1649/2392/940 1662/2418/1101
f  1663/2420/940 1387/2421/940 1385/2397/1096
f  1385/2397/1096 1651/2396/1096 1663/2420/940
f  1664/2422/940 1343/2423/940 1341/2401/940
f  1341/2401/940 1653/2400/940 1664/2422/940
f  1665/2424/940 1361/2425/940 1359/2405/1097
f  1359/2405/1097 1655/2404/1097 1665/2424/940
f  1666/2426/940 1379/2427/940 1377/2409/1098
f  1377/2409/1098 1657/2408/1098 1666/2426/940
f  1667/2428/1102 1397/2429/1102 1395/2413/1099
f  1395/2413/1099 1659/2412/1099 1667/2428/1102
f  1668/2430/940 1353/2431/940 1351/2417/1100
f  1351/2417/1100 1661/2416/1100 1668/2430/940
f  1669/2432/948 1371/2433/948 1369/2419/1101
f  1369/2419/1101 1662/2418/1101 1669/2432/948
f  1670/2434/1103 1389/2435/1103 1387/2421/940
f  1387/2421/940 1663/2420/940 1670/2434/1103
f  1671/2436/941 1345/2437/941 1343/2423/940
f  1343/2423/940 1664/2422/940 1671/2436/941
f  1672/2438/940 1363/2439/940 1361/2425/940
f  1361/2425/940 1665/2424/940 1672/2438/940
f  1673/2440/940 1381/2441/940 1379/2427/940
f  1379/2427/940 1666/2426/940 1673/2440/940
f  1674/2442/940 1401/2443/940 1397/2429/1102
f  1397/2429/1102 1667/2428/1102 1674/2442/940
f  1675/2444/940 1355/2445/940 1353/2431/940
f  1353/2431/940 1668/2430/940 1675/2444/940
f  1676/2446/940 1373/2447/940 1371/2433/948
f  1371/2433/948 1669/2432/948 1676/2446/940
f  1677/2448/940 1391/2449/940 1389/2435/1103
f  1389/2435/1103 1670/2434/1103 1677/2448/940
f  1399/2097/940 1347/2096/940 1345/2437/941
f  1345/2437/941 1671/2436/941 1399/2097/940
f  1650/2395/940 1365/2394/940 1363/2439/940
f  1363/2439/940 1672/2438/940 1650/2395/940
f  1652/2399/1096 1383/2398/1096 1381/2441/940
f  1381/2441/940 1673/2440/940 1652/2399/1096
f  1654/2403/940 1339/2402/940 1338/2450/1104
f  1338/2450/1104 1678/2451/1104 1654/2403/940
f  1678/2451/1104 1338/2450/1104 1401/2443/940
f  1401/2443/940 1674/2442/940 1678/2451/1104
f  1656/2407/1097 1357/2406/1097 1355/2445/940
f  1355/2445/940 1675/2444/940 1656/2407/1097
f  1658/2411/1098 1375/2410/1098 1373/2447/940
f  1373/2447/940 1676/2446/940 1658/2411/1098
f  1660/2415/1099 1393/2414/1099 1391/2449/940
f  1391/2449/940 1677/2448/940 1660/2415/1099
f  1679/2452/1105 1571/2453/1105 1563/2454/1105
f  1563/2454/1105 1680/2455/1105 1679/2452/1105
f  1681/2456/1106 1500/2457/1106 1492/2458/1106
f  1492/2458/1106 1682/2459/1106 1681/2456/1106
f  1683/2460/1013 1436/2461/1013 1428/2462/1013
f  1428/2462/1013 1684/2463/1013 1683/2460/1013
f  1685/2464/1013 1603/2465/1013 1595/2466/1013
f  1595/2466/1013 1686/2467/1013 1685/2464/1013
f  1687/2468/1107 1531/2469/1107 1524/2470/1107
f  1524/2470/1107 1688/2471/1107 1687/2468/1107
f  1689/2472/1013 1461/2473/1013 1458/2474/1013
f  1458/2474/1013 1690/2475/1013 1689/2472/1013
f  1405/2103/1013 1404/2102/1013 1627/2476/1013
f  1627/2476/1013 1691/2477/1013 1405/2103/1013
f  1680/2455/1105 1563/2454/1105 1555/2478/1013
f  1555/2478/1013 1692/2479/1013 1680/2455/1105
f  1682/2459/1106 1492/2458/1106 1485/2480/1013
f  1485/2480/1013 1693/2481/1013 1682/2459/1106
f  1684/2463/1013 1428/2462/1013 1422/2482/1108
f  1422/2482/1108 1694/2483/1108 1684/2463/1013
f  1686/2467/1013 1595/2466/1013 1587/2484/1013
f  1587/2484/1013 1695/2485/1013 1686/2467/1013
f  1688/2471/1107 1524/2470/1107 1516/2486/1109
f  1516/2486/1109 1696/2487/1109 1688/2471/1107
f  1690/2475/1013 1458/2474/1013 1451/2488/1110
f  1451/2488/1110 1697/2489/1110 1690/2475/1013
f  1691/2477/1013 1627/2476/1013 1619/2490/1111
f  1619/2490/1111 1698/2491/1111 1691/2477/1013
f  1692/2479/1013 1555/2478/1013 1547/2492/1112
f  1547/2492/1112 1699/2493/1112 1692/2479/1013
f  1693/2481/1013 1485/2480/1013 1477/2494/1113
f  1477/2494/1113 1700/2495/1113 1693/2481/1013
f  1694/2483/1108 1422/2482/1108 1407/2496/1114
f  1407/2496/1114 1701/2497/1114 1694/2483/1108
f  1695/2485/1013 1587/2484/1013 1579/2498/1115
f  1579/2498/1115 1702/2499/1115 1695/2485/1013
f  1696/2487/1109 1516/2486/1109 1508/2500/1116
f  1508/2500/1116 1703/2501/1116 1696/2487/1109
f  1697/2489/1110 1451/2488/1110 1444/2502/1117
f  1444/2502/1117 1704/2503/1117 1697/2489/1110
f  1698/2491/1111 1619/2490/1111 1611/2504/1013
f  1611/2504/1013 1705/2505/1013 1698/2491/1111
f  1699/2493/1112 1547/2492/1112 1539/2506/1013
f  1539/2506/1013 1706/2507/1013 1699/2493/1112
f  1700/2495/1113 1477/2494/1113 1469/2508/1118
f  1469/2508/1118 1707/2509/1118 1700/2495/1113
f  1708/2510/1119 1406/2511/1119 1403/2101/1013
f  1403/2101/1013 1402/2100/1013 1708/2510/1119
f  1701/2497/1114 1407/2496/1114 1406/2511/1119
f  1406/2511/1119 1708/2510/1119 1701/2497/1114
f  1702/2499/1115 1579/2498/1115 1571/2453/1105
f  1571/2453/1105 1679/2452/1105 1702/2499/1115
f  1703/2501/1116 1508/2500/1116 1500/2457/1106
f  1500/2457/1106 1681/2456/1106 1703/2501/1116
f  1704/2503/1117 1444/2502/1117 1436/2461/1013
f  1436/2461/1013 1683/2460/1013 1704/2503/1117
f  1705/2505/1013 1611/2504/1013 1603/2465/1013
f  1603/2465/1013 1685/2464/1013 1705/2505/1013
f  1706/2507/1013 1539/2506/1013 1531/2469/1107
f  1531/2469/1107 1687/2468/1107 1706/2507/1013
f  1707/2509/1118 1469/2508/1118 1461/2473/1013
f  1461/2473/1013 1689/2472/1013 1707/2509/1118
f  1653/2512/1120 1654/2513/1120 1402/2514/1120
f  1402/2514/1120 1405/2515/1120 1653/2512/1120
f  1664/2516/1121 1653/2512/1121 1405/2515/1121
f  1405/2515/1121 1691/2517/1121 1664/2516/1121
f  1671/2518/1122 1664/2516/1122 1691/2517/1122
f  1691/2517/1122 1698/2519/1122 1671/2518/1122
f  1399/2520/1123 1671/2521/1123 1698/2522/1123
f  1698/2522/1123 1705/2523/1123 1399/2520/1123
f  1398/2524/1124 1399/2520/1124 1705/2523/1124
f  1705/2523/1124 1685/2525/1124 1398/2524/1124
f  1661/2526/1125 1398/2524/1125 1685/2525/1125
f  1685/2525/1125 1686/2527/1125 1661/2526/1125
f  1668/2528/1126 1661/2526/1126 1686/2527/1126
f  1686/2527/1126 1695/2529/1126 1668/2528/1126
f  1675/2530/1127 1668/2528/1127 1695/2529/1127
f  1695/2529/1127 1702/2531/1127 1675/2530/1127
f  1656/2532/1128 1675/2530/1128 1702/2531/1128
f  1702/2531/1128 1679/2533/1128 1656/2532/1128
f  1655/2534/1129 1656/2532/1129 1679/2533/1129
f  1679/2533/1129 1680/2535/1129 1655/2534/1129
f  1665/2536/1130 1655/2534/1130 1680/2535/1130
f  1680/2535/1130 1692/2537/1130 1665/2536/1130
f  1672/2538/1131 1665/2536/1131 1692/2537/1131
f  1692/2537/1131 1699/2539/1131 1672/2538/1131
f  1650/2540/1132 1672/2541/1132 1699/2542/1132
f  1699/2542/1132 1706/2543/1132 1650/2540/1132
f  1649/2544/1133 1650/2540/1133 1706/2543/1133
f  1706/2543/1133 1687/2545/1133 1649/2544/1133
f  1662/2546/1134 1649/2544/1134 1687/2545/1134
f  1687/2545/1134 1688/2547/1134 1662/2546/1134
f  1669/2548/1135 1662/2546/1135 1688/2547/1135
f  1688/2547/1135 1696/2549/1135 1669/2548/1135
f  1676/2550/1136 1669/2548/1136 1696/2549/1136
f  1696/2549/1136 1703/2551/1136 1676/2550/1136
f  1658/2552/1137 1676/2550/1137 1703/2551/1137
f  1703/2551/1137 1681/2553/1137 1658/2552/1137
f  1657/2554/984 1658/2552/984 1681/2553/984
f  1681/2553/984 1682/2555/984 1657/2554/984
f  1666/2556/1138 1657/2557/1138 1682/2558/1138
f  1682/2558/1138 1693/2559/1138 1666/2556/1138
f  1673/2560/1139 1666/2556/1139 1693/2559/1139
f  1693/2559/1139 1700/2561/1139 1673/2560/1139
f  1652/2562/1140 1673/2560/1140 1700/2561/1140
f  1700/2561/1140 1707/2563/1140 1652/2562/1140
f  1651/2564/1141 1652/2562/1141 1707/2563/1141
f  1707/2563/1141 1689/2565/1141 1651/2564/1141
f  1663/2566/1142 1651/2564/1142 1689/2565/1142
f  1689/2565/1142 1690/2567/1142 1663/2566/1142
f  1670/2568/1143 1663/2566/1143 1690/2567/1143
f  1690/2567/1143 1697/2569/1143 1670/2568/1143
f  1677/2570/1144 1670/2568/1144 1697/2569/1144
f  1697/2569/1144 1704/2571/1144 1677/2570/1144
f  1660/2572/1145 1677/2573/1145 1704/2574/1145
f  1704/2574/1145 1683/2575/1145 1660/2572/1145
f  1659/2576/1146 1660/2572/1146 1683/2575/1146
f  1683/2575/1146 1684/2577/1146 1659/2576/1146
f  1667/2578/1147 1659/2576/1147 1684/2577/1147
f  1684/2577/1147 1694/2579/1147 1667/2578/1147
f  1674/2580/1148 1667/2578/1148 1694/2579/1148
f  1694/2579/1148 1701/2581/1148 1674/2580/1148
f  1678/2582/1149 1674/2580/1149 1701/2581/1149
f  1701/2581/1149 1708/2583/1149 1678/2582/1149
f  1654/2513/1150 1678/2582/1150 1708/2583/1150
f  1708/2583/1150 1402/2514/1150 1654/2513/1150

# Mesh 'Handles_Handles' with 3252 faces
g Handles_Handles
usemtl UpperLowerTwist
f  1709/2584/1151 1710/2585/1152 1711/2586/1153
f  1711/2586/1153 1712/2587/1154 1709/2584/1151
f  1710/2585/1152 1713/2588/1155 1714/2589/1156
f  1714/2589/1156 1711/2586/1153 1710/2585/1152
f  1713/2588/1155 1715/2590/1157 1716/2591/1158
f  1716/2591/1158 1714/2589/1156 1713/2588/1155
f  1715/2590/1157 1717/2592/1159 1718/2593/1160
f  1718/2593/1160 1716/2591/1158 1715/2590/1157
f  1717/2592/1159 1719/2594/1161 1720/2595/1162
f  1720/2595/1162 1718/2593/1160 1717/2592/1159
f  1719/2594/1161 1721/2596/1163 1722/2597/1164
f  1722/2597/1164 1720/2595/1162 1719/2594/1161
f  1721/2596/1163 1723/2598/1165 1724/2599/1166
f  1724/2599/1166 1722/2597/1164 1721/2596/1163
f  1723/2598/1165 1725/2600/1167 1726/2601/1168
f  1726/2601/1168 1724/2599/1166 1723/2598/1165
f  1725/2600/1167 1727/2602/1169 1728/2603/1170
f  1728/2603/1170 1726/2601/1168 1725/2600/1167
f  1727/2602/1169 1729/2604/1171 1730/2605/1172
f  1730/2605/1172 1728/2603/1170 1727/2602/1169
f  1729/2604/1171 1731/2606/1173 1732/2607/1174
f  1732/2607/1174 1730/2605/1172 1729/2604/1171
f  1731/2606/1173 1709/2584/1151 1712/2587/1154
f  1712/2587/1154 1732/2607/1174 1731/2606/1173
f  1733/2608/1175 1714/2589/1156 1716/2591/1158
f  1733/2608/1175 1732/2607/1174 1712/2587/1154
f  1733/2608/1175 1718/2593/1160 1720/2595/1162
f  1724/2599/1166 1733/2608/1175 1722/2597/1164
f  1733/2608/1175 1720/2595/1162 1722/2597/1164
f  1711/2586/1153 1733/2608/1175 1712/2587/1154
f  1733/2608/1175 1726/2601/1168 1728/2603/1170
f  1730/2605/1172 1733/2608/1175 1728/2603/1170
f  1734/2609/1176 1735/2610/1177 1736/2611/1178
f  1736/2611/1178 1737/2612/1179 1734/2609/1176
f  1738/2613/1180 1734/2614/1176 1737/2615/1179
f  1737/2615/1179 1739/2616/1181 1738/2613/1180
f  1740/2617/1182 1738/2618/1180 1739/2619/1181
f  1739/2619/1181 1741/2620/1183 1740/2617/1182
f  1742/2621/1184 1740/2617/1182 1741/2620/1183
f  1741/2620/1183 1743/2622/1185 1742/2621/1184
f  1744/2623/1186 1742/2624/1184 1743/2625/1185
f  1743/2625/1185 1745/2626/1187 1744/2623/1186
f  1746/2627/1188 1744/2628/1186 1745/2629/1187
f  1745/2629/1187 1747/2630/1189 1746/2627/1188
f  1748/2631/1190 1746/2627/1188 1747/2630/1189
f  1747/2630/1189 1749/2632/1191 1748/2631/1190
f  1750/2633/1192 1748/2634/1190 1749/2635/1191
f  1749/2635/1191 1751/2636/1193 1750/2633/1192
f  1752/2637/1194 1750/2638/1192 1751/2639/1193
f  1751/2639/1193 1753/2640/1195 1752/2637/1194
f  1754/2641/1196 1752/2637/1194 1753/2640/1195
f  1753/2640/1195 1755/2642/1197 1754/2641/1196
f  1756/2643/1198 1754/2644/1196 1755/2645/1197
f  1755/2645/1197 1757/2646/1199 1756/2643/1198
f  1735/2610/1177 1756/2647/1198 1757/2648/1199
f  1757/2648/1199 1736/2611/1178 1735/2610/1177
f  1758/2649/1200 1759/2650/1201 1760/2651/1202
f  1760/2651/1202 1761/2652/1203 1758/2649/1200
f  1762/2653/1204 1758/2649/1200 1761/2652/1203
f  1761/2652/1203 1763/2654/1205 1762/2653/1204
f  1764/2655/1206 1762/2656/1204 1763/2657/1205
f  1763/2657/1205 1765/2658/1207 1764/2655/1206
f  1766/2659/1208 1764/2655/1206 1765/2658/1207
f  1765/2658/1207 1767/2660/1209 1766/2659/1208
f  1768/2661/1210 1766/2659/1208 1767/2660/1209
f  1767/2660/1209 1769/2662/1211 1768/2661/1210
f  1770/2663/1212 1768/2664/1210 1769/2665/1211
f  1769/2665/1211 1771/2666/1213 1770/2663/1212
f  1772/2667/1214 1770/2663/1212 1771/2666/1213
f  1771/2666/1213 1773/2668/1215 1772/2667/1214
f  1774/2669/1216 1772/2667/1214 1773/2668/1215
f  1773/2668/1215 1775/2670/1217 1774/2669/1216
f  1776/2671/1218 1774/2672/1216 1775/2673/1217
f  1775/2673/1217 1777/2674/1219 1776/2671/1218
f  1778/2675/1220 1776/2671/1218 1777/2674/1219
f  1777/2674/1219 1779/2676/1221 1778/2675/1220
f  1780/2677/1222 1778/2675/1220 1779/2676/1221
f  1779/2676/1221 1781/2678/1223 1780/2677/1222
f  1759/2650/1201 1780/2679/1222 1781/2680/1223
f  1781/2680/1223 1760/2651/1202 1759/2650/1201
f  1782/2681/1200 1783/2682/1224 1735/2610/1177
f  1735/2610/1177 1734/2609/1176 1782/2681/1200
f  1784/2683/1225 1785/2684/1226 1783/2682/1224
f  1783/2682/1224 1782/2681/1200 1784/2683/1225
f  1786/2685/1200 1787/2686/1227 1785/2684/1226
f  1785/2684/1226 1784/2683/1225 1786/2685/1200
f  1761/2652/1203 1760/2651/1202 1787/2686/1227
f  1787/2686/1227 1786/2685/1200 1761/2652/1203
f  1788/2687/1228 1789/2688/1229 1710/2689/1230
f  1710/2689/1230 1709/2690/1231 1788/2687/1228
f  1790/2691/1232 1791/2692/1233 1789/2688/1229
f  1789/2688/1229 1788/2687/1228 1790/2691/1232
f  1759/2650/1201 1758/2649/1200 1791/2692/1233
f  1791/2692/1233 1790/2691/1232 1759/2650/1201
f  1792/2693/1234 1782/2681/1200 1734/2609/1176
f  1734/2609/1176 1738/2694/1180 1792/2693/1234
f  1793/2695/1235 1784/2683/1225 1782/2681/1200
f  1782/2681/1200 1792/2693/1234 1793/2695/1235
f  1794/2696/1236 1786/2685/1200 1784/2683/1225
f  1784/2683/1225 1793/2695/1235 1794/2696/1236
f  1763/2654/1205 1761/2652/1203 1786/2685/1200
f  1786/2685/1200 1794/2696/1236 1763/2654/1205
f  1789/2688/1229 1795/2697/1236 1713/2698/1237
f  1713/2698/1237 1710/2689/1230 1789/2688/1229
f  1791/2692/1233 1796/2699/1238 1795/2697/1236
f  1795/2697/1236 1789/2688/1229 1791/2692/1233
f  1758/2649/1200 1762/2653/1204 1796/2699/1238
f  1796/2699/1238 1791/2692/1233 1758/2649/1200
f  1797/2700/1239 1792/2701/1234 1738/2618/1180
f  1738/2618/1180 1740/2617/1182 1797/2700/1239
f  1798/2702/1240 1793/2703/1235 1792/2701/1234
f  1792/2701/1234 1797/2700/1239 1798/2702/1240
f  1799/2704/1241 1794/2705/1236 1793/2703/1235
f  1793/2703/1235 1798/2702/1240 1799/2704/1241
f  1765/2658/1207 1763/2657/1205 1794/2705/1236
f  1794/2705/1236 1799/2704/1241 1765/2658/1207
f  1795/2706/1236 1800/2707/1242 1715/2708/1243
f  1715/2708/1243 1713/2709/1237 1795/2706/1236
f  1796/2710/1238 1801/2711/1244 1800/2707/1242
f  1800/2707/1242 1795/2706/1236 1796/2710/1238
f  1762/2656/1204 1764/2655/1206 1801/2711/1244
f  1801/2711/1244 1796/2710/1238 1762/2656/1204
f  1802/2712/1245 1797/2700/1239 1740/2617/1182
f  1740/2617/1182 1742/2621/1184 1802/2712/1245
f  1803/2713/1246 1798/2702/1240 1797/2700/1239
f  1797/2700/1239 1802/2712/1245 1803/2713/1246
f  1804/2714/1247 1799/2704/1241 1798/2702/1240
f  1798/2702/1240 1803/2713/1246 1804/2714/1247
f  1767/2660/1209 1765/2658/1207 1799/2704/1241
f  1799/2704/1241 1804/2714/1247 1767/2660/1209
f  1800/2707/1242 1805/2715/1248 1717/2716/1249
f  1717/2716/1249 1715/2708/1243 1800/2707/1242
f  1801/2711/1244 1806/2717/1250 1805/2715/1248
f  1805/2715/1248 1800/2707/1242 1801/2711/1244
f  1764/2655/1206 1766/2659/1208 1806/2717/1250
f  1806/2717/1250 1801/2711/1244 1764/2655/1206
f  1807/2718/1251 1802/2712/1245 1742/2621/1184
f  1742/2621/1184 1744/2719/1186 1807/2718/1251
f  1808/2720/1252 1803/2713/1246 1802/2712/1245
f  1802/2712/1245 1807/2718/1251 1808/2720/1252
f  1809/2721/1253 1804/2714/1247 1803/2713/1246
f  1803/2713/1246 1808/2720/1252 1809/2721/1253
f  1769/2662/1211 1767/2660/1209 1804/2714/1247
f  1804/2714/1247 1809/2721/1253 1769/2662/1211
f  1805/2715/1248 1810/2722/1254 1719/2723/1255
f  1719/2723/1255 1717/2716/1249 1805/2715/1248
f  1806/2717/1250 1811/2724/1256 1810/2722/1254
f  1810/2722/1254 1805/2715/1248 1806/2717/1250
f  1766/2659/1208 1768/2661/1210 1811/2724/1256
f  1811/2724/1256 1806/2717/1250 1766/2659/1208
f  1812/2725/1257 1807/2726/1251 1744/2628/1186
f  1744/2628/1186 1746/2627/1188 1812/2725/1257
f  1813/2727/1258 1808/2728/1252 1807/2726/1251
f  1807/2726/1251 1812/2725/1257 1813/2727/1258
f  1814/2729/1259 1809/2730/1253 1808/2728/1252
f  1808/2728/1252 1813/2727/1258 1814/2729/1259
f  1771/2666/1213 1769/2665/1211 1809/2730/1253
f  1809/2730/1253 1814/2729/1259 1771/2666/1213
f  1810/2731/1254 1815/2732/1260 1721/2733/1261
f  1721/2733/1261 1719/2734/1255 1810/2731/1254
f  1811/2735/1256 1816/2736/1262 1815/2732/1260
f  1815/2732/1260 1810/2731/1254 1811/2735/1256
f  1768/2664/1210 1770/2663/1212 1816/2736/1262
f  1816/2736/1262 1811/2735/1256 1768/2664/1210
f  1817/2737/1263 1812/2725/1257 1746/2627/1188
f  1746/2627/1188 1748/2631/1190 1817/2737/1263
f  1818/2738/1264 1813/2727/1258 1812/2725/1257
f  1812/2725/1257 1817/2737/1263 1818/2738/1264
f  1819/2739/1265 1814/2729/1259 1813/2727/1258
f  1813/2727/1258 1818/2738/1264 1819/2739/1265
f  1773/2668/1215 1771/2666/1213 1814/2729/1259
f  1814/2729/1259 1819/2739/1265 1773/2668/1215
f  1815/2732/1260 1820/2740/1266 1723/2741/1267
f  1723/2741/1267 1721/2733/1261 1815/2732/1260
f  1816/2736/1262 1821/2742/1268 1820/2740/1266
f  1820/2740/1266 1815/2732/1260 1816/2736/1262
f  1770/2663/1212 1772/2667/1214 1821/2742/1268
f  1821/2742/1268 1816/2736/1262 1770/2663/1212
f  1822/2743/1269 1817/2737/1263 1748/2631/1190
f  1748/2631/1190 1750/2744/1192 1822/2743/1269
f  1823/2745/1270 1818/2738/1264 1817/2737/1263
f  1817/2737/1263 1822/2743/1269 1823/2745/1270
f  1824/2746/1271 1819/2739/1265 1818/2738/1264
f  1818/2738/1264 1823/2745/1270 1824/2746/1271
f  1775/2670/1217 1773/2668/1215 1819/2739/1265
f  1819/2739/1265 1824/2746/1271 1775/2670/1217
f  1820/2740/1266 1825/2747/1272 1725/2748/1273
f  1725/2748/1273 1723/2741/1267 1820/2740/1266
f  1821/2742/1268 1826/2749/1274 1825/2747/1272
f  1825/2747/1272 1820/2740/1266 1821/2742/1268
f  1772/2667/1214 1774/2669/1216 1826/2749/1274
f  1826/2749/1274 1821/2742/1268 1772/2667/1214
f  1827/2750/1275 1822/2751/1269 1750/2638/1192
f  1750/2638/1192 1752/2637/1194 1827/2750/1275
f  1828/2752/1276 1823/2753/1270 1822/2751/1269
f  1822/2751/1269 1827/2750/1275 1828/2752/1276
f  1829/2754/1277 1824/2755/1271 1823/2753/1270
f  1823/2753/1270 1828/2752/1276 1829/2754/1277
f  1777/2674/1219 1775/2673/1217 1824/2755/1271
f  1824/2755/1271 1829/2754/1277 1777/2674/1219
f  1825/2756/1272 1830/2757/1278 1727/2758/1279
f  1727/2758/1279 1725/2759/1273 1825/2756/1272
f  1826/2760/1274 1831/2761/1280 1830/2757/1278
f  1830/2757/1278 1825/2756/1272 1826/2760/1274
f  1774/2672/1216 1776/2671/1218 1831/2761/1280
f  1831/2761/1280 1826/2760/1274 1774/2672/1216
f  1832/2762/1281 1827/2750/1275 1752/2637/1194
f  1752/2637/1194 1754/2641/1196 1832/2762/1281
f  1833/2763/1282 1828/2752/1276 1827/2750/1275
f  1827/2750/1275 1832/2762/1281 1833/2763/1282
f  1834/2764/1283 1829/2754/1277 1828/2752/1276
f  1828/2752/1276 1833/2763/1282 1834/2764/1283
f  1779/2676/1221 1777/2674/1219 1829/2754/1277
f  1829/2754/1277 1834/2764/1283 1779/2676/1221
f  1830/2757/1278 1835/2765/1284 1729/2766/1285
f  1729/2766/1285 1727/2758/1279 1830/2757/1278
f  1831/2761/1280 1836/2767/1286 1835/2765/1284
f  1835/2765/1284 1830/2757/1278 1831/2761/1280
f  1776/2671/1218 1778/2675/1220 1836/2767/1286
f  1836/2767/1286 1831/2761/1280 1776/2671/1218
f  1837/2768/1287 1832/2762/1281 1754/2641/1196
f  1754/2641/1196 1756/2769/1198 1837/2768/1287
f  1838/2770/1288 1833/2763/1282 1832/2762/1281
f  1832/2762/1281 1837/2768/1287 1838/2770/1288
f  1839/2771/1289 1834/2764/1283 1833/2763/1282
f  1833/2763/1282 1838/2770/1288 1839/2771/1289
f  1781/2678/1223 1779/2676/1221 1834/2764/1283
f  1834/2764/1283 1839/2771/1289 1781/2678/1223
f  1835/2765/1284 1840/2772/1290 1731/2773/1291
f  1731/2773/1291 1729/2766/1285 1835/2765/1284
f  1836/2767/1286 1841/2774/1292 1840/2772/1290
f  1840/2772/1290 1835/2765/1284 1836/2767/1286
f  1778/2675/1220 1780/2677/1222 1841/2774/1292
f  1841/2774/1292 1836/2767/1286 1778/2675/1220
f  1783/2682/1224 1837/2775/1287 1756/2647/1198
f  1756/2647/1198 1735/2610/1177 1783/2682/1224
f  1785/2684/1226 1838/2776/1288 1837/2775/1287
f  1837/2775/1287 1783/2682/1224 1785/2684/1226
f  1787/2686/1227 1839/2777/1289 1838/2776/1288
f  1838/2776/1288 1785/2684/1226 1787/2686/1227
f  1760/2651/1202 1781/2680/1223 1839/2777/1289
f  1839/2777/1289 1787/2686/1227 1760/2651/1202
f  1840/2778/1290 1788/2687/1228 1709/2690/1231
f  1709/2690/1231 1731/2779/1291 1840/2778/1290
f  1841/2780/1292 1790/2691/1232 1788/2687/1228
f  1788/2687/1228 1840/2778/1290 1841/2780/1292
f  1780/2679/1222 1759/2650/1201 1790/2691/1232
f  1790/2691/1232 1841/2780/1292 1780/2679/1222
f  1842/2781/1293 1843/2782/1294 1844/2783/1295
f  1844/2783/1295 1845/2784/1296 1842/2781/1293
f  1846/2785/1297 1843/2786/1294 1847/2787/1298
f  1847/2787/1298 1848/2788/1299 1846/2785/1297
f  1846/2785/1297 1849/2789/1300 1850/2790/1301
f  1850/2790/1301 1851/2791/1302 1846/2785/1297
f  1852/2792/1303 1853/2793/1304 1849/2789/1300
f  1849/2789/1300 1854/2794/1305 1852/2792/1303
f  1845/2784/1296 1844/2783/1295 1855/2795/1306
f  1855/2795/1306 1856/2796/1307 1845/2784/1296
f  1851/2797/1302 1850/2798/1301 1857/2799/1308
f  1857/2799/1308 1858/2800/1309 1851/2797/1302
f  1842/2801/1293 1859/2802/1310 1860/2803/1311
f  1860/2803/1311 1861/2804/1312 1842/2801/1293
f  1845/2784/1296 1856/2796/1307 1859/2805/1310
f  1859/2805/1310 1842/2781/1293 1845/2784/1296
f  1862/2806/1313 1855/2807/1306 1858/2800/1309
f  1858/2800/1309 1863/2808/1314 1862/2806/1313
f  1864/2809/1315 1857/2799/1308 1865/2810/1316
f  1865/2810/1316 1866/2811/940 1864/2809/1315
f  1859/2805/1310 1856/2796/1307 1867/2812/1317
f  1867/2812/1317 1868/2813/1318 1859/2805/1310
f  1860/2803/1311 1859/2802/1310 1868/2814/1318
f  1868/2814/1318 1869/2815/1319 1860/2803/1311
f  1870/2816/1320 1871/2817/1321 1872/2818/1322
f  1872/2818/1322 1873/2819/1323 1870/2816/1320
f  1874/2820/1324 1873/2821/1323 1875/2822/1325
f  1875/2822/1325 1876/2823/1326 1874/2820/1324
f  1875/2822/1325 1877/2824/1327 1878/2825/1328
f  1878/2825/1328 1879/2826/1329 1875/2822/1325
f  1880/2827/1330 1881/2828/1331 1879/2826/1329
f  1879/2826/1329 1882/2829/1332 1880/2827/1330
f  1883/2830/1333 1872/2818/1322 1871/2817/1321
f  1871/2817/1321 1884/2831/1334 1883/2830/1333
f  1885/2832/1335 1878/2833/1328 1877/2834/1327
f  1877/2834/1327 1886/2835/1336 1885/2832/1335
f  1870/2836/1320 1887/2837/1337 1888/2838/1338
f  1888/2838/1338 1889/2839/1339 1870/2836/1320
f  1871/2817/1321 1870/2816/1320 1889/2840/1339
f  1889/2840/1339 1884/2831/1334 1871/2817/1321
f  1886/2835/1336 1883/2841/1333 1862/2806/1313
f  1862/2806/1313 1863/2808/1314 1886/2835/1336
f  1890/2842/1340 1885/2832/1335 1864/2809/1315
f  1864/2809/1315 1866/2811/940 1890/2842/1340
f  1889/2840/1339 1868/2813/1318 1867/2812/1317
f  1867/2812/1317 1884/2831/1334 1889/2840/1339
f  1888/2838/1338 1869/2815/1319 1868/2814/1318
f  1868/2814/1318 1889/2839/1339 1888/2838/1338
f  1849/2789/1300 1853/2793/1304 1891/2843/1341
f  1891/2843/1341 1850/2790/1301 1849/2789/1300
f  1849/2789/1300 1846/2785/1297 1848/2788/1299
f  1848/2788/1299 1854/2794/1305 1849/2789/1300
f  1850/2798/1301 1891/2844/1341 1865/2810/1316
f  1865/2810/1316 1857/2799/1308 1850/2798/1301
f  1863/2808/1314 1858/2800/1309 1857/2799/1308
f  1857/2799/1308 1864/2809/1315 1863/2808/1314
f  1892/2845/1342 1882/2829/1332 1879/2826/1329
f  1879/2826/1329 1878/2825/1328 1892/2845/1342
f  1876/2823/1326 1875/2822/1325 1879/2826/1329
f  1879/2826/1329 1881/2828/1331 1876/2823/1326
f  1890/2842/1340 1892/2846/1342 1878/2833/1328
f  1878/2833/1328 1885/2832/1335 1890/2842/1340
f  1886/2835/1336 1863/2808/1314 1864/2809/1315
f  1864/2809/1315 1885/2832/1335 1886/2835/1336
f  1843/2847/1294 1846/2848/1297 1851/2849/1302
f  1851/2850/1302 1844/2851/1295 1843/2852/1294
f  1843/2786/1294 1842/2853/1293 1861/2854/1312
f  1861/2854/1312 1847/2787/1298 1843/2786/1294
f  1844/2855/1295 1851/2797/1302 1858/2800/1309
f  1858/2800/1309 1855/2807/1306 1844/2855/1295
f  1867/2812/1317 1856/2796/1307 1855/2795/1306
f  1855/2795/1306 1862/2856/1313 1867/2812/1317
f  1877/2857/1327 1875/2858/1325 1873/2859/1323
f  1873/2860/1323 1872/2861/1322 1877/2862/1327
f  1887/2863/1337 1870/2864/1320 1873/2821/1323
f  1873/2821/1323 1874/2820/1324 1887/2863/1337
f  1886/2835/1336 1877/2834/1327 1872/2865/1322
f  1872/2865/1322 1883/2841/1333 1886/2835/1336
f  1884/2831/1334 1867/2812/1317 1862/2856/1313
f  1862/2856/1313 1883/2830/1333 1884/2831/1334
f  1893/2866/1343 1894/2867/1344 1895/2868/1345
f  1895/2868/1345 1896/2869/1346 1893/2866/1343
f  1897/2870/1347 1898/2871/1348 1899/2872/1349
f  1899/2872/1349 1896/2873/1346 1897/2870/1347
f  1897/2870/1347 1900/2874/1350 1901/2875/1351
f  1901/2875/1351 1902/2876/1352 1897/2870/1347
f  1852/2792/1303 1903/2877/1353 1902/2876/1352
f  1902/2876/1352 1853/2793/1304 1852/2792/1303
f  1894/2867/1344 1904/2878/1354 1905/2879/1355
f  1905/2879/1355 1895/2868/1345 1894/2867/1344
f  1900/2880/1350 1906/2881/1356 1907/2882/1357
f  1907/2882/1357 1901/2883/1351 1900/2880/1350
f  1893/2884/1343 1908/2885/1358 1909/2886/1359
f  1909/2886/1359 1910/2887/1360 1893/2884/1343
f  1894/2867/1344 1893/2866/1343 1910/2888/1360
f  1910/2888/1360 1904/2878/1354 1894/2867/1344
f  1911/2889/1361 1912/2890/1362 1906/2881/1356
f  1906/2881/1356 1905/2891/1355 1911/2889/1361
f  1913/2892/1363 1866/2811/940 1865/2810/1316
f  1865/2810/1316 1907/2882/1357 1913/2892/1363
f  1910/2888/1360 1914/2893/1364 1915/2894/1365
f  1915/2894/1365 1904/2878/1354 1910/2888/1360
f  1909/2886/1359 1916/2895/1366 1914/2896/1364
f  1914/2896/1364 1910/2887/1360 1909/2886/1359
f  1917/2897/1367 1918/2898/1368 1919/2899/1369
f  1919/2899/1369 1920/2900/1370 1917/2897/1367
f  1921/2901/1371 1922/2902/1372 1923/2903/1373
f  1923/2903/1373 1918/2904/1368 1921/2901/1371
f  1923/2903/1373 1924/2905/1374 1925/2906/1375
f  1925/2906/1375 1926/2907/1376 1923/2903/1373
f  1880/2827/1330 1882/2829/1332 1924/2905/1374
f  1924/2905/1374 1927/2908/1377 1880/2827/1330
f  1928/2909/1378 1929/2910/1379 1920/2900/1370
f  1920/2900/1370 1919/2899/1369 1928/2909/1378
f  1930/2911/1380 1931/2912/1381 1926/2913/1376
f  1926/2913/1376 1925/2914/1375 1930/2911/1380
f  1917/2915/1367 1932/2916/1382 1933/2917/1383
f  1933/2917/1383 1934/2918/1384 1917/2915/1367
f  1920/2900/1370 1929/2910/1379 1932/2919/1382
f  1932/2919/1382 1917/2897/1367 1920/2900/1370
f  1931/2912/1381 1912/2890/1362 1911/2889/1361
f  1911/2889/1361 1928/2920/1378 1931/2912/1381
f  1890/2842/1340 1866/2811/940 1913/2892/1363
f  1913/2892/1363 1930/2911/1380 1890/2842/1340
f  1932/2919/1382 1929/2910/1379 1915/2894/1365
f  1915/2894/1365 1914/2893/1364 1932/2919/1382
f  1933/2917/1383 1932/2916/1382 1914/2896/1364
f  1914/2896/1364 1916/2895/1366 1933/2917/1383
f  1902/2876/1352 1901/2875/1351 1891/2843/1341
f  1891/2843/1341 1853/2793/1304 1902/2876/1352
f  1902/2876/1352 1903/2877/1353 1898/2871/1348
f  1898/2871/1348 1897/2870/1347 1902/2876/1352
f  1901/2883/1351 1907/2882/1357 1865/2810/1316
f  1865/2810/1316 1891/2844/1341 1901/2883/1351
f  1912/2890/1362 1913/2892/1363 1907/2882/1357
f  1907/2882/1357 1906/2881/1356 1912/2890/1362
f  1892/2845/1342 1925/2906/1375 1924/2905/1374
f  1924/2905/1374 1882/2829/1332 1892/2845/1342
f  1922/2902/1372 1927/2908/1377 1924/2905/1374
f  1924/2905/1374 1923/2903/1373 1922/2902/1372
f  1890/2842/1340 1930/2911/1380 1925/2914/1375
f  1925/2914/1375 1892/2846/1342 1890/2842/1340
f  1931/2912/1381 1930/2911/1380 1913/2892/1363
f  1913/2892/1363 1912/2890/1362 1931/2912/1381
f  1896/2921/1346 1895/2922/1345 1900/2923/1350
f  1900/2924/1350 1897/2925/1347 1896/2926/1346
f  1896/2873/1346 1899/2872/1349 1908/2927/1358
f  1908/2927/1358 1893/2928/1343 1896/2873/1346
f  1895/2929/1345 1905/2891/1355 1906/2881/1356
f  1906/2881/1356 1900/2880/1350 1895/2929/1345
f  1915/2894/1365 1911/2930/1361 1905/2879/1355
f  1905/2879/1355 1904/2878/1354 1915/2894/1365
f  1926/2931/1376 1919/2932/1369 1918/2933/1368
f  1918/2934/1368 1923/2935/1373 1926/2936/1376
f  1934/2937/1384 1921/2901/1371 1918/2904/1368
f  1918/2904/1368 1917/2938/1367 1934/2937/1384
f  1931/2912/1381 1928/2920/1378 1919/2939/1369
f  1919/2939/1369 1926/2913/1376 1931/2912/1381
f  1929/2910/1379 1928/2909/1378 1911/2930/1361
f  1911/2930/1361 1915/2894/1365 1929/2910/1379
f  1935/2940/1385 1936/2941/1386 1937/2942/1387
f  1937/2942/1387 1938/2943/1388 1935/2940/1385
f  1939/2944/1389 1936/2945/1386 1940/2946/1390
f  1940/2946/1390 1941/2947/1391 1939/2944/1389
f  1939/2944/1389 1942/2948/1392 1943/2949/1393
f  1943/2949/1393 1944/2950/1394 1939/2944/1389
f  1945/2951/1395 1946/2952/1396 1942/2948/1392
f  1942/2948/1392 1947/2953/1397 1945/2951/1395
f  1938/2943/1388 1937/2942/1387 1948/2954/1398
f  1948/2954/1398 1949/2955/1399 1938/2943/1388
f  1944/2956/1394 1943/2957/1393 1950/2958/1400
f  1950/2958/1400 1951/2959/1401 1944/2956/1394
f  1935/2960/1385 1952/2961/1402 1953/2962/1403
f  1953/2962/1403 1954/2963/1404 1935/2960/1385
f  1938/2943/1388 1949/2955/1399 1952/2964/1402
f  1952/2964/1402 1935/2940/1385 1938/2943/1388
f  1955/2965/1405 1948/2966/1398 1951/2959/1401
f  1951/2959/1401 1956/2967/1406 1955/2965/1405
f  1957/2968/1407 1950/2958/1400 1958/2969/1408
f  1958/2969/1408 1959/2970/1013 1957/2968/1407
f  1952/2964/1402 1949/2955/1399 1960/2971/1409
f  1960/2971/1409 1961/2972/1410 1952/2964/1402
f  1953/2962/1403 1952/2961/1402 1961/2973/1410
f  1961/2973/1410 1962/2974/1411 1953/2962/1403
f  1963/2975/1412 1964/2976/1413 1965/2977/1414
f  1965/2977/1414 1966/2978/1415 1963/2975/1412
f  1967/2979/1416 1966/2980/1415 1968/2981/1417
f  1968/2981/1417 1969/2982/1418 1967/2979/1416
f  1968/2981/1417 1970/2983/1419 1971/2984/1420
f  1971/2984/1420 1972/2985/1421 1968/2981/1417
f  1973/2986/1422 1974/2987/1423 1972/2985/1421
f  1972/2985/1421 1975/2988/1424 1973/2986/1422
f  1976/2989/1425 1965/2977/1414 1964/2976/1413
f  1964/2976/1413 1977/2990/1426 1976/2989/1425
f  1978/2991/1427 1971/2992/1420 1970/2993/1419
f  1970/2993/1419 1979/2994/1428 1978/2991/1427
f  1963/2995/1412 1980/2996/1429 1981/2997/1430
f  1981/2997/1430 1982/2886/1431 1963/2995/1412
f  1964/2976/1413 1963/2975/1412 1982/2998/1431
f  1982/2998/1431 1977/2990/1426 1964/2976/1413
f  1979/2994/1428 1976/2999/1425 1955/2965/1405
f  1955/2965/1405 1956/2967/1406 1979/2994/1428
f  1983/3000/1432 1978/2991/1427 1957/2968/1407
f  1957/2968/1407 1959/2970/1013 1983/3000/1432
f  1982/2998/1431 1961/2972/1410 1960/2971/1409
f  1960/2971/1409 1977/2990/1426 1982/2998/1431
f  1981/2997/1430 1962/2974/1411 1961/2973/1410
f  1961/2973/1410 1982/2886/1431 1981/2997/1430
f  1942/2948/1392 1946/2952/1396 1984/3001/1433
f  1984/3001/1433 1943/2949/1393 1942/2948/1392
f  1942/2948/1392 1939/2944/1389 1941/2947/1391
f  1941/2947/1391 1947/2953/1397 1942/2948/1392
f  1943/2957/1393 1984/3002/1433 1958/2969/1408
f  1958/2969/1408 1950/2958/1400 1943/2957/1393
f  1956/2967/1406 1951/2959/1401 1950/2958/1400
f  1950/2958/1400 1957/2968/1407 1956/2967/1406
f  1985/3003/1434 1975/2988/1424 1972/2985/1421
f  1972/2985/1421 1971/2984/1420 1985/3003/1434
f  1969/2982/1418 1968/2981/1417 1972/2985/1421
f  1972/2985/1421 1974/2987/1423 1969/2982/1418
f  1983/3000/1432 1985/3004/1434 1971/2992/1420
f  1971/2992/1420 1978/2991/1427 1983/3000/1432
f  1979/2994/1428 1956/2967/1406 1957/2968/1407
f  1957/2968/1407 1978/2991/1427 1979/2994/1428
f  1936/3005/1386 1939/3006/1389 1944/3007/1394
f  1944/3008/1394 1937/3009/1387 1936/3010/1386
f  1936/2945/1386 1935/3011/1385 1954/3012/1404
f  1954/3012/1404 1940/2946/1390 1936/2945/1386
f  1937/3013/1387 1944/2956/1394 1951/2959/1401
f  1951/2959/1401 1948/2966/1398 1937/3013/1387
f  1960/2971/1409 1949/2955/1399 1948/2954/1398
f  1948/2954/1398 1955/3014/1405 1960/2971/1409
f  1970/3015/1419 1968/3016/1417 1966/3017/1415
f  1966/3018/1415 1965/3019/1414 1970/3020/1419
f  1980/3021/1429 1963/3022/1412 1966/2980/1415
f  1966/2980/1415 1967/2979/1416 1980/3021/1429
f  1979/2994/1428 1970/2993/1419 1965/3023/1414
f  1965/3023/1414 1976/2999/1425 1979/2994/1428
f  1977/2990/1426 1960/2971/1409 1955/3014/1405
f  1955/3014/1405 1976/2989/1425 1977/2990/1426
f  1986/3024/1435 1987/3025/1436 1988/3026/1437
f  1988/3026/1437 1989/3027/1438 1986/3024/1435
f  1990/3028/1439 1991/3029/1440 1992/3030/1441
f  1992/3030/1441 1989/3031/1438 1990/3028/1439
f  1990/3028/1439 1993/3032/1442 1994/3033/1443
f  1994/3033/1443 1995/3034/1444 1990/3028/1439
f  1945/2951/1395 1996/3035/1445 1995/3034/1444
f  1995/3034/1444 1946/2952/1396 1945/2951/1395
f  1987/3025/1436 1997/3036/1446 1998/3037/1447
f  1998/3037/1447 1988/3026/1437 1987/3025/1436
f  1993/3038/1442 1999/3039/1448 2000/3040/1449
f  2000/3040/1449 1994/3041/1443 1993/3038/1442
f  1986/3042/1435 2001/3043/1450 2002/3044/1451
f  2002/3044/1451 2003/3045/1452 1986/3042/1435
f  1987/3025/1436 1986/3024/1435 2003/3046/1452
f  2003/3046/1452 1997/3036/1446 1987/3025/1436
f  2004/3047/1453 2005/3048/1454 1999/3039/1448
f  1999/3039/1448 1998/3049/1447 2004/3047/1453
f  2006/3050/1455 1959/2970/1013 1958/2969/1408
f  1958/2969/1408 2000/3040/1449 2006/3050/1455
f  2003/3046/1452 2007/3051/1456 2008/3052/1457
f  2008/3052/1457 1997/3036/1446 2003/3046/1452
f  2002/3044/1451 2009/3053/1458 2007/3054/1456
f  2007/3054/1456 2003/3045/1452 2002/3044/1451
f  2010/3055/1459 2011/3056/1460 2012/3057/1461
f  2012/3057/1461 2013/3058/1462 2010/3055/1459
f  2014/3059/1463 2015/3060/1464 2016/3061/1465
f  2016/3061/1465 2011/3062/1460 2014/3059/1463
f  2016/3061/1465 2017/3063/1466 2018/3064/1467
f  2018/3064/1467 2019/3065/1468 2016/3061/1465
f  1973/2986/1422 1975/2988/1424 2017/3063/1466
f  2017/3063/1466 2020/3066/1469 1973/2986/1422
f  2021/3067/1470 2022/3068/1471 2013/3058/1462
f  2013/3058/1462 2012/3057/1461 2021/3067/1470
f  2023/3069/1472 2024/3070/1473 2019/3071/1468
f  2019/3071/1468 2018/3072/1467 2023/3069/1472
f  2010/3073/1459 2025/3074/1474 2026/3075/1475
f  2026/3075/1475 2027/3076/1476 2010/3073/1459
f  2013/3058/1462 2022/3068/1471 2025/3077/1474
f  2025/3077/1474 2010/3055/1459 2013/3058/1462
f  2024/3070/1473 2005/3048/1454 2004/3047/1453
f  2004/3047/1453 2021/3078/1470 2024/3070/1473
f  1983/3000/1432 1959/2970/1013 2006/3050/1455
f  2006/3050/1455 2023/3069/1472 1983/3000/1432
f  2025/3077/1474 2022/3068/1471 2008/3052/1457
f  2008/3052/1457 2007/3051/1456 2025/3077/1474
f  2026/3075/1475 2025/3074/1474 2007/3054/1456
f  2007/3054/1456 2009/3053/1458 2026/3075/1475
f  1995/3034/1444 1994/3033/1443 1984/3001/1433
f  1984/3001/1433 1946/2952/1396 1995/3034/1444
f  1995/3034/1444 1996/3035/1445 1991/3029/1440
f  1991/3029/1440 1990/3028/1439 1995/3034/1444
f  1994/3041/1443 2000/3040/1449 1958/2969/1408
f  1958/2969/1408 1984/3002/1433 1994/3041/1443
f  2005/3048/1454 2006/3050/1455 2000/3040/1449
f  2000/3040/1449 1999/3039/1448 2005/3048/1454
f  1985/3003/1434 2018/3064/1467 2017/3063/1466
f  2017/3063/1466 1975/2988/1424 1985/3003/1434
f  2015/3060/1464 2020/3066/1469 2017/3063/1466
f  2017/3063/1466 2016/3061/1465 2015/3060/1464
f  1983/3000/1432 2023/3069/1472 2018/3072/1467
f  2018/3072/1467 1985/3004/1434 1983/3000/1432
f  2024/3070/1473 2023/3069/1472 2006/3050/1455
f  2006/3050/1455 2005/3048/1454 2024/3070/1473
f  1989/3079/1438 1988/3080/1437 1993/3081/1442
f  1993/3082/1442 1990/3083/1439 1989/3084/1438
f  1989/3031/1438 1992/3030/1441 2001/3085/1450
f  2001/3085/1450 1986/3086/1435 1989/3031/1438
f  1988/3087/1437 1998/3049/1447 1999/3039/1448
f  1999/3039/1448 1993/3038/1442 1988/3087/1437
f  2008/3052/1457 2004/3088/1453 1998/3037/1447
f  1998/3037/1447 1997/3036/1446 2008/3052/1457
f  2019/3089/1468 2012/3090/1461 2011/3091/1460
f  2011/3092/1460 2016/3093/1465 2019/3094/1468
f  2027/3095/1476 2014/3059/1463 2011/3062/1460
f  2011/3062/1460 2010/3096/1459 2027/3095/1476
f  2024/3070/1473 2021/3078/1470 2012/3097/1461
f  2012/3097/1461 2019/3071/1468 2024/3070/1473
f  2022/3068/1471 2021/3067/1470 2004/3088/1453
f  2004/3088/1453 2008/3052/1457 2022/3068/1471
f  1733/2608/1175 1716/2591/1158 1718/2593/1160
f  1733/2608/1175 1724/2599/1166 1726/2601/1168
f  1730/2605/1172 1732/2607/1174 1733/2608/1175
f  1733/2608/1175 1711/2586/1153 1714/2589/1156
f  2028/3098/1477 2029/3099/1478 2030/3100/1479
f  2030/3100/1479 2031/3101/1480 2028/3098/1477
f  2029/3099/1478 2032/3102/1481 2033/3103/1482
f  2033/3103/1482 2030/3100/1479 2029/3099/1478
f  2032/3102/1481 2034/3104/1483 2035/3105/1484
f  2035/3105/1484 2033/3103/1482 2032/3102/1481
f  2034/3104/1483 2036/3106/1485 2037/3107/1486
f  2037/3107/1486 2035/3105/1484 2034/3104/1483
f  2036/3106/1485 2038/3108/1487 2039/3109/1488
f  2039/3109/1488 2037/3107/1486 2036/3106/1485
f  2038/3108/1487 2040/3110/1489 2041/3111/1490
f  2041/3111/1490 2039/3109/1488 2038/3108/1487
f  2040/3110/1489 2042/3112/1491 2043/3113/1492
f  2043/3113/1492 2041/3111/1490 2040/3110/1489
f  2042/3112/1491 2044/3114/1493 2045/3115/1494
f  2045/3115/1494 2043/3113/1492 2042/3112/1491
f  2044/3114/1493 2046/3116/1495 2047/3117/1496
f  2047/3117/1496 2045/3115/1494 2044/3114/1493
f  2046/3116/1495 2048/3118/1497 2049/3119/1498
f  2049/3119/1498 2047/3117/1496 2046/3116/1495
f  2048/3118/1497 2050/3120/1499 2051/3121/1500
f  2051/3121/1500 2049/3119/1498 2048/3118/1497
f  2050/3120/1499 2028/3098/1477 2031/3101/1480
f  2031/3101/1480 2051/3121/1500 2050/3120/1499
f  2052/3122/1501 2033/3103/1482 2035/3105/1484
f  2052/3122/1501 2051/3121/1500 2031/3101/1480
f  2052/3122/1501 2037/3107/1486 2039/3109/1488
f  2043/3113/1492 2052/3122/1501 2041/3111/1490
f  2052/3122/1501 2039/3109/1488 2041/3111/1490
f  2030/3100/1479 2052/3122/1501 2031/3101/1480
f  2052/3122/1501 2045/3115/1494 2047/3117/1496
f  2049/3119/1498 2052/3122/1501 2047/3117/1496
f  2053/3123/1502 2054/3124/1503 2055/3125/1504
f  2055/3125/1504 2056/3126/1505 2053/3123/1502
f  2057/3127/1506 2053/3128/1502 2056/3129/1505
f  2056/3129/1505 2058/3130/1507 2057/3127/1506
f  2059/3131/1508 2057/3132/1506 2058/3133/1507
f  2058/3133/1507 2060/3134/1509 2059/3131/1508
f  2061/3135/1510 2059/3131/1508 2060/3134/1509
f  2060/3134/1509 2062/3136/1511 2061/3135/1510
f  2063/3137/1512 2061/3138/1510 2062/3139/1511
f  2062/3139/1511 2064/3140/1513 2063/3137/1512
f  2065/3141/1514 2063/3142/1512 2064/3143/1513
f  2064/3143/1513 2066/3144/1515 2065/3141/1514
f  2067/3145/1516 2065/3141/1514 2066/3144/1515
f  2066/3144/1515 2068/3146/1517 2067/3145/1516
f  2069/3147/1518 2067/3148/1516 2068/3149/1517
f  2068/3149/1517 2070/3150/1519 2069/3147/1518
f  2071/3151/1520 2069/3152/1518 2070/3153/1519
f  2070/3153/1519 2072/3154/1521 2071/3151/1520
f  2073/3155/1522 2071/3151/1520 2072/3154/1521
f  2072/3154/1521 2074/3156/1523 2073/3155/1522
f  2075/3157/1524 2073/3158/1522 2074/3159/1523
f  2074/3159/1523 2076/3160/1525 2075/3157/1524
f  2054/3124/1503 2075/3161/1524 2076/3162/1525
f  2076/3162/1525 2055/3125/1504 2054/3124/1503
f  2077/3163/1526 2078/3164/1527 2079/3165/1528
f  2079/3165/1528 2080/3166/1529 2077/3163/1526
f  2081/3167/1530 2077/3163/1526 2080/3166/1529
f  2080/3166/1529 2082/3168/1530 2081/3167/1530
f  2083/3169/1531 2081/3170/1530 2082/3171/1530
f  2082/3171/1530 2084/3172/1532 2083/3169/1531
f  2085/3173/1533 2083/3169/1531 2084/3172/1532
f  2084/3172/1532 2086/3174/1534 2085/3173/1533
f  2087/3175/1535 2085/3176/1533 2086/3177/1534
f  2086/3177/1534 2088/3178/1536 2087/3175/1535
f  2089/3179/1537 2087/3175/1535 2088/3178/1536
f  2088/3178/1536 2090/3180/1538 2089/3179/1537
f  2091/3181/1539 2089/3179/1537 2090/3180/1538
f  2090/3180/1538 2092/3182/1540 2091/3181/1539
f  2093/3183/1541 2091/3184/1539 2092/3185/1540
f  2092/3185/1540 2094/3186/1542 2093/3183/1541
f  2095/3187/1543 2093/3183/1541 2094/3186/1542
f  2094/3186/1542 2096/3188/1544 2095/3187/1543
f  2097/3189/1545 2095/3187/1543 2096/3188/1544
f  2096/3188/1544 2098/3190/1546 2097/3189/1545
f  2099/3191/1547 2097/3189/1545 2098/3190/1546
f  2098/3190/1546 2100/3192/1548 2099/3191/1547
f  2078/3164/1527 2099/3193/1547 2100/3194/1548
f  2100/3194/1548 2079/3165/1528 2078/3164/1527
f  2101/3195/1526 2102/3196/1549 2054/3124/1503
f  2054/3124/1503 2053/3123/1502 2101/3195/1526
f  2103/3197/1529 2104/3198/1550 2102/3196/1549
f  2102/3196/1549 2101/3195/1526 2103/3197/1529
f  2105/3199/1551 2106/3200/1552 2104/3198/1550
f  2104/3198/1550 2103/3197/1529 2105/3199/1551
f  2080/3166/1529 2079/3165/1528 2106/3200/1552
f  2106/3200/1552 2105/3199/1551 2080/3166/1529
f  2107/3201/1553 2108/3202/1554 2029/3203/1555
f  2029/3203/1555 2028/3204/1556 2107/3201/1553
f  2109/3205/1557 2110/3206/1558 2108/3202/1554
f  2108/3202/1554 2107/3201/1553 2109/3205/1557
f  2078/3164/1527 2077/3163/1526 2110/3206/1558
f  2110/3206/1558 2109/3205/1557 2078/3164/1527
f  2111/3207/1559 2101/3195/1526 2053/3123/1502
f  2053/3123/1502 2057/3208/1506 2111/3207/1559
f  2112/3209/1560 2103/3197/1529 2101/3195/1526
f  2101/3195/1526 2111/3207/1559 2112/3209/1560
f  2113/3210/1561 2105/3199/1551 2103/3197/1529
f  2103/3197/1529 2112/3209/1560 2113/3210/1561
f  2082/3168/1530 2080/3166/1529 2105/3199/1551
f  2105/3199/1551 2113/3210/1561 2082/3168/1530
f  2108/3202/1554 2114/3211/1562 2032/3212/1563
f  2032/3212/1563 2029/3203/1555 2108/3202/1554
f  2110/3206/1558 2115/3213/1564 2114/3211/1562
f  2114/3211/1562 2108/3202/1554 2110/3206/1558
f  2077/3163/1526 2081/3167/1530 2115/3213/1564
f  2115/3213/1564 2110/3206/1558 2077/3163/1526
f  2116/3214/1565 2111/3215/1559 2057/3132/1506
f  2057/3132/1506 2059/3131/1508 2116/3214/1565
f  2117/3216/1566 2112/3217/1560 2111/3215/1559
f  2111/3215/1559 2116/3214/1565 2117/3216/1566
f  2118/3218/1567 2113/3219/1561 2112/3217/1560
f  2112/3217/1560 2117/3216/1566 2118/3218/1567
f  2084/3172/1532 2082/3171/1530 2113/3219/1561
f  2113/3219/1561 2118/3218/1567 2084/3172/1532
f  2114/3220/1562 2119/3221/1568 2034/3222/1569
f  2034/3222/1569 2032/3223/1563 2114/3220/1562
f  2115/3224/1564 2120/3225/1570 2119/3221/1568
f  2119/3221/1568 2114/3220/1562 2115/3224/1564
f  2081/3170/1530 2083/3169/1531 2120/3225/1570
f  2120/3225/1570 2115/3224/1564 2081/3170/1530
f  2121/3226/1571 2116/3214/1565 2059/3131/1508
f  2059/3131/1508 2061/3135/1510 2121/3226/1571
f  2122/3227/1572 2117/3216/1566 2116/3214/1565
f  2116/3214/1565 2121/3226/1571 2122/3227/1572
f  2123/3228/1573 2118/3218/1567 2117/3216/1566
f  2117/3216/1566 2122/3227/1572 2123/3228/1573
f  2086/3174/1534 2084/3172/1532 2118/3218/1567
f  2118/3218/1567 2123/3228/1573 2086/3174/1534
f  2119/3221/1568 2124/3229/1574 2036/2723/1575
f  2036/2723/1575 2034/3222/1569 2119/3221/1568
f  2120/3225/1570 2125/3230/1574 2124/3229/1574
f  2124/3229/1574 2119/3221/1568 2120/3225/1570
f  2083/3169/1531 2085/3173/1533 2125/3230/1574
f  2125/3230/1574 2120/3225/1570 2083/3169/1531
f  2126/3231/1576 2121/3232/1571 2061/3233/1510
f  2061/3233/1510 2063/3142/1512 2126/3231/1576
f  2127/3234/1577 2122/3235/1572 2121/3232/1571
f  2121/3232/1571 2126/3231/1576 2127/3234/1577
f  2128/3236/1578 2123/3237/1573 2122/3235/1572
f  2122/3235/1572 2127/3234/1577 2128/3236/1578
f  2088/3178/1536 2086/3177/1534 2123/3237/1573
f  2123/3237/1573 2128/3236/1578 2088/3178/1536
f  2124/3238/1574 2129/3239/1579 2038/3240/1580
f  2038/3240/1580 2036/3241/1575 2124/3238/1574
f  2125/3242/1574 2130/3243/1581 2129/3239/1579
f  2129/3239/1579 2124/3238/1574 2125/3242/1574
f  2085/3176/1533 2087/3175/1535 2130/3243/1581
f  2130/3243/1581 2125/3242/1574 2085/3176/1533
f  2131/3244/1582 2126/3231/1576 2063/3142/1512
f  2063/3142/1512 2065/3141/1514 2131/3244/1582
f  2132/3245/1583 2127/3234/1577 2126/3231/1576
f  2126/3231/1576 2131/3244/1582 2132/3245/1583
f  2133/3246/1584 2128/3236/1578 2127/3234/1577
f  2127/3234/1577 2132/3245/1583 2133/3246/1584
f  2090/3180/1538 2088/3178/1536 2128/3236/1578
f  2128/3236/1578 2133/3246/1584 2090/3180/1538
f  2129/3239/1579 2134/3247/1585 2040/3248/1586
f  2040/3248/1586 2038/3240/1580 2129/3239/1579
f  2130/3243/1581 2135/3249/1587 2134/3247/1585
f  2134/3247/1585 2129/3239/1579 2130/3243/1581
f  2087/3175/1535 2089/3179/1537 2135/3249/1587
f  2135/3249/1587 2130/3243/1581 2087/3175/1535
f  2136/3250/1588 2131/3244/1582 2065/3141/1514
f  2065/3141/1514 2067/3145/1516 2136/3250/1588
f  2137/3251/1589 2132/3245/1583 2131/3244/1582
f  2131/3244/1582 2136/3250/1588 2137/3251/1589
f  2138/3252/1590 2133/3246/1584 2132/3245/1583
f  2132/3245/1583 2137/3251/1589 2138/3252/1590
f  2092/3182/1540 2090/3180/1538 2133/3246/1584
f  2133/3246/1584 2138/3252/1590 2092/3182/1540
f  2134/3247/1585 2139/3253/1591 2042/3254/1592
f  2042/3254/1592 2040/3248/1586 2134/3247/1585
f  2135/3249/1587 2140/3255/1593 2139/3253/1591
f  2139/3253/1591 2134/3247/1585 2135/3249/1587
f  2089/3179/1537 2091/3181/1539 2140/3255/1593
f  2140/3255/1593 2135/3249/1587 2089/3179/1537
f  2141/3256/1594 2136/3257/1588 2067/3258/1516
f  2067/3258/1516 2069/3152/1518 2141/3256/1594
f  2142/3259/1595 2137/3260/1589 2136/3257/1588
f  2136/3257/1588 2141/3256/1594 2142/3259/1595
f  2143/3261/1541 2138/3262/1590 2137/3260/1589
f  2137/3260/1589 2142/3259/1595 2143/3261/1541
f  2094/3186/1542 2092/3185/1540 2138/3262/1590
f  2138/3262/1590 2143/3261/1541 2094/3186/1542
f  2139/3263/1591 2144/3264/1596 2044/3265/1597
f  2044/3265/1597 2042/3266/1592 2139/3263/1591
f  2140/3267/1593 2145/3268/1598 2144/3264/1596
f  2144/3264/1596 2139/3263/1591 2140/3267/1593
f  2091/3184/1539 2093/3183/1541 2145/3268/1598
f  2145/3268/1598 2140/3267/1593 2091/3184/1539
f  2146/3269/1599 2141/3256/1594 2069/3152/1518
f  2069/3152/1518 2071/3151/1520 2146/3269/1599
f  2147/3270/1600 2142/3259/1595 2141/3256/1594
f  2141/3256/1594 2146/3269/1599 2147/3270/1600
f  2148/3271/1601 2143/3261/1541 2142/3259/1595
f  2142/3259/1595 2147/3270/1600 2148/3271/1601
f  2096/3188/1544 2094/3186/1542 2143/3261/1541
f  2143/3261/1541 2148/3271/1601 2096/3188/1544
f  2144/3264/1596 2149/3272/1602 2046/3273/1603
f  2046/3273/1603 2044/3265/1597 2144/3264/1596
f  2145/3268/1598 2150/3274/1604 2149/3272/1602
f  2149/3272/1602 2144/3264/1596 2145/3268/1598
f  2093/3183/1541 2095/3187/1543 2150/3274/1604
f  2150/3274/1604 2145/3268/1598 2093/3183/1541
f  2151/3275/1605 2146/3269/1599 2071/3151/1520
f  2071/3151/1520 2073/3155/1522 2151/3275/1605
f  2152/3276/1606 2147/3270/1600 2146/3269/1599
f  2146/3269/1599 2151/3275/1605 2152/3276/1606
f  2153/3277/1607 2148/3271/1601 2147/3270/1600
f  2147/3270/1600 2152/3276/1606 2153/3277/1607
f  2098/3190/1546 2096/3188/1544 2148/3271/1601
f  2148/3271/1601 2153/3277/1607 2098/3190/1546
f  2149/3272/1602 2154/3278/1608 2048/3279/1609
f  2048/3279/1609 2046/3273/1603 2149/3272/1602
f  2150/3274/1604 2155/3280/1610 2154/3278/1608
f  2154/3278/1608 2149/3272/1602 2150/3274/1604
f  2095/3187/1543 2097/3189/1545 2155/3280/1610
f  2155/3280/1610 2150/3274/1604 2095/3187/1543
f  2156/3281/1611 2151/3275/1605 2073/3155/1522
f  2073/3155/1522 2075/3282/1524 2156/3281/1611
f  2157/3283/1612 2152/3276/1606 2151/3275/1605
f  2151/3275/1605 2156/3281/1611 2157/3283/1612
f  2158/3284/1547 2153/3277/1607 2152/3276/1606
f  2152/3276/1606 2157/3283/1612 2158/3284/1547
f  2100/3192/1548 2098/3190/1546 2153/3277/1607
f  2153/3277/1607 2158/3284/1547 2100/3192/1548
f  2154/3278/1608 2159/3285/1613 2050/3286/1614
f  2050/3286/1614 2048/3279/1609 2154/3278/1608
f  2155/3280/1610 2160/3287/1615 2159/3285/1613
f  2159/3285/1613 2154/3278/1608 2155/3280/1610
f  2097/3189/1545 2099/3191/1547 2160/3287/1615
f  2160/3287/1615 2155/3280/1610 2097/3189/1545
f  2102/3196/1549 2156/3288/1611 2075/3161/1524
f  2075/3161/1524 2054/3124/1503 2102/3196/1549
f  2104/3198/1550 2157/3289/1612 2156/3288/1611
f  2156/3288/1611 2102/3196/1549 2104/3198/1550
f  2106/3200/1552 2158/3290/1547 2157/3289/1612
f  2157/3289/1612 2104/3198/1550 2106/3200/1552
f  2079/3165/1528 2100/3194/1548 2158/3290/1547
f  2158/3290/1547 2106/3200/1552 2079/3165/1528
f  2159/3291/1613 2107/3201/1553 2028/3204/1556
f  2028/3204/1556 2050/3292/1614 2159/3291/1613
f  2160/3293/1615 2109/3205/1557 2107/3201/1553
f  2107/3201/1553 2159/3291/1613 2160/3293/1615
f  2099/3193/1547 2078/3164/1527 2109/3205/1557
f  2109/3205/1557 2160/3293/1615 2099/3193/1547
f  2161/3294/1616 2162/3295/1617 2163/3296/1618
f  2163/3296/1618 2164/3297/1619 2161/3294/1616
f  2165/3298/1620 2162/3299/1617 2166/3300/1621
f  2166/3300/1621 2167/3301/1622 2165/3298/1620
f  2165/3298/1620 2168/3302/1623 2169/3303/1624
f  2169/3303/1624 2170/3304/1625 2165/3298/1620
f  2171/3305/1626 2172/3306/1627 2168/3302/1623
f  2168/3302/1623 2173/3307/1628 2171/3305/1626
f  2164/3297/1619 2163/3296/1618 2174/3308/1629
f  2174/3308/1629 2175/3309/1630 2164/3297/1619
f  2170/3310/1625 2169/3311/1624 2176/3312/1631
f  2176/3312/1631 2177/3313/1632 2170/3310/1625
f  2161/3314/1616 2178/3315/1633 2179/3316/1634
f  2179/3316/1634 2180/3317/1635 2161/3314/1616
f  2164/3297/1619 2175/3309/1630 2178/3318/1633
f  2178/3318/1633 2161/3294/1616 2164/3297/1619
f  2181/3319/1636 2174/3320/1629 2177/3313/1632
f  2177/3313/1632 2182/3321/1637 2181/3319/1636
f  2183/3322/1638 2176/3312/1631 2184/3323/1639
f  2184/3323/1639 2185/3324/1640 2183/3322/1638
f  2178/3318/1633 2175/3309/1630 2186/3325/1641
f  2186/3325/1641 2187/3326/1642 2178/3318/1633
f  2179/3316/1634 2178/3315/1633 2187/3327/1642
f  2187/3327/1642 2188/3328/1643 2179/3316/1634
f  2189/3329/1644 2190/3330/1645 2191/3331/1646
f  2191/3331/1646 2192/3332/1647 2189/3329/1644
f  2193/3333/1648 2192/3334/1647 2194/3335/1649
f  2194/3335/1649 2195/3336/1650 2193/3333/1648
f  2194/3335/1649 2196/3337/1651 2197/3338/1652
f  2197/3338/1652 2198/3339/1653 2194/3335/1649
f  2199/3340/1654 2200/3341/1655 2198/3339/1653
f  2198/3339/1653 2201/3342/1656 2199/3340/1654
f  2202/3343/1657 2191/3331/1646 2190/3330/1645
f  2190/3330/1645 2203/3344/1658 2202/3343/1657
f  2204/3345/1659 2197/3346/1652 2196/3347/1651
f  2196/3347/1651 2205/3348/1660 2204/3345/1659
f  2189/3349/1644 2206/3350/1661 2207/3351/1662
f  2207/3351/1662 2208/3352/1663 2189/3349/1644
f  2190/3330/1645 2189/3329/1644 2208/3353/1663
f  2208/3353/1663 2203/3344/1658 2190/3330/1645
f  2205/3348/1660 2202/3354/1657 2181/3319/1636
f  2181/3319/1636 2182/3321/1637 2205/3348/1660
f  2209/3355/1664 2204/3345/1659 2183/3322/1638
f  2183/3322/1638 2185/3324/1640 2209/3355/1664
f  2208/3353/1663 2187/3326/1642 2186/3325/1641
f  2186/3325/1641 2203/3344/1658 2208/3353/1663
f  2207/3351/1662 2188/3328/1643 2187/3327/1642
f  2187/3327/1642 2208/3352/1663 2207/3351/1662
f  2168/3302/1623 2172/3306/1627 2210/3356/1665
f  2210/3356/1665 2169/3303/1624 2168/3302/1623
f  2168/3302/1623 2165/3298/1620 2167/3301/1622
f  2167/3301/1622 2173/3307/1628 2168/3302/1623
f  2169/3311/1624 2210/3357/1665 2184/3323/1639
f  2184/3323/1639 2176/3312/1631 2169/3311/1624
f  2182/3321/1637 2177/3313/1632 2176/3312/1631
f  2176/3312/1631 2183/3322/1638 2182/3321/1637
f  2211/3358/1666 2201/3342/1656 2198/3339/1653
f  2198/3339/1653 2197/3338/1652 2211/3358/1666
f  2195/3336/1650 2194/3335/1649 2198/3339/1653
f  2198/3339/1653 2200/3341/1655 2195/3336/1650
f  2209/3355/1664 2211/3359/1666 2197/3346/1652
f  2197/3346/1652 2204/3345/1659 2209/3355/1664
f  2205/3348/1660 2182/3321/1637 2183/3322/1638
f  2183/3322/1638 2204/3345/1659 2205/3348/1660
f  2162/3360/1617 2165/3361/1620 2170/3362/1625
f  2170/3363/1625 2163/3364/1618 2162/3365/1617
f  2162/3299/1617 2161/3366/1616 2180/3367/1635
f  2180/3367/1635 2166/3300/1621 2162/3299/1617
f  2163/3368/1618 2170/3310/1625 2177/3313/1632
f  2177/3313/1632 2174/3320/1629 2163/3368/1618
f  2186/3325/1641 2175/3309/1630 2174/3308/1629
f  2174/3308/1629 2181/3369/1636 2186/3325/1641
f  2196/3370/1651 2194/3371/1649 2192/3372/1647
f  2192/3373/1647 2191/3374/1646 2196/3375/1651
f  2206/3376/1661 2189/3377/1644 2192/3334/1647
f  2192/3334/1647 2193/3333/1648 2206/3376/1661
f  2205/3348/1660 2196/3347/1651 2191/3378/1646
f  2191/3378/1646 2202/3354/1657 2205/3348/1660
f  2203/3344/1658 2186/3325/1641 2181/3369/1636
f  2181/3369/1636 2202/3343/1657 2203/3344/1658
f  2212/3379/1667 2213/3380/1668 2214/3381/1669
f  2214/3381/1669 2215/3382/1670 2212/3379/1667
f  2216/3383/1671 2217/3384/1672 2218/3385/1673
f  2218/3385/1673 2215/3386/1670 2216/3383/1671
f  2216/3383/1671 2219/3387/1674 2220/3388/1675
f  2220/3388/1675 2221/3389/1676 2216/3383/1671
f  2171/3305/1626 2222/3390/1677 2221/3389/1676
f  2221/3389/1676 2172/3306/1627 2171/3305/1626
f  2213/3380/1668 2223/3391/1678 2224/3392/1679
f  2224/3392/1679 2214/3381/1669 2213/3380/1668
f  2219/3393/1674 2225/3394/1680 2226/3395/1681
f  2226/3395/1681 2220/3396/1675 2219/3393/1674
f  2212/3397/1667 2227/3398/1682 2228/3399/1683
f  2228/3399/1683 2229/3400/1684 2212/3397/1667
f  2213/3380/1668 2212/3379/1667 2229/3401/1684
f  2229/3401/1684 2223/3391/1678 2213/3380/1668
f  2230/3402/1685 2231/3403/1686 2225/3394/1680
f  2225/3394/1680 2224/3404/1679 2230/3402/1685
f  2232/3405/1687 2185/3324/1640 2184/3323/1639
f  2184/3323/1639 2226/3395/1681 2232/3405/1687
f  2229/3401/1684 2233/3406/1688 2234/3407/1689
f  2234/3407/1689 2223/3391/1678 2229/3401/1684
f  2228/3399/1683 2235/3408/1690 2233/3409/1688
f  2233/3409/1688 2229/3400/1684 2228/3399/1683
f  2236/3410/1691 2237/3411/1692 2238/3412/1693
f  2238/3412/1693 2239/3413/1694 2236/3410/1691
f  2240/3414/1695 2241/3415/1696 2242/3416/1697
f  2242/3416/1697 2237/3417/1692 2240/3414/1695
f  2242/3416/1697 2243/3418/1698 2244/3419/1699
f  2244/3419/1699 2245/3420/1700 2242/3416/1697
f  2199/3340/1654 2201/3342/1656 2243/3418/1698
f  2243/3418/1698 2246/3421/1701 2199/3340/1654
f  2247/3422/1702 2248/3423/1703 2239/3413/1694
f  2239/3413/1694 2238/3412/1693 2247/3422/1702
f  2249/3424/1704 2250/3425/1705 2245/3426/1700
f  2245/3426/1700 2244/3427/1699 2249/3424/1704
f  2236/3428/1691 2251/3429/1706 2252/3430/1707
f  2252/3430/1707 2253/3431/1708 2236/3428/1691
f  2239/3413/1694 2248/3423/1703 2251/3432/1706
f  2251/3432/1706 2236/3410/1691 2239/3413/1694
f  2250/3425/1705 2231/3403/1686 2230/3402/1685
f  2230/3402/1685 2247/3433/1702 2250/3425/1705
f  2209/3355/1664 2185/3324/1640 2232/3405/1687
f  2232/3405/1687 2249/3424/1704 2209/3355/1664
f  2251/3432/1706 2248/3423/1703 2234/3407/1689
f  2234/3407/1689 2233/3406/1688 2251/3432/1706
f  2252/3430/1707 2251/3429/1706 2233/3409/1688
f  2233/3409/1688 2235/3408/1690 2252/3430/1707
f  2221/3389/1676 2220/3388/1675 2210/3356/1665
f  2210/3356/1665 2172/3306/1627 2221/3389/1676
f  2221/3389/1676 2222/3390/1677 2217/3384/1672
f  2217/3384/1672 2216/3383/1671 2221/3389/1676
f  2220/3396/1675 2226/3395/1681 2184/3323/1639
f  2184/3323/1639 2210/3357/1665 2220/3396/1675
f  2231/3403/1686 2232/3405/1687 2226/3395/1681
f  2226/3395/1681 2225/3394/1680 2231/3403/1686
f  2211/3358/1666 2244/3419/1699 2243/3418/1698
f  2243/3418/1698 2201/3342/1656 2211/3358/1666
f  2241/3415/1696 2246/3421/1701 2243/3418/1698
f  2243/3418/1698 2242/3416/1697 2241/3415/1696
f  2209/3355/1664 2249/3424/1704 2244/3427/1699
f  2244/3427/1699 2211/3359/1666 2209/3355/1664
f  2250/3425/1705 2249/3424/1704 2232/3405/1687
f  2232/3405/1687 2231/3403/1686 2250/3425/1705
f  2215/3434/1670 2214/3435/1669 2219/3436/1674
f  2219/3437/1674 2216/3438/1671 2215/3439/1670
f  2215/3386/1670 2218/3385/1673 2227/3440/1682
f  2227/3440/1682 2212/3441/1667 2215/3386/1670
f  2214/3442/1669 2224/3404/1679 2225/3394/1680
f  2225/3394/1680 2219/3393/1674 2214/3442/1669
f  2234/3407/1689 2230/3443/1685 2224/3392/1679
f  2224/3392/1679 2223/3391/1678 2234/3407/1689
f  2245/3444/1700 2238/3445/1693 2237/3446/1692
f  2237/3447/1692 2242/3448/1697 2245/3449/1700
f  2253/3450/1708 2240/3414/1695 2237/3417/1692
f  2237/3417/1692 2236/3451/1691 2253/3450/1708
f  2250/3425/1705 2247/3433/1702 2238/3452/1693
f  2238/3452/1693 2245/3426/1700 2250/3425/1705
f  2248/3423/1703 2247/3422/1702 2230/3443/1685
f  2230/3443/1685 2234/3407/1689 2248/3423/1703
f  2254/3453/1709 2255/3454/1710 2256/3455/1711
f  2256/3455/1711 2257/3456/1712 2254/3453/1709
f  2258/3457/1713 2255/3458/1710 2259/3459/1714
f  2259/3459/1714 2260/3460/1715 2258/3457/1713
f  2258/3457/1713 2261/3461/1716 2262/3462/1717
f  2262/3462/1717 2263/3463/1718 2258/3457/1713
f  2264/3464/1719 2265/3465/1720 2261/3461/1716
f  2261/3461/1716 2266/3466/1721 2264/3464/1719
f  2257/3456/1712 2256/3455/1711 2267/3467/1722
f  2267/3467/1722 2268/3468/1723 2257/3456/1712
f  2263/3469/1718 2262/3470/1717 2269/3471/1724
f  2269/3471/1724 2270/3472/1725 2263/3469/1718
f  2254/3473/1709 2271/3430/1726 2272/3474/1727
f  2272/3474/1727 2273/3475/1728 2254/3473/1709
f  2257/3456/1712 2268/3468/1723 2271/3476/1726
f  2271/3476/1726 2254/3453/1709 2257/3456/1712
f  2274/3477/1729 2267/3478/1722 2270/3472/1725
f  2270/3472/1725 2275/3479/1730 2274/3477/1729
f  2276/3480/1731 2269/3471/1724 2277/3481/1732
f  2277/3481/1732 2278/3482/1733 2276/3480/1731
f  2271/3476/1726 2268/3468/1723 2279/3483/1734
f  2279/3483/1734 2280/3484/1735 2271/3476/1726
f  2272/3474/1727 2271/3430/1726 2280/3408/1735
f  2280/3408/1735 2281/3485/1736 2272/3474/1727
f  2282/3486/1737 2283/3487/1738 2284/3488/1739
f  2284/3488/1739 2285/3489/1740 2282/3486/1737
f  2286/3490/1741 2285/3491/1740 2287/3492/1742
f  2287/3492/1742 2288/3493/1743 2286/3490/1741
f  2287/3492/1742 2289/3494/1744 2290/3495/1745
f  2290/3495/1745 2291/3496/1746 2287/3492/1742
f  2292/3497/1747 2293/3498/1748 2291/3496/1746
f  2291/3496/1746 2294/3499/1749 2292/3497/1747
f  2295/3500/1750 2284/3488/1739 2283/3487/1738
f  2283/3487/1738 2296/3501/1751 2295/3500/1750
f  2297/3502/1752 2290/3503/1745 2289/3504/1744
f  2289/3504/1744 2298/3505/1753 2297/3502/1752
f  2282/3506/1737 2299/3507/1754 2300/3508/1755
f  2300/3508/1755 2301/3509/1756 2282/3506/1737
f  2283/3487/1738 2282/3486/1737 2301/3510/1756
f  2301/3510/1756 2296/3501/1751 2283/3487/1738
f  2298/3505/1753 2295/3511/1750 2274/3477/1729
f  2274/3477/1729 2275/3479/1730 2298/3505/1753
f  2302/3512/1757 2297/3502/1752 2276/3480/1731
f  2276/3480/1731 2278/3482/1733 2302/3512/1757
f  2301/3510/1756 2280/3484/1735 2279/3483/1734
f  2279/3483/1734 2296/3501/1751 2301/3510/1756
f  2300/3508/1755 2281/3485/1736 2280/3408/1735
f  2280/3408/1735 2301/3509/1756 2300/3508/1755
f  2261/3461/1716 2265/3465/1720 2303/3513/1758
f  2303/3513/1758 2262/3462/1717 2261/3461/1716
f  2261/3461/1716 2258/3457/1713 2260/3460/1715
f  2260/3460/1715 2266/3466/1721 2261/3461/1716
f  2262/3470/1717 2303/3514/1758 2277/3481/1732
f  2277/3481/1732 2269/3471/1724 2262/3470/1717
f  2275/3479/1730 2270/3472/1725 2269/3471/1724
f  2269/3471/1724 2276/3480/1731 2275/3479/1730
f  2304/3515/1759 2294/3499/1749 2291/3496/1746
f  2291/3496/1746 2290/3495/1745 2304/3515/1759
f  2288/3493/1743 2287/3492/1742 2291/3496/1746
f  2291/3496/1746 2293/3498/1748 2288/3493/1743
f  2302/3512/1757 2304/3516/1759 2290/3503/1745
f  2290/3503/1745 2297/3502/1752 2302/3512/1757
f  2298/3505/1753 2275/3479/1730 2276/3480/1731
f  2276/3480/1731 2297/3502/1752 2298/3505/1753
f  2255/3517/1710 2258/3518/1713 2263/3519/1718
f  2263/3520/1718 2256/3521/1711 2255/3522/1710
f  2255/3458/1710 2254/3523/1709 2273/3524/1728
f  2273/3524/1728 2259/3459/1714 2255/3458/1710
f  2256/3525/1711 2263/3469/1718 2270/3472/1725
f  2270/3472/1725 2267/3478/1722 2256/3525/1711
f  2279/3483/1734 2268/3468/1723 2267/3467/1722
f  2267/3467/1722 2274/3526/1729 2279/3483/1734
f  2289/3527/1744 2287/3528/1742 2285/3529/1740
f  2285/3530/1740 2284/3531/1739 2289/3532/1744
f  2299/3533/1754 2282/3534/1737 2285/3491/1740
f  2285/3491/1740 2286/3490/1741 2299/3533/1754
f  2298/3505/1753 2289/3504/1744 2284/3535/1739
f  2284/3535/1739 2295/3511/1750 2298/3505/1753
f  2296/3501/1751 2279/3483/1734 2274/3526/1729
f  2274/3526/1729 2295/3500/1750 2296/3501/1751
f  2305/3536/1760 2306/3537/1761 2307/3538/1762
f  2307/3538/1762 2308/3539/1763 2305/3536/1760
f  2309/3540/1764 2310/3541/1765 2311/3542/1766
f  2311/3542/1766 2308/3543/1763 2309/3540/1764
f  2309/3540/1764 2312/3544/1767 2313/3545/1768
f  2313/3545/1768 2314/3546/1769 2309/3540/1764
f  2264/3464/1719 2315/3547/1770 2314/3546/1769
f  2314/3546/1769 2265/3465/1720 2264/3464/1719
f  2306/3537/1761 2316/3548/1771 2317/3549/1772
f  2317/3549/1772 2307/3538/1762 2306/3537/1761
f  2312/3550/1767 2318/3551/1773 2319/3552/1774
f  2319/3552/1774 2313/3553/1768 2312/3550/1767
f  2305/3554/1760 2320/3555/1775 2321/3556/1776
f  2321/3556/1776 2322/3557/1777 2305/3554/1760
f  2306/3537/1761 2305/3536/1760 2322/3558/1777
f  2322/3558/1777 2316/3548/1771 2306/3537/1761
f  2323/3559/1778 2324/3560/1779 2318/3551/1773
f  2318/3551/1773 2317/3561/1772 2323/3559/1778
f  2325/3562/1780 2278/3482/1733 2277/3481/1732
f  2277/3481/1732 2319/3552/1774 2325/3562/1780
f  2322/3558/1777 2326/3563/1781 2327/3564/1782
f  2327/3564/1782 2316/3548/1771 2322/3558/1777
f  2321/3556/1776 2328/3565/1783 2326/3566/1781
f  2326/3566/1781 2322/3557/1777 2321/3556/1776
f  2329/3567/1784 2330/3568/1785 2331/3569/1786
f  2331/3569/1786 2332/3570/1787 2329/3567/1784
f  2333/3571/1788 2334/3572/1789 2335/3573/1790
f  2335/3573/1790 2330/3574/1785 2333/3571/1788
f  2335/3573/1790 2336/3575/1791 2337/3576/1792
f  2337/3576/1792 2338/3577/1793 2335/3573/1790
f  2292/3497/1747 2294/3499/1749 2336/3575/1791
f  2336/3575/1791 2339/3578/1794 2292/3497/1747
f  2340/3579/1795 2341/3580/1796 2332/3570/1787
f  2332/3570/1787 2331/3569/1786 2340/3579/1795
f  2342/3581/1797 2343/3582/1798 2338/3583/1793
f  2338/3583/1793 2337/3584/1792 2342/3581/1797
f  2329/3585/1784 2344/3586/1799 2345/3587/1800
f  2345/3587/1800 2346/3588/1801 2329/3585/1784
f  2332/3570/1787 2341/3580/1796 2344/3589/1799
f  2344/3589/1799 2329/3567/1784 2332/3570/1787
f  2343/3582/1798 2324/3560/1779 2323/3559/1778
f  2323/3559/1778 2340/3590/1795 2343/3582/1798
f  2302/3512/1757 2278/3482/1733 2325/3562/1780
f  2325/3562/1780 2342/3581/1797 2302/3512/1757
f  2344/3589/1799 2341/3580/1796 2327/3564/1782
f  2327/3564/1782 2326/3563/1781 2344/3589/1799
f  2345/3587/1800 2344/3586/1799 2326/3566/1781
f  2326/3566/1781 2328/3565/1783 2345/3587/1800
f  2314/3546/1769 2313/3545/1768 2303/3513/1758
f  2303/3513/1758 2265/3465/1720 2314/3546/1769
f  2314/3546/1769 2315/3547/1770 2310/3541/1765
f  2310/3541/1765 2309/3540/1764 2314/3546/1769
f  2313/3553/1768 2319/3552/1774 2277/3481/1732
f  2277/3481/1732 2303/3514/1758 2313/3553/1768
f  2324/3560/1779 2325/3562/1780 2319/3552/1774
f  2319/3552/1774 2318/3551/1773 2324/3560/1779
f  2304/3515/1759 2337/3576/1792 2336/3575/1791
f  2336/3575/1791 2294/3499/1749 2304/3515/1759
f  2334/3572/1789 2339/3578/1794 2336/3575/1791
f  2336/3575/1791 2335/3573/1790 2334/3572/1789
f  2302/3512/1757 2342/3581/1797 2337/3584/1792
f  2337/3584/1792 2304/3516/1759 2302/3512/1757
f  2343/3582/1798 2342/3581/1797 2325/3562/1780
f  2325/3562/1780 2324/3560/1779 2343/3582/1798
f  2308/3591/1763 2307/3592/1762 2312/3593/1767
f  2312/3594/1767 2309/3595/1764 2308/3596/1763
f  2308/3543/1763 2311/3542/1766 2320/3597/1775
f  2320/3597/1775 2305/3598/1760 2308/3543/1763
f  2307/3599/1762 2317/3561/1772 2318/3551/1773
f  2318/3551/1773 2312/3550/1767 2307/3599/1762
f  2327/3564/1782 2323/3600/1778 2317/3549/1772
f  2317/3549/1772 2316/3548/1771 2327/3564/1782
f  2338/3601/1793 2331/3602/1786 2330/3603/1785
f  2330/3604/1785 2335/3605/1790 2338/3606/1793
f  2346/3607/1801 2333/3571/1788 2330/3574/1785
f  2330/3574/1785 2329/3608/1784 2346/3607/1801
f  2343/3582/1798 2340/3590/1795 2331/3609/1786
f  2331/3609/1786 2338/3583/1793 2343/3582/1798
f  2341/3580/1796 2340/3579/1795 2323/3600/1778
f  2323/3600/1778 2327/3564/1782 2341/3580/1796
f  2052/3122/1501 2035/3105/1484 2037/3107/1486
f  2052/3122/1501 2043/3113/1492 2045/3115/1494
f  2049/3119/1498 2051/3121/1500 2052/3122/1501
f  2052/3122/1501 2030/3100/1479 2033/3103/1482
f  2347/3610/1802 2348/3611/1803 2349/3612/1804
f  2349/3612/1804 2350/3613/1805 2347/3610/1802
f  2348/3611/1803 2351/3614/1806 2352/3615/1807
f  2352/3615/1807 2349/3612/1804 2348/3611/1803
f  2351/3614/1806 2353/3616/1808 2354/3617/1809
f  2354/3617/1809 2352/3615/1807 2351/3614/1806
f  2353/3616/1808 2355/3618/1810 2356/3619/1811
f  2356/3619/1811 2354/3617/1809 2353/3616/1808
f  2355/3618/1810 2357/3620/1812 2358/3621/1813
f  2358/3621/1813 2356/3619/1811 2355/3618/1810
f  2357/3620/1812 2359/3622/1814 2360/3623/1815
f  2360/3623/1815 2358/3621/1813 2357/3620/1812
f  2359/3622/1814 2361/3624/1816 2362/3625/1817
f  2362/3625/1817 2360/3623/1815 2359/3622/1814
f  2361/3624/1816 2363/3626/1818 2364/3627/1819
f  2364/3627/1819 2362/3625/1817 2361/3624/1816
f  2363/3626/1818 2365/3628/1820 2366/3629/1821
f  2366/3629/1821 2364/3627/1819 2363/3626/1818
f  2365/3628/1820 2367/3630/1822 2368/3631/1823
f  2368/3631/1823 2366/3629/1821 2365/3628/1820
f  2367/3630/1822 2369/3632/1824 2370/3633/1825
f  2370/3633/1825 2368/3631/1823 2367/3630/1822
f  2369/3632/1824 2347/3610/1802 2350/3613/1805
f  2350/3613/1805 2370/3633/1825 2369/3632/1824
f  2371/3634/1826 2352/3615/1807 2354/3617/1809
f  2371/3634/1826 2370/3633/1825 2350/3613/1805
f  2371/3634/1826 2356/3619/1811 2358/3621/1813
f  2362/3625/1817 2371/3634/1826 2360/3623/1815
f  2371/3634/1826 2358/3621/1813 2360/3623/1815
f  2349/3612/1804 2371/3634/1826 2350/3613/1805
f  2371/3634/1826 2364/3627/1819 2366/3629/1821
f  2368/3631/1823 2371/3634/1826 2366/3629/1821
f  2372/3635/1827 2373/3636/1828 2374/3637/1829
f  2374/3637/1829 2375/3638/1830 2372/3635/1827
f  2376/3639/1831 2372/3640/1827 2375/3641/1830
f  2375/3641/1830 2377/3642/1832 2376/3639/1831
f  2378/3643/1833 2376/3644/1831 2377/2642/1832
f  2377/2642/1832 2379/2640/1834 2378/3643/1833
f  2380/3645/1835 2378/3643/1833 2379/2640/1834
f  2379/2640/1834 2381/2639/1836 2380/3645/1835
f  2382/3646/1837 2380/3647/1835 2381/3648/1836
f  2381/3648/1836 2383/3649/1838 2382/3646/1837
f  2384/3650/1839 2382/3651/1837 2383/3652/1838
f  2383/3652/1838 2385/3653/1840 2384/3650/1839
f  2386/3654/1841 2384/3650/1839 2385/3653/1840
f  2385/3653/1840 2387/3655/1842 2386/3654/1841
f  2388/3656/1843 2386/3657/1841 2387/3658/1842
f  2387/3658/1842 2389/3659/1844 2388/3656/1843
f  2390/3660/1845 2388/3661/1843 2389/3662/1844
f  2389/3662/1844 2391/3663/1846 2390/3660/1845
f  2392/3664/1847 2390/3660/1845 2391/3663/1846
f  2391/3663/1846 2393/3665/1848 2392/3664/1847
f  2394/3666/1849 2392/3667/1847 2393/3668/1848
f  2393/3668/1848 2395/3669/1850 2394/3666/1849
f  2373/3636/1828 2394/3670/1849 2395/3671/1850
f  2395/3671/1850 2374/3637/1829 2373/3636/1828
f  2396/3672/1851 2397/3673/1852 2398/3674/1853
f  2398/3674/1853 2399/3675/1854 2396/3672/1851
f  2400/3676/1855 2396/2661/1851 2399/3677/1854
f  2399/3677/1854 2401/3678/1856 2400/3676/1855
f  2402/3679/1857 2400/3676/1855 2401/3678/1856
f  2401/3678/1856 2403/3680/1858 2402/3679/1857
f  2404/3681/1859 2402/3679/1857 2403/3680/1858
f  2403/3680/1858 2405/3682/1860 2404/3681/1859
f  2406/3683/1861 2404/3684/1859 2405/3685/1860
f  2405/3685/1860 2407/3686/1862 2406/3683/1861
f  2408/3687/1863 2406/3683/1861 2407/3686/1862
f  2407/3686/1862 2409/3688/1864 2408/3687/1863
f  2410/3689/1865 2408/3687/1863 2409/3688/1864
f  2409/3688/1864 2411/3690/1866 2410/3689/1865
f  2412/3691/1867 2410/3692/1865 2411/3693/1866
f  2411/3693/1866 2413/3694/1868 2412/3691/1867
f  2414/3695/1869 2412/3691/1867 2413/3694/1868
f  2413/3694/1868 2415/3696/1870 2414/3695/1869
f  2416/3697/1871 2414/3695/1869 2415/3696/1870
f  2415/3696/1870 2417/3698/1270 2416/3697/1871
f  2418/3699/1872 2416/3700/1871 2417/3701/1270
f  2417/3701/1270 2419/3702/1265 2418/3699/1872
f  2397/3673/1852 2418/3699/1872 2419/3702/1265
f  2419/3702/1265 2398/3674/1853 2397/3673/1852
f  2420/3703/1873 2421/3704/1874 2373/3636/1828
f  2373/3636/1828 2372/3635/1827 2420/3703/1873
f  2422/3705/1875 2423/3706/1876 2421/3704/1874
f  2421/3704/1874 2420/3703/1873 2422/3705/1875
f  2424/3707/1877 2425/3708/1878 2423/3706/1876
f  2423/3706/1876 2422/3705/1875 2424/3707/1877
f  2399/3675/1854 2398/3674/1853 2425/3708/1878
f  2425/3708/1878 2424/3707/1877 2399/3675/1854
f  2426/3709/1879 2427/3710/1880 2348/3711/1881
f  2348/3711/1881 2347/3712/1882 2426/3709/1879
f  2428/3713/1883 2429/3714/1884 2427/3710/1880
f  2427/3710/1880 2426/3709/1879 2428/3713/1883
f  2397/3673/1852 2396/3672/1851 2429/3714/1884
f  2429/3714/1884 2428/3713/1883 2397/3673/1852
f  2430/3715/1885 2420/3716/1873 2372/3717/1827
f  2372/3717/1827 2376/3644/1831 2430/3715/1885
f  2431/3718/1886 2422/3719/1875 2420/3716/1873
f  2420/3716/1873 2430/3715/1885 2431/3718/1886
f  2432/3720/1887 2424/3721/1877 2422/3719/1875
f  2422/3719/1875 2431/3718/1886 2432/3720/1887
f  2401/3678/1856 2399/3677/1854 2424/3721/1877
f  2424/3721/1877 2432/3720/1887 2401/3678/1856
f  2427/2722/1880 2433/3722/1888 2351/3723/1889
f  2351/3723/1889 2348/2723/1881 2427/2722/1880
f  2429/2724/1884 2434/3724/1890 2433/3722/1888
f  2433/3722/1888 2427/2722/1880 2429/2724/1884
f  2396/2661/1851 2400/3676/1855 2434/3724/1890
f  2434/3724/1890 2429/2724/1884 2396/2661/1851
f  2435/3725/1891 2430/3715/1885 2376/3644/1831
f  2376/3644/1831 2378/3643/1833 2435/3725/1891
f  2436/3726/1892 2431/3718/1886 2430/3715/1885
f  2430/3715/1885 2435/3725/1891 2436/3726/1892
f  2437/3727/1893 2432/3720/1887 2431/3718/1886
f  2431/3718/1886 2436/3726/1892 2437/3727/1893
f  2403/3680/1858 2401/3678/1856 2432/3720/1887
f  2432/3720/1887 2437/3727/1893 2403/3680/1858
f  2433/3722/1888 2438/3728/1858 2353/3729/1894
f  2353/3729/1894 2351/3723/1889 2433/3722/1888
f  2434/3724/1890 2439/3730/1895 2438/3728/1858
f  2438/3728/1858 2433/3722/1888 2434/3724/1890
f  2400/3676/1855 2402/3679/1857 2439/3730/1895
f  2439/3730/1895 2434/3724/1890 2400/3676/1855
f  2440/3731/1896 2435/3725/1891 2378/3643/1833
f  2378/3643/1833 2380/3645/1835 2440/3731/1896
f  2441/3732/1897 2436/3726/1892 2435/3725/1891
f  2435/3725/1891 2440/3731/1896 2441/3732/1897
f  2442/3733/1898 2437/3727/1893 2436/3726/1892
f  2436/3726/1892 2441/3732/1897 2442/3733/1898
f  2405/3682/1860 2403/3680/1858 2437/3727/1893
f  2437/3727/1893 2442/3733/1898 2405/3682/1860
f  2438/3728/1858 2443/3734/1899 2355/3735/1900
f  2355/3735/1900 2353/3729/1894 2438/3728/1858
f  2439/3730/1895 2444/3736/1901 2443/3734/1899
f  2443/3734/1899 2438/3728/1858 2439/3730/1895
f  2402/3679/1857 2404/3681/1859 2444/3736/1901
f  2444/3736/1901 2439/3730/1895 2402/3679/1857
f  2445/3737/1902 2440/3738/1896 2380/3739/1835
f  2380/3739/1835 2382/3651/1837 2445/3737/1902
f  2446/3740/1903 2441/3741/1897 2440/3738/1896
f  2440/3738/1896 2445/3737/1902 2446/3740/1903
f  2447/3742/1904 2442/3743/1898 2441/3741/1897
f  2441/3741/1897 2446/3740/1903 2447/3742/1904
f  2407/3686/1862 2405/3685/1860 2442/3743/1898
f  2442/3743/1898 2447/3742/1904 2407/3686/1862
f  2443/3744/1899 2448/3745/1905 2357/3746/1906
f  2357/3746/1906 2355/3747/1900 2443/3744/1899
f  2444/3748/1901 2449/3749/1907 2448/3745/1905
f  2448/3745/1905 2443/3744/1899 2444/3748/1901
f  2404/3684/1859 2406/3683/1861 2449/3749/1907
f  2449/3749/1907 2444/3748/1901 2404/3684/1859
f  2450/3750/1908 2445/3737/1902 2382/3651/1837
f  2382/3651/1837 2384/3650/1839 2450/3750/1908
f  2451/3751/1909 2446/3740/1903 2445/3737/1902
f  2445/3737/1902 2450/3750/1908 2451/3751/1909
f  2452/3752/1910 2447/3742/1904 2446/3740/1903
f  2446/3740/1903 2451/3751/1909 2452/3752/1910
f  2409/3688/1864 2407/3686/1862 2447/3742/1904
f  2447/3742/1904 2452/3752/1910 2409/3688/1864
f  2448/3745/1905 2453/3753/1911 2359/3754/1912
f  2359/3754/1912 2357/3746/1906 2448/3745/1905
f  2449/3749/1907 2454/3755/1913 2453/3753/1911
f  2453/3753/1911 2448/3745/1905 2449/3749/1907
f  2406/3683/1861 2408/3687/1863 2454/3755/1913
f  2454/3755/1913 2449/3749/1907 2406/3683/1861
f  2455/3756/1914 2450/3750/1908 2384/3650/1839
f  2384/3650/1839 2386/3654/1841 2455/3756/1914
f  2456/3757/1915 2451/3751/1909 2450/3750/1908
f  2450/3750/1908 2455/3756/1914 2456/3757/1915
f  2457/3758/1916 2452/3752/1910 2451/3751/1909
f  2451/3751/1909 2456/3757/1915 2457/3758/1916
f  2411/3690/1866 2409/3688/1864 2452/3752/1910
f  2452/3752/1910 2457/3758/1916 2411/3690/1866
f  2453/3753/1911 2458/3759/1917 2361/3760/1918
f  2361/3760/1918 2359/3754/1912 2453/3753/1911
f  2454/3755/1913 2459/3761/1919 2458/3759/1917
f  2458/3759/1917 2453/3753/1911 2454/3755/1913
f  2408/3687/1863 2410/3689/1865 2459/3761/1919
f  2459/3761/1919 2454/3755/1913 2408/3687/1863
f  2460/3762/1920 2455/3763/1914 2386/3764/1841
f  2386/3764/1841 2388/3661/1843 2460/3762/1920
f  2461/3765/1921 2456/3766/1915 2455/3763/1914
f  2455/3763/1914 2460/3762/1920 2461/3765/1921
f  2462/3767/1922 2457/3768/1916 2456/3766/1915
f  2456/3766/1915 2461/3765/1921 2462/3767/1922
f  2413/3694/1868 2411/3693/1866 2457/3768/1916
f  2457/3768/1916 2462/3767/1922 2413/3694/1868
f  2458/3769/1917 2463/3770/1923 2363/3771/1924
f  2363/3771/1924 2361/3772/1918 2458/3769/1917
f  2459/3773/1919 2464/3774/1925 2463/3770/1923
f  2463/3770/1923 2458/3769/1917 2459/3773/1919
f  2410/3692/1865 2412/3691/1867 2464/3774/1925
f  2464/3774/1925 2459/3773/1919 2410/3692/1865
f  2465/3775/1926 2460/3762/1920 2388/3661/1843
f  2388/3661/1843 2390/3660/1845 2465/3775/1926
f  2466/3776/1927 2461/3765/1921 2460/3762/1920
f  2460/3762/1920 2465/3775/1926 2466/3776/1927
f  2467/3777/1928 2462/3767/1922 2461/3765/1921
f  2461/3765/1921 2466/3776/1927 2467/3777/1928
f  2415/3696/1870 2413/3694/1868 2462/3767/1922
f  2462/3767/1922 2467/3777/1928 2415/3696/1870
f  2463/3770/1923 2468/3778/1929 2365/3779/1930
f  2365/3779/1930 2363/3771/1924 2463/3770/1923
f  2464/3774/1925 2469/3780/1931 2468/3778/1929
f  2468/3778/1929 2463/3770/1923 2464/3774/1925
f  2412/3691/1867 2414/3695/1869 2469/3780/1931
f  2469/3780/1931 2464/3774/1925 2412/3691/1867
f  2470/3781/1932 2465/3775/1926 2390/3660/1845
f  2390/3660/1845 2392/3664/1847 2470/3781/1932
f  2471/3782/1933 2466/3776/1927 2465/3775/1926
f  2465/3775/1926 2470/3781/1932 2471/3782/1933
f  2472/3783/1934 2467/3777/1928 2466/3776/1927
f  2466/3776/1927 2471/3782/1933 2472/3783/1934
f  2417/3698/1270 2415/3696/1870 2467/3777/1928
f  2467/3777/1928 2472/3783/1934 2417/3698/1270
f  2468/3778/1929 2473/3784/1935 2367/3785/1936
f  2367/3785/1936 2365/3779/1930 2468/3778/1929
f  2469/3780/1931 2474/3786/1937 2473/3784/1935
f  2473/3784/1935 2468/3778/1929 2469/3780/1931
f  2414/3695/1869 2416/3697/1871 2474/3786/1937
f  2474/3786/1937 2469/3780/1931 2414/3695/1869
f  2475/3787/1938 2470/3788/1932 2392/3789/1847
f  2392/3789/1847 2394/3670/1849 2475/3787/1938
f  2476/3790/1939 2471/3791/1933 2470/3788/1932
f  2470/3788/1932 2475/3787/1938 2476/3790/1939
f  2477/3792/1215 2472/3793/1934 2471/3791/1933
f  2471/3791/1933 2476/3790/1939 2477/3792/1215
f  2419/3702/1265 2417/3701/1270 2472/3793/1934
f  2472/3793/1934 2477/3792/1215 2419/3702/1265
f  2473/3794/1935 2478/3795/1940 2369/3796/1941
f  2369/3796/1941 2367/3797/1936 2473/3794/1935
f  2474/3798/1937 2479/3799/1942 2478/3795/1940
f  2478/3795/1940 2473/3794/1935 2474/3798/1937
f  2416/3700/1871 2418/3699/1872 2479/3799/1942
f  2479/3799/1942 2474/3798/1937 2416/3700/1871
f  2421/3704/1874 2475/3787/1938 2394/3670/1849
f  2394/3670/1849 2373/3636/1828 2421/3704/1874
f  2423/3706/1876 2476/3790/1939 2475/3787/1938
f  2475/3787/1938 2421/3704/1874 2423/3706/1876
f  2425/3708/1878 2477/3792/1215 2476/3790/1939
f  2476/3790/1939 2423/3706/1876 2425/3708/1878
f  2398/3674/1853 2419/3702/1265 2477/3792/1215
f  2477/3792/1215 2425/3708/1878 2398/3674/1853
f  2478/3795/1940 2426/3709/1879 2347/3712/1882
f  2347/3712/1882 2369/3796/1941 2478/3795/1940
f  2479/3799/1942 2428/3713/1883 2426/3709/1879
f  2426/3709/1879 2478/3795/1940 2479/3799/1942
f  2418/3699/1872 2397/3673/1852 2428/3713/1883
f  2428/3713/1883 2479/3799/1942 2418/3699/1872
f  2480/3800/1943 2481/3801/1944 2482/3802/1945
f  2482/3802/1945 2483/3803/1946 2480/3800/1943
f  2484/3804/1947 2481/3805/1944 2485/3806/1948
f  2485/3806/1948 2486/3807/1949 2484/3804/1947
f  2484/3804/1947 2487/3808/1950 2488/3809/1951
f  2488/3809/1951 2489/3810/1952 2484/3804/1947
f  2490/3811/1953 2491/3812/1954 2487/3808/1950
f  2487/3808/1950 2492/3813/1955 2490/3811/1953
f  2483/3803/1946 2482/3802/1945 2493/3814/1956
f  2493/3814/1956 2494/3815/1957 2483/3803/1946
f  2489/3816/1952 2488/3817/1951 2495/3818/1958
f  2495/3818/1958 2496/3819/1959 2489/3816/1952
f  2480/3820/1943 2497/3821/1960 2498/3822/1961
f  2498/3822/1961 2499/3823/1962 2480/3820/1943
f  2483/3803/1946 2494/3815/1957 2497/3824/1960
f  2497/3824/1960 2480/3800/1943 2483/3803/1946
f  2500/3825/1963 2493/3826/1956 2496/3819/1959
f  2496/3819/1959 2501/3827/1964 2500/3825/1963
f  2502/3828/1965 2495/3818/1958 2503/3829/1966
f  2503/3829/1966 2504/3830/940 2502/3828/1965
f  2497/3824/1960 2494/3815/1957 2505/3831/1967
f  2505/3831/1967 2506/3832/1968 2497/3824/1960
f  2498/3822/1961 2497/3821/1960 2506/3833/1968
f  2506/3833/1968 2507/3834/1969 2498/3822/1961
f  2508/3835/1970 2509/3836/1971 2510/3837/1972
f  2510/3837/1972 2511/3838/1973 2508/3835/1970
f  2512/3839/1974 2511/3840/1973 2513/3841/1975
f  2513/3841/1975 2514/3842/1976 2512/3839/1974
f  2513/3841/1975 2515/3843/1977 2516/3844/1978
f  2516/3844/1978 2517/3845/1979 2513/3841/1975
f  2518/3846/1980 2519/3847/1981 2517/3845/1979
f  2517/3845/1979 2520/3848/1982 2518/3846/1980
f  2521/3849/1983 2510/3837/1972 2509/3836/1971
f  2509/3836/1971 2522/3850/1984 2521/3849/1983
f  2523/3851/1985 2516/3852/1978 2515/3853/1977
f  2515/3853/1977 2524/3854/1986 2523/3851/1985
f  2508/3855/1970 2525/3856/1987 2526/3857/1988
f  2526/3857/1988 2527/3858/1989 2508/3855/1970
f  2509/3836/1971 2508/3835/1970 2527/3859/1989
f  2527/3859/1989 2522/3850/1984 2509/3836/1971
f  2524/3854/1986 2521/3860/1983 2500/3825/1963
f  2500/3825/1963 2501/3827/1964 2524/3854/1986
f  2528/3861/1990 2523/3851/1985 2502/3828/1965
f  2502/3828/1965 2504/3830/940 2528/3861/1990
f  2527/3859/1989 2506/3832/1968 2505/3831/1967
f  2505/3831/1967 2522/3850/1984 2527/3859/1989
f  2526/3857/1988 2507/3834/1969 2506/3833/1968
f  2506/3833/1968 2527/3858/1989 2526/3857/1988
f  2487/3808/1950 2491/3812/1954 2529/3862/1991
f  2529/3862/1991 2488/3809/1951 2487/3808/1950
f  2487/3808/1950 2484/3804/1947 2486/3807/1949
f  2486/3807/1949 2492/3813/1955 2487/3808/1950
f  2488/3817/1951 2529/3863/1991 2503/3829/1966
f  2503/3829/1966 2495/3818/1958 2488/3817/1951
f  2501/3827/1964 2496/3819/1959 2495/3818/1958
f  2495/3818/1958 2502/3828/1965 2501/3827/1964
f  2530/3864/1992 2520/3848/1982 2517/3845/1979
f  2517/3845/1979 2516/3844/1978 2530/3864/1992
f  2514/3842/1976 2513/3841/1975 2517/3845/1979
f  2517/3845/1979 2519/3847/1981 2514/3842/1976
f  2528/3861/1990 2530/3865/1992 2516/3852/1978
f  2516/3852/1978 2523/3851/1985 2528/3861/1990
f  2524/3854/1986 2501/3827/1964 2502/3828/1965
f  2502/3828/1965 2523/3851/1985 2524/3854/1986
f  2481/3866/1944 2484/3867/1947 2489/3868/1952
f  2489/3869/1952 2482/3870/1945 2481/3871/1944
f  2481/3805/1944 2480/3872/1943 2499/3873/1962
f  2499/3873/1962 2485/3806/1948 2481/3805/1944
f  2482/3442/1945 2489/3816/1952 2496/3819/1959
f  2496/3819/1959 2493/3826/1956 2482/3442/1945
f  2505/3831/1967 2494/3815/1957 2493/3814/1956
f  2493/3814/1956 2500/3874/1963 2505/3831/1967
f  2515/3875/1977 2513/3876/1975 2511/3877/1973
f  2511/3878/1973 2510/3879/1972 2515/3880/1977
f  2525/3881/1987 2508/3882/1970 2511/3840/1973
f  2511/3840/1973 2512/3839/1974 2525/3881/1987
f  2524/3854/1986 2515/3853/1977 2510/3452/1972
f  2510/3452/1972 2521/3860/1983 2524/3854/1986
f  2522/3850/1984 2505/3831/1967 2500/3874/1963
f  2500/3874/1963 2521/3849/1983 2522/3850/1984
f  2531/3883/1993 2532/3884/1994 2533/3885/1995
f  2533/3885/1995 2534/3886/1996 2531/3883/1993
f  2535/3887/1997 2536/3888/1998 2537/3889/1999
f  2537/3889/1999 2534/3890/1996 2535/3887/1997
f  2535/3887/1997 2538/3891/2000 2539/3892/2001
f  2539/3892/2001 2540/3893/2002 2535/3887/1997
f  2490/3811/1953 2541/3894/2003 2540/3893/2002
f  2540/3893/2002 2491/3812/1954 2490/3811/1953
f  2532/3884/1994 2542/3895/2004 2543/3896/2005
f  2543/3896/2005 2533/3885/1995 2532/3884/1994
f  2538/3897/2000 2544/3898/2006 2545/3899/2007
f  2545/3899/2007 2539/3900/2001 2538/3897/2000
f  2531/3901/1993 2546/3902/2008 2547/3903/2009
f  2547/3903/2009 2548/3904/2010 2531/3901/1993
f  2532/3884/1994 2531/3883/1993 2548/3905/2010
f  2548/3905/2010 2542/3895/2004 2532/3884/1994
f  2549/3906/2011 2550/3907/2012 2544/3898/2006
f  2544/3898/2006 2543/3908/2005 2549/3906/2011
f  2551/3909/2013 2504/3830/940 2503/3829/1966
f  2503/3829/1966 2545/3899/2007 2551/3909/2013
f  2548/3905/2010 2552/3910/2014 2553/3911/2015
f  2553/3911/2015 2542/3895/2004 2548/3905/2010
f  2547/3903/2009 2554/3912/2016 2552/3913/2014
f  2552/3913/2014 2548/3904/2010 2547/3903/2009
f  2555/3914/2017 2556/3915/2018 2557/3916/2019
f  2557/3916/2019 2558/3917/2020 2555/3914/2017
f  2559/3918/2021 2560/3919/2022 2561/3920/2023
f  2561/3920/2023 2556/3921/2018 2559/3918/2021
f  2561/3920/2023 2562/3922/2024 2563/3923/2025
f  2563/3923/2025 2564/3924/2026 2561/3920/2023
f  2518/3846/1980 2520/3848/1982 2562/3922/2024
f  2562/3922/2024 2565/3925/2027 2518/3846/1980
f  2566/3926/2028 2567/3927/2029 2558/3917/2020
f  2558/3917/2020 2557/3916/2019 2566/3926/2028
f  2568/3928/2030 2569/3929/2031 2564/3930/2026
f  2564/3930/2026 2563/3931/2025 2568/3928/2030
f  2555/3932/2017 2570/3933/2032 2571/3934/2033
f  2571/3934/2033 2572/3935/2034 2555/3932/2017
f  2558/3917/2020 2567/3927/2029 2570/3936/2032
f  2570/3936/2032 2555/3914/2017 2558/3917/2020
f  2569/3929/2031 2550/3907/2012 2549/3906/2011
f  2549/3906/2011 2566/3937/2028 2569/3929/2031
f  2528/3861/1990 2504/3830/940 2551/3909/2013
f  2551/3909/2013 2568/3928/2030 2528/3861/1990
f  2570/3936/2032 2567/3927/2029 2553/3911/2015
f  2553/3911/2015 2552/3910/2014 2570/3936/2032
f  2571/3934/2033 2570/3933/2032 2552/3913/2014
f  2552/3913/2014 2554/3912/2016 2571/3934/2033
f  2540/3893/2002 2539/3892/2001 2529/3862/1991
f  2529/3862/1991 2491/3812/1954 2540/3893/2002
f  2540/3893/2002 2541/3894/2003 2536/3888/1998
f  2536/3888/1998 2535/3887/1997 2540/3893/2002
f  2539/3900/2001 2545/3899/2007 2503/3829/1966
f  2503/3829/1966 2529/3863/1991 2539/3900/2001
f  2550/3907/2012 2551/3909/2013 2545/3899/2007
f  2545/3899/2007 2544/3898/2006 2550/3907/2012
f  2530/3864/1992 2563/3923/2025 2562/3922/2024
f  2562/3922/2024 2520/3848/1982 2530/3864/1992
f  2560/3919/2022 2565/3925/2027 2562/3922/2024
f  2562/3922/2024 2561/3920/2023 2560/3919/2022
f  2528/3861/1990 2568/3928/2030 2563/3931/2025
f  2563/3931/2025 2530/3865/1992 2528/3861/1990
f  2569/3929/2031 2568/3928/2030 2551/3909/2013
f  2551/3909/2013 2550/3907/2012 2569/3929/2031
f  2534/3938/1996 2533/3939/1995 2538/3940/2000
f  2538/3941/2000 2535/3942/1997 2534/3943/1996
f  2534/3890/1996 2537/3889/1999 2546/3944/2008
f  2546/3944/2008 2531/3945/1993 2534/3890/1996
f  2533/3946/1995 2543/3908/2005 2544/3898/2006
f  2544/3898/2006 2538/3897/2000 2533/3946/1995
f  2553/3911/2015 2549/3947/2011 2543/3896/2005
f  2543/3896/2005 2542/3895/2004 2553/3911/2015
f  2564/3948/2026 2557/3949/2019 2556/3950/2018
f  2556/3951/2018 2561/3952/2023 2564/3953/2026
f  2572/3954/2034 2559/3918/2021 2556/3921/2018
f  2556/3921/2018 2555/3955/2017 2572/3954/2034
f  2569/3929/2031 2566/3937/2028 2557/3956/2019
f  2557/3956/2019 2564/3930/2026 2569/3929/2031
f  2567/3927/2029 2566/3926/2028 2549/3947/2011
f  2549/3947/2011 2553/3911/2015 2567/3927/2029
f  2573/3957/2035 2574/3958/2036 2575/3959/2037
f  2575/3959/2037 2576/3960/2038 2573/3957/2035
f  2577/3961/2039 2574/3962/2036 2578/3963/2040
f  2578/3963/2040 2579/3964/2041 2577/3961/2039
f  2577/3961/2039 2580/3965/2042 2581/3966/2043
f  2581/3966/2043 2582/3967/2044 2577/3961/2039
f  2583/3968/2045 2584/3969/2046 2580/3965/2042
f  2580/3965/2042 2585/3970/2047 2583/3968/2045
f  2576/3960/2038 2575/3959/2037 2586/3971/2048
f  2586/3971/2048 2587/3972/2049 2576/3960/2038
f  2582/3973/2044 2581/3974/2043 2588/3975/2050
f  2588/3975/2050 2589/3976/2051 2582/3973/2044
f  2573/3977/2035 2590/3978/2052 2591/3979/2053
f  2591/3979/2053 2592/3980/2054 2573/3977/2035
f  2576/3960/2038 2587/3972/2049 2590/3981/2052
f  2590/3981/2052 2573/3957/2035 2576/3960/2038
f  2593/3982/2055 2586/3983/2048 2589/3976/2051
f  2589/3976/2051 2594/3984/2056 2593/3982/2055
f  2595/3985/2057 2588/3975/2050 2596/3986/2058
f  2596/3986/2058 2597/3987/1013 2595/3985/2057
f  2590/3981/2052 2587/3972/2049 2598/3988/2059
f  2598/3988/2059 2599/3989/2060 2590/3981/2052
f  2591/3979/2053 2590/3978/2052 2599/3990/2060
f  2599/3990/2060 2600/3991/2061 2591/3979/2053
f  2601/3992/2062 2602/3993/2063 2603/3994/2064
f  2603/3994/2064 2604/3995/2065 2601/3992/2062
f  2605/3996/2066 2604/3997/2065 2606/3998/2067
f  2606/3998/2067 2607/3999/2068 2605/3996/2066
f  2606/3998/2067 2608/4000/2069 2609/4001/2070
f  2609/4001/2070 2610/4002/2071 2606/3998/2067
f  2611/4003/2072 2612/4004/2073 2610/4002/2071
f  2610/4002/2071 2613/4005/2074 2611/4003/2072
f  2614/4006/2075 2603/3994/2064 2602/3993/2063
f  2602/3993/2063 2615/4007/2076 2614/4006/2075
f  2616/4008/2077 2609/4009/2070 2608/4010/2069
f  2608/4010/2069 2617/4011/2078 2616/4008/2077
f  2601/4012/2062 2618/4013/2079 2619/4014/2080
f  2619/4014/2080 2620/4015/2081 2601/4012/2062
f  2602/3993/2063 2601/3992/2062 2620/4016/2081
f  2620/4016/2081 2615/4007/2076 2602/3993/2063
f  2617/4011/2078 2614/4017/2075 2593/3982/2055
f  2593/3982/2055 2594/3984/2056 2617/4011/2078
f  2621/4018/2082 2616/4008/2077 2595/3985/2057
f  2595/3985/2057 2597/3987/1013 2621/4018/2082
f  2620/4016/2081 2599/3989/2060 2598/3988/2059
f  2598/3988/2059 2615/4007/2076 2620/4016/2081
f  2619/4014/2080 2600/3991/2061 2599/3990/2060
f  2599/3990/2060 2620/4015/2081 2619/4014/2080
f  2580/3965/2042 2584/3969/2046 2622/4019/2083
f  2622/4019/2083 2581/3966/2043 2580/3965/2042
f  2580/3965/2042 2577/3961/2039 2579/3964/2041
f  2579/3964/2041 2585/3970/2047 2580/3965/2042
f  2581/3974/2043 2622/4020/2083 2596/3986/2058
f  2596/3986/2058 2588/3975/2050 2581/3974/2043
f  2594/3984/2056 2589/3976/2051 2588/3975/2050
f  2588/3975/2050 2595/3985/2057 2594/3984/2056
f  2623/4021/2084 2613/4005/2074 2610/4002/2071
f  2610/4002/2071 2609/4001/2070 2623/4021/2084
f  2607/3999/2068 2606/3998/2067 2610/4002/2071
f  2610/4002/2071 2612/4004/2073 2607/3999/2068
f  2621/4018/2082 2623/4022/2084 2609/4009/2070
f  2609/4009/2070 2616/4008/2077 2621/4018/2082
f  2617/4011/2078 2594/3984/2056 2595/3985/2057
f  2595/3985/2057 2616/4008/2077 2617/4011/2078
f  2574/4023/2036 2577/4024/2039 2582/4025/2044
f  2582/4026/2044 2575/4027/2037 2574/4028/2036
f  2574/3962/2036 2573/4029/2035 2592/4030/2054
f  2592/4030/2054 2578/3963/2040 2574/3962/2036
f  2575/4031/2037 2582/3973/2044 2589/3976/2051
f  2589/3976/2051 2586/3983/2048 2575/4031/2037
f  2598/3988/2059 2587/3972/2049 2586/3971/2048
f  2586/3971/2048 2593/4032/2055 2598/3988/2059
f  2608/4033/2069 2606/4034/2067 2604/4035/2065
f  2604/4036/2065 2603/4037/2064 2608/4038/2069
f  2618/4039/2079 2601/4040/2062 2604/3997/2065
f  2604/3997/2065 2605/3996/2066 2618/4039/2079
f  2617/4011/2078 2608/4010/2069 2603/4041/2064
f  2603/4041/2064 2614/4017/2075 2617/4011/2078
f  2615/4007/2076 2598/3988/2059 2593/4032/2055
f  2593/4032/2055 2614/4006/2075 2615/4007/2076
f  2624/4042/2085 2625/4043/2086 2626/4044/2087
f  2626/4044/2087 2627/4045/2088 2624/4042/2085
f  2628/4046/2089 2629/4047/2090 2630/4048/2091
f  2630/4048/2091 2627/4049/2088 2628/4046/2089
f  2628/4046/2089 2631/4050/2092 2632/4051/2093
f  2632/4051/2093 2633/4052/2094 2628/4046/2089
f  2583/3968/2045 2634/4053/2095 2633/4052/2094
f  2633/4052/2094 2584/3969/2046 2583/3968/2045
f  2625/4043/2086 2635/4054/2096 2636/4055/2097
f  2636/4055/2097 2626/4044/2087 2625/4043/2086
f  2631/4056/2092 2637/4057/2098 2638/4058/2099
f  2638/4058/2099 2632/4059/2093 2631/4056/2092
f  2624/4060/2085 2639/4061/2100 2640/4062/2101
f  2640/4062/2101 2641/4063/2102 2624/4060/2085
f  2625/4043/2086 2624/4042/2085 2641/4064/2102
f  2641/4064/2102 2635/4054/2096 2625/4043/2086
f  2642/4065/2103 2643/4066/2104 2637/4057/2098
f  2637/4057/2098 2636/4067/2097 2642/4065/2103
f  2644/4068/2105 2597/3987/1013 2596/3986/2058
f  2596/3986/2058 2638/4058/2099 2644/4068/2105
f  2641/4064/2102 2645/4069/2106 2646/4070/2107
f  2646/4070/2107 2635/4054/2096 2641/4064/2102
f  2640/4062/2101 2647/4071/2108 2645/4072/2106
f  2645/4072/2106 2641/4063/2102 2640/4062/2101
f  2648/4073/2109 2649/4074/2110 2650/4075/2111
f  2650/4075/2111 2651/4076/2112 2648/4073/2109
f  2652/4077/2113 2653/4078/2114 2654/4079/2115
f  2654/4079/2115 2649/4080/2110 2652/4077/2113
f  2654/4079/2115 2655/4081/2116 2656/4082/2117
f  2656/4082/2117 2657/4083/2118 2654/4079/2115
f  2611/4003/2072 2613/4005/2074 2655/4081/2116
f  2655/4081/2116 2658/4084/2119 2611/4003/2072
f  2659/4085/2120 2660/4086/2121 2651/4076/2112
f  2651/4076/2112 2650/4075/2111 2659/4085/2120
f  2661/4087/2122 2662/4088/2123 2657/4089/2118
f  2657/4089/2118 2656/4090/2117 2661/4087/2122
f  2648/4091/2109 2663/4092/2124 2664/4093/2125
f  2664/4093/2125 2665/4094/2126 2648/4091/2109
f  2651/4076/2112 2660/4086/2121 2663/4095/2124
f  2663/4095/2124 2648/4073/2109 2651/4076/2112
f  2662/4088/2123 2643/4066/2104 2642/4065/2103
f  2642/4065/2103 2659/4096/2120 2662/4088/2123
f  2621/4018/2082 2597/3987/1013 2644/4068/2105
f  2644/4068/2105 2661/4087/2122 2621/4018/2082
f  2663/4095/2124 2660/4086/2121 2646/4070/2107
f  2646/4070/2107 2645/4069/2106 2663/4095/2124
f  2664/4093/2125 2663/4092/2124 2645/4072/2106
f  2645/4072/2106 2647/4071/2108 2664/4093/2125
f  2633/4052/2094 2632/4051/2093 2622/4019/2083
f  2622/4019/2083 2584/3969/2046 2633/4052/2094
f  2633/4052/2094 2634/4053/2095 2629/4047/2090
f  2629/4047/2090 2628/4046/2089 2633/4052/2094
f  2632/4059/2093 2638/4058/2099 2596/3986/2058
f  2596/3986/2058 2622/4020/2083 2632/4059/2093
f  2643/4066/2104 2644/4068/2105 2638/4058/2099
f  2638/4058/2099 2637/4057/2098 2643/4066/2104
f  2623/4021/2084 2656/4082/2117 2655/4081/2116
f  2655/4081/2116 2613/4005/2074 2623/4021/2084
f  2653/4078/2114 2658/4084/2119 2655/4081/2116
f  2655/4081/2116 2654/4079/2115 2653/4078/2114
f  2621/4018/2082 2661/4087/2122 2656/4090/2117
f  2656/4090/2117 2623/4022/2084 2621/4018/2082
f  2662/4088/2123 2661/4087/2122 2644/4068/2105
f  2644/4068/2105 2643/4066/2104 2662/4088/2123
f  2627/4097/2088 2626/4098/2087 2631/4099/2092
f  2631/4100/2092 2628/4101/2089 2627/4102/2088
f  2627/4049/2088 2630/4048/2091 2639/4103/2100
f  2639/4103/2100 2624/4104/2085 2627/4049/2088
f  2626/4105/2087 2636/4067/2097 2637/4057/2098
f  2637/4057/2098 2631/4056/2092 2626/4105/2087
f  2646/4070/2107 2642/4106/2103 2636/4055/2097
f  2636/4055/2097 2635/4054/2096 2646/4070/2107
f  2657/4107/2118 2650/4108/2111 2649/3008/2110
f  2649/4109/2110 2654/4110/2115 2657/4111/2118
f  2665/4112/2126 2652/4077/2113 2649/4080/2110
f  2649/4080/2110 2648/4113/2109 2665/4112/2126
f  2662/4088/2123 2659/4096/2120 2650/4114/2111
f  2650/4114/2111 2657/4089/2118 2662/4088/2123
f  2660/4086/2121 2659/4085/2120 2642/4106/2103
f  2642/4106/2103 2646/4070/2107 2660/4086/2121
f  2371/3634/1826 2354/3617/1809 2356/3619/1811
f  2371/3634/1826 2362/3625/1817 2364/3627/1819
f  2368/3631/1823 2370/3633/1825 2371/3634/1826
f  2371/3634/1826 2349/3612/1804 2352/3615/1807
f  2666/4115/2127 2667/4116/2128 2668/4117/2129
f  2668/4117/2129 2669/4118/2130 2666/4115/2127
f  2667/4116/2128 2670/4119/2131 2671/4120/2132
f  2671/4120/2132 2668/4117/2129 2667/4116/2128
f  2670/4119/2131 2672/4121/2133 2673/4122/2134
f  2673/4122/2134 2671/4120/2132 2670/4119/2131
f  2672/4121/2133 2674/4123/2135 2675/4124/2136
f  2675/4124/2136 2673/4122/2134 2672/4121/2133
f  2674/4123/2135 2676/4125/2137 2677/4126/2138
f  2677/4126/2138 2675/4124/2136 2674/4123/2135
f  2676/4125/2137 2678/2600/2139 2679/4127/2140
f  2679/4127/2140 2677/4126/2138 2676/4125/2137
f  2678/2600/2139 2680/4128/2141 2681/4129/2142
f  2681/4129/2142 2679/4127/2140 2678/2600/2139
f  2680/4128/2141 2682/4130/2143 2683/4131/2144
f  2683/4131/2144 2681/4129/2142 2680/4128/2141
f  2682/4130/2143 2684/4132/2145 2685/4133/2146
f  2685/4133/2146 2683/4131/2144 2682/4130/2143
f  2684/4132/2145 2686/4134/2147 2687/4135/2148
f  2687/4135/2148 2685/4133/2146 2684/4132/2145
f  2686/4134/2147 2688/4136/2149 2689/4137/2150
f  2689/4137/2150 2687/4135/2148 2686/4134/2147
f  2688/4136/2149 2666/4115/2127 2669/4118/2130
f  2669/4118/2130 2689/4137/2150 2688/4136/2149
f  2690/4138/16 2671/4120/2132 2673/4122/2134
f  2690/4138/16 2689/4137/2150 2669/4118/2130
f  2690/4138/16 2675/4124/2136 2677/4126/2138
f  2681/4129/2142 2690/4138/16 2679/4127/2140
f  2690/4138/16 2677/4126/2138 2679/4127/2140
f  2668/4117/2129 2690/4138/16 2669/4118/2130
f  2690/4138/16 2683/4131/2144 2685/4133/2146
f  2687/4135/2148 2690/4138/16 2685/4133/2146
f  2691/4139/2151 2692/4140/2152 2693/4141/2153
f  2693/4141/2153 2694/4142/2154 2691/4139/2151
f  2695/4143/2155 2691/4144/2151 2694/4145/2154
f  2694/4145/2154 2696/4146/2156 2695/4143/2155
f  2697/4147/2157 2695/4148/2155 2696/4149/2156
f  2696/4149/2156 2698/4150/2158 2697/4147/2157
f  2699/4151/2159 2697/4147/2157 2698/4150/2158
f  2698/4150/2158 2700/4152/2160 2699/4151/2159
f  2701/4153/2161 2699/4154/2159 2700/4155/2160
f  2700/4155/2160 2702/4156/2162 2701/4153/2161
f  2703/4157/2163 2701/4158/2161 2702/4159/2162
f  2702/4159/2162 2704/4160/2164 2703/4157/2163
f  2705/4161/2165 2703/4157/2163 2704/4160/2164
f  2704/4160/2164 2706/4162/2166 2705/4161/2165
f  2707/4163/2167 2705/4164/2165 2706/4165/2166
f  2706/4165/2166 2708/4166/2168 2707/4163/2167
f  2709/4167/2169 2707/4168/2167 2708/4169/2168
f  2708/4169/2168 2710/4170/2170 2709/4167/2169
f  2711/4171/2171 2709/4167/2169 2710/4170/2170
f  2710/4170/2170 2712/4172/2172 2711/4171/2171
f  2713/4173/2173 2711/4174/2171 2712/4175/2172
f  2712/4175/2172 2714/4176/2174 2713/4173/2173
f  2692/4140/2152 2713/4177/2173 2714/4178/2174
f  2714/4178/2174 2693/4141/2153 2692/4140/2152
f  2715/4179/2175 2716/4180/2176 2717/4181/2177
f  2717/4181/2177 2718/4182/1536 2715/4179/2175
f  2719/4183/2178 2715/4179/2175 2718/4182/1536
f  2718/4182/1536 2720/4184/1533 2719/4183/2178
f  2721/4185/2179 2719/4186/2178 2720/4187/1533
f  2720/4187/1533 2722/4188/1532 2721/4185/2179
f  2723/4189/2180 2721/4185/2179 2722/4188/1532
f  2722/4188/1532 2724/4190/1530 2723/4189/2180
f  2725/4191/2181 2723/4192/2180 2724/4193/1530
f  2724/4193/1530 2726/4194/1526 2725/4191/2181
f  2727/4195/2182 2725/4191/2181 2726/4194/1526
f  2726/4194/1526 2728/4196/2183 2727/4195/2182
f  2729/4197/2184 2727/4195/2182 2728/4196/2183
f  2728/4196/2183 2730/4198/2185 2729/4197/2184
f  2731/4199/2186 2729/4200/2184 2730/4201/2185
f  2730/4201/2185 2732/4202/2187 2731/4199/2186
f  2733/4203/2188 2731/4199/2186 2732/4202/2187
f  2732/4202/2187 2734/4204/2189 2733/4203/2188
f  2735/4205/2190 2733/4203/2188 2734/4204/2189
f  2734/4204/2189 2736/4206/2190 2735/4205/2190
f  2737/4207/2191 2735/4205/2190 2736/4206/2190
f  2736/4206/2190 2738/4208/2192 2737/4207/2191
f  2716/4180/2176 2737/4209/2191 2738/4210/2192
f  2738/4210/2192 2717/4181/2177 2716/4180/2176
f  2739/4211/1536 2740/4212/2193 2692/4140/2152
f  2692/4140/2152 2691/4139/2151 2739/4211/1536
f  2741/4213/2175 2742/4214/2194 2740/4212/2193
f  2740/4212/2193 2739/4211/1536 2741/4213/2175
f  2743/4215/2195 2744/4216/2196 2742/4214/2194
f  2742/4214/2194 2741/4213/2175 2743/4215/2195
f  2718/4182/1536 2717/4181/2177 2744/4216/2196
f  2744/4216/2196 2743/4215/2195 2718/4182/1536
f  2745/4217/2197 2746/4218/2198 2667/4219/2199
f  2667/4219/2199 2666/4220/2200 2745/4217/2197
f  2747/4221/2201 2748/4222/2202 2746/4218/2198
f  2746/4218/2198 2745/4217/2197 2747/4221/2201
f  2716/4180/2176 2715/4179/2175 2748/4222/2202
f  2748/4222/2202 2747/4221/2201 2716/4180/2176
f  2749/4223/1572 2739/4211/1536 2691/4139/2151
f  2691/4139/2151 2695/4224/2155 2749/4223/1572
f  2750/4225/2203 2741/4213/2175 2739/4211/1536
f  2739/4211/1536 2749/4223/1572 2750/4225/2203
f  2751/4226/1573 2743/4215/2195 2741/4213/2175
f  2741/4213/2175 2750/4225/2203 2751/4226/1573
f  2720/4184/1533 2718/4182/1536 2743/4215/2195
f  2743/4215/2195 2751/4226/1573 2720/4184/1533
f  2746/4218/2198 2752/4227/2204 2670/4228/2205
f  2670/4228/2205 2667/4219/2199 2746/4218/2198
f  2748/4222/2202 2753/4229/1533 2752/4227/2204
f  2752/4227/2204 2746/4218/2198 2748/4222/2202
f  2715/4179/2175 2719/4183/2178 2753/4229/1533
f  2753/4229/1533 2748/4222/2202 2715/4179/2175
f  2754/4230/2206 2749/4231/1572 2695/4148/2155
f  2695/4148/2155 2697/4147/2157 2754/4230/2206
f  2755/4232/2207 2750/4233/2203 2749/4231/1572
f  2749/4231/1572 2754/4230/2206 2755/4232/2207
f  2756/4234/2208 2751/4235/1573 2750/4233/2203
f  2750/4233/2203 2755/4232/2207 2756/4234/2208
f  2722/4188/1532 2720/4187/1533 2751/4235/1573
f  2751/4235/1573 2756/4234/2208 2722/4188/1532
f  2752/4236/2204 2757/4237/2209 2672/4238/2210
f  2672/4238/2210 2670/4239/2205 2752/4236/2204
f  2753/4240/1533 2758/4241/2211 2757/4237/2209
f  2757/4237/2209 2752/4236/2204 2753/4240/1533
f  2719/4186/2178 2721/4185/2179 2758/4241/2211
f  2758/4241/2211 2753/4240/1533 2719/4186/2178
f  2759/4242/2212 2754/4230/2206 2697/4147/2157
f  2697/4147/2157 2699/4151/2159 2759/4242/2212
f  2760/4243/2213 2755/4232/2207 2754/4230/2206
f  2754/4230/2206 2759/4242/2212 2760/4243/2213
f  2761/4244/2214 2756/4234/2208 2755/4232/2207
f  2755/4232/2207 2760/4243/2213 2761/4244/2214
f  2724/4190/1530 2722/4188/1532 2756/4234/2208
f  2756/4234/2208 2761/4244/2214 2724/4190/1530
f  2757/4237/2209 2762/4245/2215 2674/4246/2216
f  2674/4246/2216 2672/4238/2210 2757/4237/2209
f  2758/4241/2211 2763/4247/1561 2762/4245/2215
f  2762/4245/2215 2757/4237/2209 2758/4241/2211
f  2721/4185/2179 2723/4189/2180 2763/4247/1561
f  2763/4247/1561 2758/4241/2211 2721/4185/2179
f  2764/4248/2217 2759/4249/2212 2699/4250/2159
f  2699/4250/2159 2701/4158/2161 2764/4248/2217
f  2765/4251/2218 2760/4252/2213 2759/4249/2212
f  2759/4249/2212 2764/4248/2217 2765/4251/2218
f  2766/4253/1526 2761/4254/2214 2760/4252/2213
f  2760/4252/2213 2765/4251/2218 2766/4253/1526
f  2726/4194/1526 2724/4193/1530 2761/4254/2214
f  2761/4254/2214 2766/4253/1526 2726/4194/1526
f  2762/4255/2215 2767/4256/2219 2676/4257/2220
f  2676/4257/2220 2674/4258/2216 2762/4255/2215
f  2763/4259/1561 2768/4260/2221 2767/4256/2219
f  2767/4256/2219 2762/4255/2215 2763/4259/1561
f  2723/4192/2180 2725/4191/2181 2768/4260/2221
f  2768/4260/2221 2763/4259/1561 2723/4192/2180
f  2769/4261/2222 2764/4248/2217 2701/4158/2161
f  2701/4158/2161 2703/4157/2163 2769/4261/2222
f  2770/4262/2223 2765/4251/2218 2764/4248/2217
f  2764/4248/2217 2769/4261/2222 2770/4262/2223
f  2771/4263/2224 2766/4253/1526 2765/4251/2218
f  2765/4251/2218 2770/4262/2223 2771/4263/2224
f  2728/4196/2183 2726/4194/1526 2766/4253/1526
f  2766/4253/1526 2771/4263/2224 2728/4196/2183
f  2767/4256/2219 2772/4264/2225 2678/4265/2226
f  2678/4265/2226 2676/4257/2220 2767/4256/2219
f  2768/4260/2221 2773/4266/2227 2772/4264/2225
f  2772/4264/2225 2767/4256/2219 2768/4260/2221
f  2725/4191/2181 2727/4195/2182 2773/4266/2227
f  2773/4266/2227 2768/4260/2221 2725/4191/2181
f  2774/4267/2228 2769/4261/2222 2703/4157/2163
f  2703/4157/2163 2705/4161/2165 2774/4267/2228
f  2775/4268/2229 2770/4262/2223 2769/4261/2222
f  2769/4261/2222 2774/4267/2228 2775/4268/2229
f  2776/4269/2230 2771/4263/2224 2770/4262/2223
f  2770/4262/2223 2775/4268/2229 2776/4269/2230
f  2730/4198/2185 2728/4196/2183 2771/4263/2224
f  2771/4263/2224 2776/4269/2230 2730/4198/2185
f  2772/4264/2225 2777/4270/2231 2680/4271/2232
f  2680/4271/2232 2678/4265/2226 2772/4264/2225
f  2773/4266/2227 2778/4272/2233 2777/4270/2231
f  2777/4270/2231 2772/4264/2225 2773/4266/2227
f  2727/4195/2182 2729/4197/2184 2778/4272/2233
f  2778/4272/2233 2773/4266/2227 2727/4195/2182
f  2779/4273/2234 2774/4274/2228 2705/4275/2165
f  2705/4275/2165 2707/4168/2167 2779/4273/2234
f  2780/4276/2235 2775/4277/2229 2774/4274/2228
f  2774/4274/2228 2779/4273/2234 2780/4276/2235
f  2781/4278/1610 2776/4279/2230 2775/4277/2229
f  2775/4277/2229 2780/4276/2235 2781/4278/1610
f  2732/4202/2187 2730/4201/2185 2776/4279/2230
f  2776/4279/2230 2781/4278/1610 2732/4202/2187
f  2777/4280/2231 2782/4281/2236 2682/4282/2237
f  2682/4282/2237 2680/4283/2232 2777/4280/2231
f  2778/4284/2233 2783/4285/2238 2782/4281/2236
f  2782/4281/2236 2777/4280/2231 2778/4284/2233
f  2729/4200/2184 2731/4199/2186 2783/4285/2238
f  2783/4285/2238 2778/4284/2233 2729/4200/2184
f  2784/4286/1600 2779/4273/2234 2707/4168/2167
f  2707/4168/2167 2709/4167/2169 2784/4286/1600
f  2785/4287/1599 2780/4276/2235 2779/4273/2234
f  2779/4273/2234 2784/4286/1600 2785/4287/1599
f  2786/4288/2239 2781/4278/1610 2780/4276/2235
f  2780/4276/2235 2785/4287/1599 2786/4288/2239
f  2734/4204/2189 2732/4202/2187 2781/4278/1610
f  2781/4278/1610 2786/4288/2239 2734/4204/2189
f  2782/4281/2236 2787/4289/2240 2684/4290/2241
f  2684/4290/2241 2682/4282/2237 2782/4281/2236
f  2783/4285/2238 2788/4291/2242 2787/4289/2240
f  2787/4289/2240 2782/4281/2236 2783/4285/2238
f  2731/4199/2186 2733/4203/2188 2788/4291/2242
f  2788/4291/2242 2783/4285/2238 2731/4199/2186
f  2789/4292/2243 2784/4286/1600 2709/4167/2169
f  2709/4167/2169 2711/4171/2171 2789/4292/2243
f  2790/4293/2244 2785/4287/1599 2784/4286/1600
f  2784/4286/1600 2789/4292/2243 2790/4293/2244
f  2791/4294/2190 2786/4288/2239 2785/4287/1599
f  2785/4287/1599 2790/4293/2244 2791/4294/2190
f  2736/4206/2190 2734/4204/2189 2786/4288/2239
f  2786/4288/2239 2791/4294/2190 2736/4206/2190
f  2787/4289/2240 2792/4295/2245 2686/4296/2246
f  2686/4296/2246 2684/4290/2241 2787/4289/2240
f  2788/4291/2242 2793/4297/2247 2792/4295/2245
f  2792/4295/2245 2787/4289/2240 2788/4291/2242
f  2733/4203/2188 2735/4205/2190 2793/4297/2247
f  2793/4297/2247 2788/4291/2242 2733/4203/2188
f  2794/4298/2248 2789/4292/2243 2711/4171/2171
f  2711/4171/2171 2713/4299/2173 2794/4298/2248
f  2795/4300/2249 2790/4293/2244 2789/4292/2243
f  2789/4292/2243 2794/4298/2248 2795/4300/2249
f  2796/4301/1539 2791/4294/2190 2790/4293/2244
f  2790/4293/2244 2795/4300/2249 2796/4301/1539
f  2738/4208/2192 2736/4206/2190 2791/4294/2190
f  2791/4294/2190 2796/4301/1539 2738/4208/2192
f  2792/4295/2245 2797/4302/2250 2688/4303/2251
f  2688/4303/2251 2686/4296/2246 2792/4295/2245
f  2793/4297/2247 2798/4304/2252 2797/4302/2250
f  2797/4302/2250 2792/4295/2245 2793/4297/2247
f  2735/4205/2190 2737/4207/2191 2798/4304/2252
f  2798/4304/2252 2793/4297/2247 2735/4205/2190
f  2740/4212/2193 2794/4305/2248 2713/4177/2173
f  2713/4177/2173 2692/4140/2152 2740/4212/2193
f  2742/4214/2194 2795/4306/2249 2794/4305/2248
f  2794/4305/2248 2740/4212/2193 2742/4214/2194
f  2744/4216/2196 2796/4307/1539 2795/4306/2249
f  2795/4306/2249 2742/4214/2194 2744/4216/2196
f  2717/4181/2177 2738/4210/2192 2796/4307/1539
f  2796/4307/1539 2744/4216/2196 2717/4181/2177
f  2797/4308/2250 2745/4217/2197 2666/4220/2200
f  2666/4220/2200 2688/4309/2251 2797/4308/2250
f  2798/4310/2252 2747/4221/2201 2745/4217/2197
f  2745/4217/2197 2797/4308/2250 2798/4310/2252
f  2737/4209/2191 2716/4180/2176 2747/4221/2201
f  2747/4221/2201 2798/4310/2252 2737/4209/2191
f  2799/4311/2253 2800/4312/2254 2801/4313/2255
f  2801/4313/2255 2802/4314/2256 2799/4311/2253
f  2803/4315/2257 2800/4316/2254 2804/4317/2258
f  2804/4317/2258 2805/4318/2259 2803/4315/2257
f  2803/4315/2257 2806/4319/2260 2807/4320/2261
f  2807/4320/2261 2808/4321/2262 2803/4315/2257
f  2809/4322/2263 2810/4323/2264 2806/4319/2260
f  2806/4319/2260 2811/4324/2265 2809/4322/2263
f  2802/4314/2256 2801/4313/2255 2812/4325/2266
f  2812/4325/2266 2813/4326/2267 2802/4314/2256
f  2808/4327/2262 2807/4328/2261 2814/4329/2268
f  2814/4329/2268 2815/4330/2269 2808/4327/2262
f  2799/4331/2253 2816/4332/2270 2817/4333/2271
f  2817/4333/2271 2818/4334/2272 2799/4331/2253
f  2802/4314/2256 2813/4326/2267 2816/4335/2270
f  2816/4335/2270 2799/4311/2253 2802/4314/2256
f  2819/4336/2273 2812/4337/2266 2815/4330/2269
f  2815/4330/2269 2820/4338/2274 2819/4336/2273
f  2821/4339/2275 2814/4329/2268 2822/4340/2276
f  2822/4340/2276 2823/4341/940 2821/4339/2275
f  2816/4335/2270 2813/4326/2267 2824/4342/2277
f  2824/4342/2277 2825/4343/2278 2816/4335/2270
f  2817/4333/2271 2816/4332/2270 2825/4344/2278
f  2825/4344/2278 2826/4345/2279 2817/4333/2271
f  2827/4346/2280 2828/4347/2281 2829/4348/2282
f  2829/4348/2282 2830/4349/2283 2827/4346/2280
f  2831/4350/2284 2830/4351/2283 2832/4352/2285
f  2832/4352/2285 2833/4353/2286 2831/4350/2284
f  2832/4352/2285 2834/4354/2287 2835/4355/2288
f  2835/4355/2288 2836/4356/2289 2832/4352/2285
f  2837/4357/2290 2838/4358/2291 2836/4356/2289
f  2836/4356/2289 2839/4359/2292 2837/4357/2290
f  2840/4360/2293 2829/4348/2282 2828/4347/2281
f  2828/4347/2281 2841/4361/2294 2840/4360/2293
f  2842/4362/2295 2835/4363/2288 2834/4364/2287
f  2834/4364/2287 2843/4365/2296 2842/4362/2295
f  2827/4366/2280 2844/4367/2297 2845/4368/2298
f  2845/4368/2298 2846/4369/2299 2827/4366/2280
f  2828/4347/2281 2827/4346/2280 2846/4370/2299
f  2846/4370/2299 2841/4361/2294 2828/4347/2281
f  2843/4365/2296 2840/4371/2293 2819/4336/2273
f  2819/4336/2273 2820/4338/2274 2843/4365/2296
f  2847/4372/2300 2842/4362/2295 2821/4339/2275
f  2821/4339/2275 2823/4341/940 2847/4372/2300
f  2846/4370/2299 2825/4343/2278 2824/4342/2277
f  2824/4342/2277 2841/4361/2294 2846/4370/2299
f  2845/4368/2298 2826/4345/2279 2825/4344/2278
f  2825/4344/2278 2846/4369/2299 2845/4368/2298
f  2806/4319/2260 2810/4323/2264 2848/4373/2301
f  2848/4373/2301 2807/4320/2261 2806/4319/2260
f  2806/4319/2260 2803/4315/2257 2805/4318/2259
f  2805/4318/2259 2811/4324/2265 2806/4319/2260
f  2807/4328/2261 2848/4374/2301 2822/4340/2276
f  2822/4340/2276 2814/4329/2268 2807/4328/2261
f  2820/4338/2274 2815/4330/2269 2814/4329/2268
f  2814/4329/2268 2821/4339/2275 2820/4338/2274
f  2849/4375/2302 2839/4359/2292 2836/4356/2289
f  2836/4356/2289 2835/4355/2288 2849/4375/2302
f  2833/4353/2286 2832/4352/2285 2836/4356/2289
f  2836/4356/2289 2838/4358/2291 2833/4353/2286
f  2847/4372/2300 2849/4376/2302 2835/4363/2288
f  2835/4363/2288 2842/4362/2295 2847/4372/2300
f  2843/4365/2296 2820/4338/2274 2821/4339/2275
f  2821/4339/2275 2842/4362/2295 2843/4365/2296
f  2800/4377/2254 2803/4378/2257 2808/4379/2262
f  2808/4380/2262 2801/4381/2255 2800/4382/2254
f  2800/4316/2254 2799/4383/2253 2818/4384/2272
f  2818/4384/2272 2804/4317/2258 2800/4316/2254
f  2801/4385/2255 2808/4327/2262 2815/4330/2269
f  2815/4330/2269 2812/4337/2266 2801/4385/2255
f  2824/4342/2277 2813/4326/2267 2812/4325/2266
f  2812/4325/2266 2819/4386/2273 2824/4342/2277
f  2834/4387/2287 2832/4388/2285 2830/4389/2283
f  2830/4390/2283 2829/4391/2282 2834/4392/2287
f  2844/4393/2297 2827/4394/2280 2830/4351/2283
f  2830/4351/2283 2831/4350/2284 2844/4393/2297
f  2843/4365/2296 2834/4364/2287 2829/4395/2282
f  2829/4395/2282 2840/4371/2293 2843/4365/2296
f  2841/4361/2294 2824/4342/2277 2819/4386/2273
f  2819/4386/2273 2840/4360/2293 2841/4361/2294
f  2850/4396/2303 2851/4397/2304 2852/4398/2305
f  2852/4398/2305 2853/4399/2306 2850/4396/2303
f  2854/4400/2307 2855/4401/2308 2856/4402/2309
f  2856/4402/2309 2853/4403/2306 2854/4400/2307
f  2854/4400/2307 2857/4404/2310 2858/4405/2311
f  2858/4405/2311 2859/4406/2312 2854/4400/2307
f  2809/4322/2263 2860/4407/2313 2859/4406/2312
f  2859/4406/2312 2810/4323/2264 2809/4322/2263
f  2851/4397/2304 2861/4408/2314 2862/4409/2315
f  2862/4409/2315 2852/4398/2305 2851/4397/2304
f  2857/4410/2310 2863/4411/2316 2864/4412/2317
f  2864/4412/2317 2858/4413/2311 2857/4410/2310
f  2850/4414/2303 2865/4415/2318 2866/4416/2319
f  2866/4416/2319 2867/4417/2320 2850/4414/2303
f  2851/4397/2304 2850/4396/2303 2867/4418/2320
f  2867/4418/2320 2861/4408/2314 2851/4397/2304
f  2868/4419/2321 2869/4420/2322 2863/4411/2316
f  2863/4411/2316 2862/4421/2315 2868/4419/2321
f  2870/4422/2323 2823/4341/940 2822/4340/2276
f  2822/4340/2276 2864/4412/2317 2870/4422/2323
f  2867/4418/2320 2871/4423/2324 2872/4424/2325
f  2872/4424/2325 2861/4408/2314 2867/4418/2320
f  2866/4416/2319 2873/4425/2326 2871/4426/2324
f  2871/4426/2324 2867/4417/2320 2866/4416/2319
f  2874/4427/2327 2875/4428/2328 2876/4429/2329
f  2876/4429/2329 2877/4430/2330 2874/4427/2327
f  2878/4431/2331 2879/4432/2332 2880/4433/2333
f  2880/4433/2333 2875/4434/2328 2878/4431/2331
f  2880/4433/2333 2881/4435/2334 2882/4436/2335
f  2882/4436/2335 2883/4437/2336 2880/4433/2333
f  2837/4357/2290 2839/4359/2292 2881/4435/2334
f  2881/4435/2334 2884/4438/2337 2837/4357/2290
f  2885/4439/2338 2886/4440/2339 2877/4430/2330
f  2877/4430/2330 2876/4429/2329 2885/4439/2338
f  2887/4441/2340 2888/4442/2341 2883/4443/2336
f  2883/4443/2336 2882/4444/2335 2887/4441/2340
f  2874/4445/2327 2889/4446/2342 2890/4447/2343
f  2890/4447/2343 2891/4013/2344 2874/4445/2327
f  2877/4430/2330 2886/4440/2339 2889/4448/2342
f  2889/4448/2342 2874/4427/2327 2877/4430/2330
f  2888/4442/2341 2869/4420/2322 2868/4419/2321
f  2868/4419/2321 2885/4449/2338 2888/4442/2341
f  2847/4372/2300 2823/4341/940 2870/4422/2323
f  2870/4422/2323 2887/4441/2340 2847/4372/2300
f  2889/4448/2342 2886/4440/2339 2872/4424/2325
f  2872/4424/2325 2871/4423/2324 2889/4448/2342
f  2890/4447/2343 2889/4446/2342 2871/4426/2324
f  2871/4426/2324 2873/4425/2326 2890/4447/2343
f  2859/4406/2312 2858/4405/2311 2848/4373/2301
f  2848/4373/2301 2810/4323/2264 2859/4406/2312
f  2859/4406/2312 2860/4407/2313 2855/4401/2308
f  2855/4401/2308 2854/4400/2307 2859/4406/2312
f  2858/4413/2311 2864/4412/2317 2822/4340/2276
f  2822/4340/2276 2848/4374/2301 2858/4413/2311
f  2869/4420/2322 2870/4422/2323 2864/4412/2317
f  2864/4412/2317 2863/4411/2316 2869/4420/2322
f  2849/4375/2302 2882/4436/2335 2881/4435/2334
f  2881/4435/2334 2839/4359/2292 2849/4375/2302
f  2879/4432/2332 2884/4438/2337 2881/4435/2334
f  2881/4435/2334 2880/4433/2333 2879/4432/2332
f  2847/4372/2300 2887/4441/2340 2882/4444/2335
f  2882/4444/2335 2849/4376/2302 2847/4372/2300
f  2888/4442/2341 2887/4441/2340 2870/4422/2323
f  2870/4422/2323 2869/4420/2322 2888/4442/2341
f  2853/3375/2306 2852/4450/2305 2857/4451/2310
f  2857/4452/2310 2854/4453/2307 2853/4454/2306
f  2853/4403/2306 2856/4402/2309 2865/4455/2318
f  2865/4455/2318 2850/4456/2303 2853/4403/2306
f  2852/4457/2305 2862/4421/2315 2863/4411/2316
f  2863/4411/2316 2857/4410/2310 2852/4457/2305
f  2872/4424/2325 2868/4458/2321 2862/4409/2315
f  2862/4409/2315 2861/4408/2314 2872/4424/2325
f  2883/4459/2336 2876/4460/2329 2875/4461/2328
f  2875/4462/2328 2880/4463/2333 2883/4464/2336
f  2891/4465/2344 2878/4431/2331 2875/4434/2328
f  2875/4434/2328 2874/4466/2327 2891/4465/2344
f  2888/4442/2341 2885/4449/2338 2876/4467/2329
f  2876/4467/2329 2883/4443/2336 2888/4442/2341
f  2886/4440/2339 2885/4439/2338 2868/4458/2321
f  2868/4458/2321 2872/4424/2325 2886/4440/2339
f  2892/4468/2345 2893/4469/2346 2894/4470/2347
f  2894/4470/2347 2895/4471/2348 2892/4468/2345
f  2896/4472/2349 2893/4473/2346 2897/4474/2350
f  2897/4474/2350 2898/4475/2351 2896/4472/2349
f  2896/4472/2349 2899/4476/2352 2900/4477/2353
f  2900/4477/2353 2901/4478/2354 2896/4472/2349
f  2902/4479/2355 2903/4480/2356 2899/4476/2352
f  2899/4476/2352 2904/4481/2357 2902/4479/2355
f  2895/4471/2348 2894/4470/2347 2905/4482/2358
f  2905/4482/2358 2906/4483/2359 2895/4471/2348
f  2901/4484/2354 2900/4485/2353 2907/4486/2360
f  2907/4486/2360 2908/4487/2361 2901/4484/2354
f  2892/4488/2345 2909/4489/2362 2910/4490/2363
f  2910/4490/2363 2911/3350/2364 2892/4488/2345
f  2895/4471/2348 2906/4483/2359 2909/4491/2362
f  2909/4491/2362 2892/4468/2345 2895/4471/2348
f  2912/4492/2365 2905/4493/2358 2908/4487/2361
f  2908/4487/2361 2913/4494/2366 2912/4492/2365
f  2914/4495/2367 2907/4486/2360 2915/4496/2368
f  2915/4496/2368 2916/4497/1013 2914/4495/2367
f  2909/4491/2362 2906/4483/2359 2917/4498/2369
f  2917/4498/2369 2918/4499/2370 2909/4491/2362
f  2910/4490/2363 2909/4489/2362 2918/4500/2370
f  2918/4500/2370 2919/4501/2371 2910/4490/2363
f  2920/4502/2372 2921/4503/2373 2922/4504/2374
f  2922/4504/2374 2923/4505/2375 2920/4502/2372
f  2924/4506/2376 2923/4507/2375 2925/4508/2377
f  2925/4508/2377 2926/4509/2378 2924/4506/2376
f  2925/4508/2377 2927/4510/2379 2928/4511/2380
f  2928/4511/2380 2929/4512/2381 2925/4508/2377
f  2930/4513/2382 2931/4514/2383 2929/4512/2381
f  2929/4512/2381 2932/4515/2384 2930/4513/2382
f  2933/4516/2385 2922/4504/2374 2921/4503/2373
f  2921/4503/2373 2934/4517/2386 2933/4516/2385
f  2935/4518/2387 2928/4519/2380 2927/4520/2379
f  2927/4520/2379 2936/4521/2388 2935/4518/2387
f  2920/4522/2372 2937/4523/2389 2938/4524/2390
f  2938/4524/2390 2939/4525/2391 2920/4522/2372
f  2921/4503/2373 2920/4502/2372 2939/4526/2391
f  2939/4526/2391 2934/4517/2386 2921/4503/2373
f  2936/4521/2388 2933/4527/2385 2912/4492/2365
f  2912/4492/2365 2913/4494/2366 2936/4521/2388
f  2940/4528/2392 2935/4518/2387 2914/4495/2367
f  2914/4495/2367 2916/4497/1013 2940/4528/2392
f  2939/4526/2391 2918/4499/2370 2917/4498/2369
f  2917/4498/2369 2934/4517/2386 2939/4526/2391
f  2938/4524/2390 2919/4501/2371 2918/4500/2370
f  2918/4500/2370 2939/4525/2391 2938/4524/2390
f  2899/4476/2352 2903/4480/2356 2941/4529/2393
f  2941/4529/2393 2900/4477/2353 2899/4476/2352
f  2899/4476/2352 2896/4472/2349 2898/4475/2351
f  2898/4475/2351 2904/4481/2357 2899/4476/2352
f  2900/4485/2353 2941/4530/2393 2915/4496/2368
f  2915/4496/2368 2907/4486/2360 2900/4485/2353
f  2913/4494/2366 2908/4487/2361 2907/4486/2360
f  2907/4486/2360 2914/4495/2367 2913/4494/2366
f  2942/4531/2394 2932/4515/2384 2929/4512/2381
f  2929/4512/2381 2928/4511/2380 2942/4531/2394
f  2926/4509/2378 2925/4508/2377 2929/4512/2381
f  2929/4512/2381 2931/4514/2383 2926/4509/2378
f  2940/4528/2392 2942/4532/2394 2928/4519/2380
f  2928/4519/2380 2935/4518/2387 2940/4528/2392
f  2936/4521/2388 2913/4494/2366 2914/4495/2367
f  2914/4495/2367 2935/4518/2387 2936/4521/2388
f  2893/4533/2346 2896/4534/2349 2901/4535/2354
f  2901/4536/2354 2894/4537/2347 2893/4538/2346
f  2893/4473/2346 2892/3534/2345 2911/4539/2364
f  2911/4539/2364 2897/4474/2350 2893/4473/2346
f  2894/4540/2347 2901/4484/2354 2908/4487/2361
f  2908/4487/2361 2905/4493/2358 2894/4540/2347
f  2917/4498/2369 2906/4483/2359 2905/4482/2358
f  2905/4482/2358 2912/4541/2365 2917/4498/2369
f  2927/4542/2379 2925/4543/2377 2923/4544/2375
f  2923/4545/2375 2922/4546/2374 2927/4547/2379
f  2937/4548/2389 2920/4549/2372 2923/4507/2375
f  2923/4507/2375 2924/4506/2376 2937/4548/2389
f  2936/4521/2388 2927/4520/2379 2922/4550/2374
f  2922/4550/2374 2933/4527/2385 2936/4521/2388
f  2934/4517/2386 2917/4498/2369 2912/4541/2365
f  2912/4541/2365 2933/4516/2385 2934/4517/2386
f  2943/4551/2395 2944/4552/2396 2945/4553/2397
f  2945/4553/2397 2946/4554/2398 2943/4551/2395
f  2947/4555/2399 2948/4556/2400 2949/4557/2401
f  2949/4557/2401 2946/4558/2398 2947/4555/2399
f  2947/4555/2399 2950/4559/2402 2951/4560/2403
f  2951/4560/2403 2952/4561/2404 2947/4555/2399
f  2902/4479/2355 2953/4562/2405 2952/4561/2404
f  2952/4561/2404 2903/4480/2356 2902/4479/2355
f  2944/4552/2396 2954/4563/2406 2955/4564/2407
f  2955/4564/2407 2945/4553/2397 2944/4552/2396
f  2950/4565/2402 2956/4566/2408 2957/4567/2409
f  2957/4567/2409 2951/4568/2403 2950/4565/2402
f  2943/4569/2395 2958/4153/2410 2959/4570/2411
f  2959/4570/2411 2960/4571/2412 2943/4569/2395
f  2944/4552/2396 2943/4551/2395 2960/4572/2412
f  2960/4572/2412 2954/4563/2406 2944/4552/2396
f  2961/4573/2413 2962/4574/2414 2956/4566/2408
f  2956/4566/2408 2955/4575/2407 2961/4573/2413
f  2963/4576/2415 2916/4497/1013 2915/4496/2368
f  2915/4496/2368 2957/4567/2409 2963/4576/2415
f  2960/4572/2412 2964/4577/2416 2965/4578/2417
f  2965/4578/2417 2954/4563/2406 2960/4572/2412
f  2959/4570/2411 2966/4579/2418 2964/4580/2416
f  2964/4580/2416 2960/4571/2412 2959/4570/2411
f  2967/4581/2419 2968/4582/2420 2969/4583/2421
f  2969/4583/2421 2970/4584/2422 2967/4581/2419
f  2971/4585/2423 2972/4586/2424 2973/4587/2425
f  2973/4587/2425 2968/4588/2420 2971/4585/2423
f  2973/4587/2425 2974/4589/2426 2975/4590/2427
f  2975/4590/2427 2976/4591/2428 2973/4587/2425
f  2930/4513/2382 2932/4515/2384 2974/4589/2426
f  2974/4589/2426 2977/4592/2429 2930/4513/2382
f  2978/4593/2430 2979/4594/2431 2970/4584/2422
f  2970/4584/2422 2969/4583/2421 2978/4593/2430
f  2980/4595/2432 2981/4596/2433 2976/4597/2428
f  2976/4597/2428 2975/4598/2427 2980/4595/2432
f  2967/4599/2419 2982/4600/2434 2983/4601/2435
f  2983/4601/2435 2984/4602/2436 2967/4599/2419
f  2970/4584/2422 2979/4594/2431 2982/4603/2434
f  2982/4603/2434 2967/4581/2419 2970/4584/2422
f  2981/4596/2433 2962/4574/2414 2961/4573/2413
f  2961/4573/2413 2978/4604/2430 2981/4596/2433
f  2940/4528/2392 2916/4497/1013 2963/4576/2415
f  2963/4576/2415 2980/4595/2432 2940/4528/2392
f  2982/4603/2434 2979/4594/2431 2965/4578/2417
f  2965/4578/2417 2964/4577/2416 2982/4603/2434
f  2983/4601/2435 2982/4600/2434 2964/4580/2416
f  2964/4580/2416 2966/4579/2418 2983/4601/2435
f  2952/4561/2404 2951/4560/2403 2941/4529/2393
f  2941/4529/2393 2903/4480/2356 2952/4561/2404
f  2952/4561/2404 2953/4562/2405 2948/4556/2400
f  2948/4556/2400 2947/4555/2399 2952/4561/2404
f  2951/4568/2403 2957/4567/2409 2915/4496/2368
f  2915/4496/2368 2941/4530/2393 2951/4568/2403
f  2962/4574/2414 2963/4576/2415 2957/4567/2409
f  2957/4567/2409 2956/4566/2408 2962/4574/2414
f  2942/4531/2394 2975/4590/2427 2974/4589/2426
f  2974/4589/2426 2932/4515/2384 2942/4531/2394
f  2972/4586/2424 2977/4592/2429 2974/4589/2426
f  2974/4589/2426 2973/4587/2425 2972/4586/2424
f  2940/4528/2392 2980/4595/2432 2975/4598/2427
f  2975/4598/2427 2942/4532/2394 2940/4528/2392
f  2981/4596/2433 2980/4595/2432 2963/4576/2415
f  2963/4576/2415 2962/4574/2414 2981/4596/2433
f  2946/4605/2398 2945/4606/2397 2950/4607/2402
f  2950/4608/2402 2947/4609/2399 2946/4610/2398
f  2946/4558/2398 2949/4557/2401 2958/4611/2410
f  2958/4611/2410 2943/4612/2395 2946/4558/2398
f  2945/4613/2397 2955/4575/2407 2956/4566/2408
f  2956/4566/2408 2950/4565/2402 2945/4613/2397
f  2965/4578/2417 2961/4614/2413 2955/4564/2407
f  2955/4564/2407 2954/4563/2406 2965/4578/2417
f  2976/4615/2428 2969/4616/2421 2968/4617/2420
f  2968/4618/2420 2973/4619/2425 2976/4620/2428
f  2984/4621/2436 2971/4585/2423 2968/4588/2420
f  2968/4588/2420 2967/4622/2419 2984/4621/2436
f  2981/4596/2433 2978/4604/2430 2969/4623/2421
f  2969/4623/2421 2976/4597/2428 2981/4596/2433
f  2979/4594/2431 2978/4593/2430 2961/4614/2413
f  2961/4614/2413 2965/4578/2417 2979/4594/2431
f  2690/4138/16 2673/4122/2134 2675/4124/2136
f  2690/4138/16 2681/4129/2142 2683/4131/2144
f  2687/4135/2148 2689/4137/2150 2690/4138/16
f  2690/4138/16 2668/4117/2129 2671/4120/2132
f  2985/4624/2437 2986/4625/2438 2987/4626/2439
f  2985/4624/2437 2987/4626/2439 2988/4627/2440
f  2985/4624/2437 2988/4627/2440 2989/4628/2441
f  2985/4624/2437 2989/4628/2441 2990/4629/2442
f  2985/4624/2437 2990/4629/2442 2991/4630/2443
f  2991/4630/2443 2992/4631/2444 2985/4624/2437
f  2993/4632/2445 2994/4633/2446 2995/4634/2447
f  2993/4632/2445 2995/4634/2447 2996/4635/2448
f  2993/4632/2445 2996/4635/2448 2997/4636/2449
f  2993/4632/2445 2997/4636/2449 2998/4637/2450
f  2993/4632/2445 2998/4637/2450 2999/4638/2451
f  2999/4638/2451 3000/4639/2452 2993/4632/2445
f  3001/4640/2453 3002/4641/2454 3003/4642/2455
f  3003/4642/2455 3004/4643/2456 3001/4640/2453
f  3005/4644/2457 3006/4645/2458 3007/4646/2459
f  3007/4646/2459 3008/4647/2460 3005/4644/2457
f  3009/4648/2461 3010/4649/2462 3011/4650/2463
f  3011/4650/2463 3012/4651/2464 3009/4648/2461
f  3005/4644/2457 3013/4652/2465 3014/4653/2466
f  3014/4653/2466 3015/4654/2467 3005/4644/2457
f  3016/4655/2468 3017/4656/2469 3018/4657/2470
f  3018/4657/2470 3019/4658/2471 3016/4655/2468
f  3015/4654/2467 3014/4653/2466 3020/4659/2472
f  3020/4659/2472 3021/4660/2473 3015/4654/2467
f  3022/4661/2474 3023/4662/2475 3024/4663/2476
f  3024/4663/2476 3025/4664/2477 3022/4661/2474
f  3002/4665/2454 3026/4666/2478 3027/4667/2479
f  3027/4667/2479 3003/4668/2455 3002/4665/2454
f  3028/4669/2480 3029/4670/2481 3030/4671/2482
f  3030/4671/2482 3031/4672/2483 3028/4669/2480
f  3032/4673/2484 3033/4674/2485 3034/4675/2486
f  3034/4675/2486 3035/4676/2487 3032/4673/2484
f  3036/4677/2488 3037/4678/2489 2987/4626/2439
f  2987/4626/2439 2986/4625/2438 3036/4677/2488
f  2985/4624/2437 2992/4631/2444 3031/4679/2483
f  3031/4679/2483 3030/4680/2482 2985/4624/2437
f  2991/4630/2443 2990/4629/2442 3038/4681/2490
f  3038/4681/2490 3039/4682/2491 2991/4630/2443
f  2989/4628/2441 2988/4627/2440 3025/4683/2477
f  3025/4683/2477 3024/4684/2476 2989/4628/2441
f  3040/4685/2492 3041/4686/2493 2999/4638/2451
f  2999/4638/2451 2998/4637/2450 3040/4685/2492
f  2997/4636/2449 2996/4635/2448 3003/4687/2455
f  3003/4687/2455 3027/4688/2479 2997/4636/2449
f  3035/4689/2487 3034/4690/2486 2993/4632/2445
f  2993/4632/2445 3000/4639/2452 3035/4689/2487
f  3042/4691/2494 3004/4692/2456 2995/4634/2447
f  2995/4634/2447 2994/4633/2446 3042/4691/2494
f  3004/4643/2456 3042/4693/2494 3043/4694/2495
f  3043/4694/2495 3001/4640/2453 3004/4643/2456
f  3044/4695/2496 3045/4696/2497 3029/4697/2481
f  3029/4697/2481 3028/4698/2480 3044/4695/2496
f  3046/4699/2498 3047/4700/2499 3048/4701/2500
f  3048/4701/2500 3006/4702/2458 3046/4699/2498
f  3049/4703/2501 3050/4704/2502 3051/4705/2503
f  3051/4705/2503 3052/4706/2504 3049/4703/2501
f  3053/4707/2505 3054/4708/2506 3055/4709/2507
f  3055/4709/2507 3056/4710/2508 3053/4707/2505
f  3037/4711/2489 3036/4712/2488 3057/4713/2509
f  3057/4713/2509 3058/4714/2510 3037/4711/2489
f  3059/4715/2511 3007/4716/2459 3006/4717/2458
f  3006/4717/2458 3048/4718/2500 3059/4715/2511
f  3060/4719/2512 3061/4720/2513 3062/4721/2514
f  3062/4721/2514 3063/4722/2515 3060/4719/2512
f  3064/4723/2516 3065/4724/2517 3061/4720/2513
f  3061/4720/2513 3060/4719/2512 3064/4723/2516
f  3066/4698/2518 3067/4697/2519 3068/4725/2520
f  3068/4725/2520 3069/4726/2521 3066/4698/2518
f  3041/4686/2493 3040/4685/2492 3070/4727/2522
f  3070/4727/2522 3071/4728/2523 3041/4686/2493
f  3072/4729/2524 3073/4730/2525 3017/4731/2469
f  3017/4731/2469 3016/4732/2468 3072/4729/2524
f  3074/4733/2526 3075/4734/2527 3076/4735/2528
f  3076/4735/2528 3077/4736/2529 3074/4733/2526
f  3067/4737/2519 3066/4738/2518 3065/4724/2517
f  3065/4724/2517 3064/4723/2516 3067/4737/2519
f  3063/4739/2515 3062/4740/2514 3078/4741/2530
f  3078/4741/2530 3079/4742/2531 3063/4739/2515
f  3039/4743/2491 3038/4744/2490 3054/4745/2506
f  3054/4745/2506 3053/4746/2505 3039/4743/2491
f  3080/4747/2532 3081/4748/2533 3071/4728/2523
f  3071/4728/2523 3070/4727/2522 3080/4747/2532
f  3082/4749/2534 3022/4661/2474 3058/4750/2510
f  3058/4750/2510 3083/4751/2535 3082/4749/2534
f  3019/4658/2471 3018/4657/2470 3075/4734/2527
f  3075/4734/2527 3074/4733/2526 3019/4658/2471
f  3026/4752/2478 3002/4753/2454 3084/4754/2536
f  3084/4754/2536 3085/4755/2537 3026/4752/2478
f  3086/4756/2538 3087/4757/2539 3088/4758/2540
f  3088/4758/2540 3008/4647/2460 3086/4756/2538
f  3089/4759/2541 3090/4760/2542 3091/4761/2543
f  3091/4761/2543 3082/4749/2534 3089/4759/2541
f  3083/4762/2535 3092/4763/2544 3093/4764/2545
f  3093/4764/2545 3094/4765/2546 3083/4762/2535
f  3007/4766/2459 3059/4767/2511 3085/4768/2537
f  3085/4768/2537 3084/4769/2536 3007/4766/2459
f  3081/4770/2533 3080/4771/2532 3069/4772/2521
f  3069/4772/2521 3068/4773/2520 3081/4770/2533
f  3079/4774/2531 3078/4775/2530 3045/4776/2497
f  3045/4776/2497 3044/4777/2496 3079/4774/2531
f  3056/4778/2508 3055/4779/2507 3073/4780/2525
f  3073/4780/2525 3072/4781/2524 3056/4778/2508
f  3095/4782/2547 3096/4783/2548 3097/4784/2549
f  3097/4784/2549 3098/4785/2550 3095/4782/2547
f  3023/4732/2475 3022/4731/2474 3082/4786/2534
f  3082/4786/2534 3091/4787/2543 3023/4732/2475
f  3001/4788/2453 3043/4789/2495 3087/4790/2539
f  3087/4790/2539 3086/4791/2538 3001/4788/2453
f  3050/4792/2502 3049/4793/2501 3094/4794/2546
f  3094/4794/2546 3093/4795/2545 3050/4792/2502
f  3090/4796/2542 3089/4797/2541 3099/4798/2551
f  3099/4798/2551 3100/4799/2552 3090/4796/2542
f  3008/4800/2460 3088/4801/2540 3013/4802/2465
f  3013/4802/2465 3005/4803/2457 3008/4800/2460
f  3092/4804/2544 3083/4695/2535 3058/4805/2510
f  3058/4805/2510 3057/4806/2509 3092/4804/2544
f  3098/4807/2550 3097/4808/2549 3033/4809/2485
f  3033/4809/2485 3032/4810/2484 3098/4807/2550
f  3096/4811/2548 3095/4812/2547 3077/4813/2529
f  3077/4813/2529 3076/4814/2528 3096/4811/2548
f  3021/4660/2473 3020/4659/2472 3100/4815/2552
f  3100/4815/2552 3099/4816/2551 3021/4660/2473
f  3052/4706/2504 3051/4705/2503 3047/4700/2499
f  3047/4700/2499 3046/4699/2498 3052/4706/2504
f  3047/4700/2499 3051/4705/2503 3101/4817/2553
f  3101/4817/2553 3102/4818/2554 3047/4700/2499
f  3103/4819/2555 3104/4820/2556 3105/4821/2557
f  3105/4821/2557 3106/4822/2558 3103/4819/2555
f  3107/4823/2559 3061/4720/2513 3065/4724/2517
f  3065/4724/2517 3108/4824/2560 3107/4823/2559
f  3051/4705/2503 3050/4704/2502 3062/4721/2514
f  3051/4705/2503 3062/4721/2514 3061/4720/2513
f  3051/4705/2503 3061/4720/2513 3107/4823/2559
f  3107/4823/2559 3101/4817/2553 3051/4705/2503
f  3059/4767/2511 3069/4772/2521 3080/4771/2532
f  3080/4771/2532 3085/4768/2537 3059/4767/2511
f  3092/4763/2544 3045/4776/2497 3078/4775/2530
f  3078/4775/2530 3093/4764/2545 3092/4763/2544
f  3047/4700/2499 3102/4818/2554 3108/4824/2560
f  3047/4700/2499 3108/4824/2560 3065/4724/2517
f  3047/4700/2499 3065/4724/2517 3066/4738/2518
f  3066/4738/2518 3048/4701/2500 3047/4700/2499
f  3027/4667/2479 3026/4666/2478 3070/4825/2522
f  3070/4825/2522 3040/4826/2492 3027/4667/2479
f  3070/4825/2522 3026/4666/2478 3085/4768/2537
f  3085/4768/2537 3080/4771/2532 3070/4825/2522
f  3057/4713/2509 3029/4670/2481 3045/4776/2497
f  3045/4776/2497 3092/4763/2544 3057/4713/2509
f  3062/4721/2514 3050/4704/2502 3093/4764/2545
f  3093/4764/2545 3078/4775/2530 3062/4721/2514
f  3048/4701/2500 3066/4738/2518 3069/4772/2521
f  3069/4772/2521 3059/4767/2511 3048/4701/2500
f  3027/4688/2479 3040/4685/2492 2998/4637/2450
f  2998/4637/2450 2997/4636/2449 3027/4688/2479
f  3057/4713/2509 3036/4712/2488 3030/4671/2482
f  3030/4671/2482 3029/4670/2481 3057/4713/2509
f  3030/4680/2482 3036/4677/2488 2986/4625/2438
f  2986/4625/2438 2985/4624/2437 3030/4680/2482
f  3084/4827/2536 3002/4641/2454 3001/4640/2453
f  3001/4640/2453 3086/4756/2538 3084/4827/2536
f  3082/4749/2534 3083/4751/2535 3094/4828/2546
f  3094/4828/2546 3089/4759/2541 3082/4749/2534
f  3109/4829/2561 3052/4830/2504 3046/4831/2498
f  3046/4831/2498 3010/4832/2462 3109/4829/2561
f  3021/4660/2473 3110/4833/2562 3011/4834/2463
f  3011/4834/2463 3015/4654/2467 3021/4660/2473
f  3008/4647/2460 3007/4646/2459 3084/4827/2536
f  3084/4827/2536 3086/4756/2538 3008/4647/2460
f  3049/4835/2501 3099/4816/2551 3089/4759/2541
f  3089/4759/2541 3094/4828/2546 3049/4835/2501
f  3025/4664/2477 3037/4836/2489 3058/4750/2510
f  3058/4750/2510 3022/4661/2474 3025/4664/2477
f  3037/4678/2489 3025/4683/2477 2988/4627/2440
f  2988/4627/2440 2987/4626/2439 3037/4678/2489
f  3064/4837/2516 3060/4838/2512 3111/4839/2563
f  3111/4839/2563 3105/4840/2557 3064/4837/2516
f  3112/4841/2564 3113/4842/2565 3114/4843/2566
f  3114/4843/2566 3115/4844/2567 3112/4841/2564
f  3104/4845/2556 3116/4846/2568 3019/4658/2471
f  3019/4658/2471 3074/4733/2526 3104/4845/2556
f  3064/4837/2516 3105/4840/2557 3104/4845/2556
f  3064/4837/2516 3104/4845/2556 3074/4733/2526
f  3064/4837/2516 3074/4733/2526 3077/4736/2529
f  3077/4736/2529 3067/4847/2519 3064/4837/2516
f  3072/4781/2524 3079/4848/2531 3044/4849/2496
f  3044/4849/2496 3056/4778/2508 3072/4781/2524
f  3098/4785/2550 3081/4850/2533 3068/4851/2520
f  3068/4851/2520 3095/4782/2547 3098/4785/2550
f  3032/4673/2484 3071/4852/2523 3081/4850/2533
f  3081/4850/2533 3098/4785/2550 3032/4673/2484
f  3028/4853/2480 3053/4746/2505 3056/4778/2508
f  3056/4778/2508 3044/4849/2496 3028/4853/2480
f  3016/4655/2468 3063/4854/2515 3079/4848/2531
f  3079/4848/2531 3072/4781/2524 3016/4655/2468
f  3067/4847/2519 3077/4736/2529 3095/4782/2547
f  3095/4782/2547 3068/4851/2520 3067/4847/2519
f  3041/4686/2493 3035/4689/2487 3000/4639/2452
f  3000/4639/2452 2999/4638/2451 3041/4686/2493
f  3060/4838/2512 3063/4854/2515 3016/4655/2468
f  3060/4838/2512 3016/4655/2468 3019/4658/2471
f  3060/4838/2512 3019/4658/2471 3116/4846/2568
f  3116/4846/2568 3111/4839/2563 3060/4838/2512
f  2991/4630/2443 3039/4682/2491 3031/4679/2483
f  3031/4679/2483 2992/4631/2444 2991/4630/2443
f  3039/4743/2491 3053/4746/2505 3028/4853/2480
f  3028/4853/2480 3031/4855/2483 3039/4743/2491
f  3032/4673/2484 3035/4676/2487 3041/4856/2493
f  3041/4856/2493 3071/4852/2523 3032/4673/2484
f  3020/4857/2472 3014/4858/2466 3117/4859/2569
f  3117/4859/2569 3114/4860/2566 3020/4857/2472
f  3118/4861/2570 3101/4862/2553 3107/4863/2559
f  3107/4863/2559 3119/4864/2571 3118/4861/2570
f  3113/4865/2565 3120/4866/2572 3075/4867/2527
f  3075/4867/2527 3018/4868/2470 3113/4865/2565
f  3020/4857/2472 3114/4860/2566 3113/4865/2565
f  3020/4857/2472 3113/4865/2565 3018/4868/2470
f  3020/4857/2472 3018/4868/2470 3017/4869/2469
f  3017/4869/2469 3100/4870/2552 3020/4857/2472
f  3054/4871/2506 3023/4872/2475 3091/4873/2543
f  3091/4873/2543 3055/4874/2507 3054/4871/2506
f  3076/4875/2528 3013/4876/2465 3088/4877/2540
f  3088/4877/2540 3096/4878/2548 3076/4875/2528
f  3090/4879/2542 3073/4880/2525 3055/4874/2507
f  3055/4874/2507 3091/4873/2543 3090/4879/2542
f  3087/4881/2539 3097/4882/2549 3096/4878/2548
f  3096/4878/2548 3088/4877/2540 3087/4881/2539
f  3014/4858/2466 3013/4876/2465 3076/4875/2528
f  3014/4858/2466 3076/4875/2528 3075/4867/2527
f  3014/4858/2466 3075/4867/2527 3120/4866/2572
f  3120/4866/2572 3117/4859/2569 3014/4858/2466
f  3100/4870/2552 3017/4869/2469 3073/4880/2525
f  3073/4880/2525 3090/4879/2542 3100/4870/2552
f  3043/4883/2495 3042/4884/2494 3034/4885/2486
f  3034/4885/2486 3033/4886/2485 3043/4883/2495
f  3043/4883/2495 3033/4886/2485 3097/4882/2549
f  3097/4882/2549 3087/4881/2539 3043/4883/2495
f  3034/4690/2486 3042/4691/2494 2994/4633/2446
f  2994/4633/2446 2993/4632/2445 3034/4690/2486
f  3024/4887/2476 3023/4872/2475 3054/4871/2506
f  3054/4871/2506 3038/4888/2490 3024/4887/2476
f  3024/4684/2476 3038/4681/2490 2990/4629/2442
f  2990/4629/2442 2989/4628/2441 3024/4684/2476
f  3015/4654/2467 3011/4834/2463 3010/4832/2462
f  3015/4654/2467 3010/4832/2462 3046/4831/2498
f  3015/4654/2467 3046/4831/2498 3006/4645/2458
f  3006/4645/2458 3005/4644/2457 3015/4654/2467
f  3021/4660/2473 3099/4816/2551 3049/4835/2501
f  3021/4660/2473 3049/4835/2501 3052/4830/2504
f  3021/4660/2473 3052/4830/2504 3109/4829/2561
f  3109/4829/2561 3110/4833/2562 3021/4660/2473
f  3004/4692/2456 3003/4687/2455 2996/4635/2448
f  2996/4635/2448 2995/4634/2447 3004/4692/2456
f  3012/4889/2464 3121/4890/2573 3122/4891/2574
f  3122/4891/2574 3009/4892/2461 3012/4889/2464
f  3123/4893/2575 3118/4894/2570 3119/4895/2571
f  3119/4895/2571 3124/4896/2576 3123/4893/2575
f  3103/4897/2555 3106/4898/2558 3125/4899/2577
f  3125/4899/2577 3126/4900/2578 3103/4897/2555
f  3112/4901/2564 3115/4902/2567 3127/4903/2579
f  3127/4903/2579 3128/4904/2580 3112/4901/2564
f  3121/4905/2573 3110/4906/2562 3109/4907/2561
f  3109/4907/2561 3122/4908/2574 3121/4905/2573
f  3123/4909/2575 3102/4910/2554 3101/4911/2553
f  3101/4911/2553 3118/4912/2570 3123/4909/2575
f  3115/4913/2567 3114/4914/2566 3117/4915/2569
f  3117/4915/2569 3127/4916/2579 3115/4913/2567
f  3106/4917/2558 3105/4918/2557 3111/4919/2563
f  3111/4919/2563 3125/4920/2577 3106/4917/2558
f  3119/4921/2571 3107/4922/2559 3108/4923/2560
f  3108/4923/2560 3124/4924/2576 3119/4921/2571
f  3128/4925/2580 3120/4926/2572 3113/4927/2565
f  3113/4927/2565 3112/4928/2564 3128/4925/2580
f  3122/4929/2574 3109/4930/2561 3010/4931/2462
f  3010/4931/2462 3009/4932/2461 3122/4929/2574
f  3126/4933/2578 3116/4934/2568 3104/4935/2556
f  3104/4935/2556 3103/4936/2555 3126/4933/2578
f  3124/4937/2576 3108/4938/2560 3102/4939/2554
f  3102/4939/2554 3123/4940/2575 3124/4937/2576
f  3127/4941/2579 3117/4821/2569 3120/4942/2572
f  3120/4942/2572 3128/4943/2580 3127/4941/2579
f  3012/4944/2464 3011/4945/2463 3110/4946/2562
f  3110/4946/2562 3121/4947/2573 3012/4944/2464
f  3125/4948/2577 3111/4949/2563 3116/4950/2568
f  3116/4950/2568 3126/4951/2578 3125/4948/2577
f  3129/4952/2581 3130/4953/2582 3131/4954/2583
f  3131/4954/2583 3132/4955/2584 3129/4952/2581
f  3133/4956/2585 3134/4957/2586 3135/4958/2587
f  3135/4958/2587 3136/4959/2588 3133/4956/2585
f  3137/4960/2589 3138/4961/2590 3139/4962/2591
f  3139/4962/2591 3140/4963/2592 3137/4960/2589
f  3141/4964/2593 3142/4965/2594 3143/4966/2595
f  3143/4966/2595 3144/4967/2596 3141/4964/2593
f  3145/4968/2597 3146/4969/2598 3147/4970/2599
f  3147/4970/2599 3148/4971/2600 3145/4968/2597
f  3149/4972/2601 3150/4973/2602 3151/4974/2603
f  3151/4974/2603 3152/4975/2604 3149/4972/2601
f  3153/4976/2605 3154/4977/2606 3146/4969/2598
f  3146/4969/2598 3145/4968/2597 3153/4976/2605
f  3155/4978/2607 3156/4979/2608 3157/4980/2609
f  3157/4980/2609 3158/4981/2610 3155/4978/2607
f  3159/4982/2611 3160/4983/2612 3161/4984/2613
f  3161/4984/2613 3162/4985/2614 3159/4982/2611
f  3163/4986/2615 3164/4987/2616 3165/4988/2617
f  3165/4988/2617 3166/4989/2618 3163/4986/2615
f  3167/4990/2619 3168/4991/2620 3169/4992/2621
f  3169/4992/2621 3170/4993/2622 3167/4990/2619
f  3171/4994/2623 3172/4995/2624 3173/4996/2625
f  3173/4996/2625 3174/4997/2626 3171/4994/2623
f  3175/4998/2627 3176/4999/2628 3130/4953/2582
f  3130/4953/2582 3129/4952/2581 3175/4998/2627
f  3177/5000/2629 3153/4976/2630 3145/4968/2631
f  3145/4968/2631 3178/5001/2632 3177/5000/2629
f  3134/4957/2633 3179/5002/2634 3180/5003/2635
f  3180/5003/2635 3135/4958/2636 3134/4957/2633
f  3181/5004/2637 3182/5005/2638 3183/5006/2639
f  3183/5006/2639 3184/5007/2640 3181/5004/2637
f  3132/5008/2584 3131/5009/2583 3154/4977/2606
f  3154/4977/2606 3153/4976/2605 3132/5008/2584
f  3185/5010/2641 3186/5011/2642 3187/5012/2643
f  3187/5012/2643 3188/5013/2644 3185/5010/2641
f  3148/5014/2600 3147/5015/2599 3189/5016/2645
f  3189/5016/2645 3190/5017/2646 3148/5014/2600
f  3150/4973/2602 3191/5018/2647 3192/5019/2648
f  3192/5019/2648 3151/4974/2603 3150/4973/2602
f  3193/5020/2649 3194/5021/2650 3195/5022/2651
f  3195/5022/2651 3196/5023/2652 3193/5020/2649
f  3197/5024/2653 3163/4986/2615 3166/4989/2618
f  3166/4989/2618 3198/5025/2654 3197/5024/2653
f  3196/5023/2652 3195/5022/2651 3199/5026/2655
f  3199/5026/2655 3138/4961/2656 3196/5023/2652
f  3186/5027/2642 3200/5028/2657 3161/5029/2658
f  3161/5029/2658 3187/5030/2643 3186/5027/2642
f  3139/5031/2659 3201/5032/2660 3202/5033/2661
f  3202/5033/2661 3203/5034/2662 3139/5031/2659
f  3178/5001/2632 3145/4968/2631 3148/4971/2663
f  3148/4971/2663 3204/5035/2664 3178/5001/2632
f  3203/5034/2662 3202/5033/2661 3176/4999/2628
f  3176/4999/2628 3175/4998/2627 3203/5034/2662
f  3204/5036/2664 3148/5037/2663 3190/5038/2665
f  3190/5038/2665 3205/5039/2666 3204/5036/2664
f  3206/5040/2667 3175/4998/2668 3129/4952/2669
f  3129/4952/2669 3207/5041/2670 3206/5040/2667
f  3140/5042/2671 3208/5043/2671 3206/5044/2671
f  3140/5042/2671 3206/5044/2671 3207/5045/2671
f  3140/5042/2671 3207/5045/2671 3209/5046/2671
f  3140/5042/2671 3209/5046/2671 3177/5047/2671
f  3140/5042/2671 3177/5047/2671 3178/5048/2671
f  3140/5042/2671 3178/5048/2671 3204/5036/2671
f  3140/5042/2671 3204/5036/2671 3205/5039/2671
f  3140/5042/2671 3205/5039/2671 3133/5049/2671
f  3140/5042/2671 3133/5049/2671 3136/5050/2671
f  3140/5042/2671 3136/5050/2671 3210/5051/2671
f  3140/5042/2671 3210/5051/2671 3211/5052/2671
f  3211/5052/2671 3137/5053/2671 3140/5042/2671
f  3144/5054/2596 3143/5055/2595 3212/5056/2672
f  3212/5056/2672 3213/5057/2673 3144/5054/2596
f  3214/5058/2674 3215/5059/2675 3216/5060/2676
f  3216/5060/2676 3217/5061/2677 3214/5058/2674
f  3217/5061/2677 3216/5060/2676 3183/5062/2678
f  3183/5062/2678 3218/5063/2679 3217/5061/2677
f  3162/5064/2614 3161/5029/2613 3200/5028/2680
f  3200/5028/2680 3219/5065/2681 3162/5064/2614
f  3220/5066/2682 3182/5005/2683 3160/4983/2612
f  3160/4983/2612 3159/4982/2611 3220/5066/2682
f  3190/5017/2646 3189/5016/2645 3179/5002/2634
f  3179/5002/2634 3134/4957/2633 3190/5017/2646
f  3221/5067/2684 3222/5068/2685 3192/5069/2648
f  3192/5069/2648 3223/5070/2686 3221/5067/2684
f  3219/5065/2681 3200/5028/2680 3168/4991/2620
f  3168/4991/2620 3167/4990/2619 3219/5065/2681
f  3174/4997/2626 3173/4996/2625 3142/4965/2594
f  3142/4965/2594 3141/4964/2593 3174/4997/2626
f  3170/4993/2622 3169/4992/2621 3172/5071/2624
f  3172/5071/2624 3171/5072/2623 3170/4993/2622
f  3220/5073/2687 3159/5074/2687 3162/5075/2687
f  3220/5073/2687 3162/5075/2687 3219/5076/2687
f  3220/5073/2687 3219/5076/2687 3167/5077/2687
f  3220/5073/2687 3167/5077/2687 3170/5078/2687
f  3220/5073/2687 3170/5078/2687 3171/5079/2687
f  3220/5073/2687 3171/5079/2687 3174/5080/2687
f  3220/5073/2687 3174/5080/2687 3141/5081/2687
f  3220/5073/2687 3141/5081/2687 3144/5082/2687
f  3220/5073/2687 3144/5082/2687 3213/5083/2687
f  3220/5073/2687 3213/5083/2687 3214/5084/2687
f  3220/5073/2687 3214/5084/2687 3217/5085/2687
f  3217/5085/2687 3218/5086/2687 3220/5073/2687
f  3218/5087/2679 3183/5006/2678 3182/5005/2683
f  3182/5005/2683 3220/5066/2682 3218/5087/2679
f  3135/4958/2636 3180/5003/2635 3194/5088/2650
f  3194/5088/2650 3193/5089/2649 3135/4958/2636
f  3213/5057/2673 3212/5056/2672 3215/5059/2675
f  3215/5059/2675 3214/5058/2674 3213/5057/2673
f  3208/5090/2688 3203/5034/2689 3175/4998/2668
f  3175/4998/2668 3206/5040/2667 3208/5090/2688
f  3209/5091/2690 3132/5008/2691 3153/4976/2630
f  3153/4976/2630 3177/5000/2629 3209/5091/2690
f  3210/5092/2692 3193/5020/2693 3196/5023/2694
f  3196/5023/2694 3211/5093/2695 3210/5092/2692
f  3205/5094/2666 3190/5017/2665 3134/4957/2586
f  3134/4957/2586 3133/4956/2585 3205/5094/2666
f  3140/5042/2592 3139/5095/2591 3203/5096/2689
f  3203/5096/2689 3208/5043/2688 3140/5042/2592
f  3136/5050/2588 3135/5097/2587 3193/5098/2693
f  3193/5098/2693 3210/5051/2692 3136/5050/2588
f  3207/5045/2670 3129/5099/2669 3132/5100/2691
f  3132/5100/2691 3209/5046/2690 3207/5045/2670
f  3211/5093/2695 3196/5023/2694 3138/4961/2590
f  3138/4961/2590 3137/4960/2589 3211/5093/2695
f  3138/4961/2656 3199/5026/2655 3201/5101/2660
f  3201/5101/2660 3139/4962/2659 3138/4961/2656
f  3224/5102/2696 3201/5103/2660 3199/5104/2655
f  3199/5104/2655 3225/5105/2697 3224/5102/2696
f  3226/5106/2698 3169/4992/2699 3168/4991/2700
f  3168/4991/2700 3227/5107/2701 3226/5106/2698
f  3188/5013/2644 3187/5012/2643 3228/5108/2702
f  3228/5108/2702 3229/5109/2703 3188/5013/2644
f  3230/5110/2704 3231/5111/2705 3232/5112/2706
f  3232/5112/2706 3233/5113/2707 3230/5110/2704
f  3234/5114/2708 3230/5110/2704 3233/5113/2707
f  3233/5113/2707 3235/5115/2709 3234/5114/2708
f  3236/5116/2710 3237/5117/2711 3238/5118/2712
f  3238/5118/2712 3239/5119/2713 3236/5116/2710
f  3240/5120/2714 3216/5060/2715 3215/5059/2716
f  3215/5059/2716 3241/5121/2717 3240/5120/2714
f  3242/5122/2718 3197/5123/2653 3198/5124/2654
f  3198/5124/2654 3243/5125/2719 3242/5122/2718
f  3244/5126/2720 3245/5127/2721 3246/5128/2722
f  3246/5128/2722 3247/5129/2723 3244/5126/2720
f  3248/5130/2724 3244/5126/2720 3247/5129/2723
f  3247/5129/2723 3249/5131/2725 3248/5130/2724
f  3225/5105/2697 3199/5104/2655 3195/5132/2651
f  3195/5132/2651 3250/5133/2726 3225/5105/2697
f  3184/5134/2640 3183/5062/2639 3216/5060/2715
f  3216/5060/2715 3240/5120/2714 3184/5134/2640
f  3251/5135/2727 3252/5136/2728 3253/5137/2729
f  3253/5137/2729 3254/5138/2730 3251/5135/2727
f  3166/5139/2618 3165/5140/2617 3245/5127/2721
f  3245/5127/2721 3244/5126/2720 3166/5139/2618
f  3198/5141/2654 3166/5139/2618 3244/5126/2720
f  3244/5126/2720 3248/5130/2724 3198/5141/2654
f  3255/5142/2731 3256/5143/2732 3197/5123/2653
f  3197/5123/2653 3242/5122/2718 3255/5142/2731
f  3228/5144/2702 3160/4983/2733 3182/5005/2638
f  3182/5005/2638 3181/5004/2637 3228/5144/2702
f  3257/5145/2734 3130/5146/2582 3176/5147/2628
f  3176/5147/2628 3258/5148/2735 3257/5145/2734
f  3259/5149/2736 3222/5150/2685 3164/4987/2616
f  3164/4987/2616 3163/4986/2615 3259/5149/2736
f  3256/5151/2732 3259/5149/2736 3163/4986/2615
f  3163/4986/2615 3197/5024/2653 3256/5151/2732
f  3260/5152/2737 3165/5153/2617 3164/5154/2616
f  3164/5154/2616 3261/5155/2738 3260/5152/2737
f  3187/5156/2643 3161/4984/2658 3160/4983/2733
f  3160/4983/2733 3228/5144/2702 3187/5156/2643
f  3262/5157/2739 3249/5158/2725 3263/5159/2740
f  3263/5159/2740 3264/5160/2741 3262/5157/2739
f  3151/5161/2603 3192/5162/2648 3222/5150/2685
f  3222/5150/2685 3259/5149/2736 3151/5161/2603
f  3152/5163/2604 3151/5161/2603 3259/5149/2736
f  3259/5149/2736 3256/5151/2732 3152/5163/2604
f  3265/5164/2742 3181/5165/2637 3184/5166/2640
f  3184/5166/2640 3266/5167/2743 3265/5164/2742
f  3267/5168/2744 3172/5071/2745 3169/4992/2699
f  3169/4992/2699 3226/5106/2698 3267/5168/2744
f  3261/5155/2738 3164/5154/2616 3222/5068/2685
f  3222/5068/2685 3221/5067/2684 3261/5155/2738
f  3268/5169/2746 3269/5170/2747 3231/5111/2705
f  3231/5111/2705 3230/5110/2704 3268/5169/2746
f  3270/5171/2748 3268/5169/2746 3230/5110/2704
f  3230/5110/2704 3234/5114/2708 3270/5171/2748
f  3229/5109/2703 3228/5108/2702 3181/5165/2637
f  3181/5165/2637 3265/5164/2742 3229/5109/2703
f  3271/5172/2749 3143/4966/2750 3142/4965/2751
f  3142/4965/2751 3252/5173/2728 3271/5172/2749
f  3272/5174/2752 3273/5175/2753 3246/5176/2722
f  3246/5176/2722 3274/5177/2754 3272/5174/2752
f  3275/5178/2755 3276/5179/2756 3238/5180/2712
f  3238/5180/2712 3277/5181/2757 3275/5178/2755
f  3278/5182/2758 3275/5178/2755 3277/5181/2757
f  3277/5181/2757 3156/5183/2608 3278/5182/2758
f  3279/5184/2759 3202/5185/2661 3201/5103/2660
f  3201/5103/2660 3224/5102/2696 3279/5184/2759
f  3227/5107/2701 3168/4991/2700 3200/5028/2657
f  3200/5028/2657 3186/5027/2642 3227/5107/2701
f  3280/5186/2760 3241/5187/2717 3281/5188/2761
f  3281/5188/2761 3282/5189/2762 3280/5186/2760
f  3233/5113/2707 3232/5112/2706 3191/5018/2647
f  3191/5018/2647 3150/4973/2602 3233/5113/2707
f  3235/5115/2709 3233/5113/2707 3150/4973/2602
f  3150/4973/2602 3149/4972/2601 3235/5115/2709
f  3243/5125/2719 3198/5124/2654 3248/5190/2724
f  3248/5190/2724 3283/5191/2763 3243/5125/2719
f  3241/5121/2717 3215/5059/2716 3212/5056/2764
f  3212/5056/2764 3281/5192/2761 3241/5121/2717
f  3284/5193/2765 3180/5194/2635 3179/5195/2634
f  3179/5195/2634 3285/5196/2766 3284/5193/2765
f  3247/5129/2723 3246/5128/2722 3273/5197/2753
f  3273/5197/2753 3286/5198/2767 3247/5129/2723
f  3249/5131/2725 3247/5129/2723 3286/5198/2767
f  3286/5198/2767 3263/5199/2740 3249/5131/2725
f  3287/5200/2768 3235/5201/2709 3149/5202/2601
f  3149/5202/2601 3288/5203/2769 3287/5200/2768
f  3252/5173/2728 3142/4965/2751 3173/4996/2770
f  3173/4996/2770 3253/5204/2729 3252/5173/2728
f  3289/5205/2771 3245/5206/2721 3165/5153/2617
f  3165/5153/2617 3260/5152/2737 3289/5205/2771
f  3277/5181/2757 3238/5180/2712 3237/5207/2711
f  3237/5207/2711 3290/5208/2772 3277/5181/2757
f  3156/5183/2608 3277/5181/2757 3290/5208/2772
f  3290/5208/2772 3157/5209/2609 3156/5183/2608
f  3266/5167/2743 3184/5166/2640 3240/5210/2714
f  3240/5210/2714 3291/5211/2773 3266/5167/2743
f  3253/5204/2729 3173/4996/2770 3172/4995/2745
f  3172/4995/2745 3267/5212/2744 3253/5204/2729
f  3292/5213/2774 3191/5214/2647 3232/5215/2706
f  3232/5215/2706 3293/5216/2775 3292/5213/2774
f  3290/5208/2772 3237/5207/2711 3269/5217/2747
f  3269/5217/2747 3268/5218/2746 3290/5208/2772
f  3157/5209/2609 3290/5208/2772 3268/5218/2746
f  3268/5218/2746 3270/5219/2748 3157/5209/2609
f  3258/5148/2735 3176/5147/2628 3202/5185/2661
f  3202/5185/2661 3279/5184/2759 3258/5148/2735
f  3281/5192/2761 3212/5056/2764 3143/5055/2750
f  3143/5055/2750 3271/5220/2749 3281/5192/2761
f  3294/5221/2776 3227/5222/2701 3186/5011/2642
f  3186/5011/2642 3185/5010/2641 3294/5221/2776
f  3286/5198/2767 3273/5197/2753 3276/5223/2756
f  3276/5223/2756 3275/5224/2755 3286/5198/2767
f  3263/5199/2740 3286/5198/2767 3275/5224/2755
f  3275/5224/2755 3278/5225/2758 3263/5199/2740
f  3283/5191/2763 3248/5190/2724 3249/5158/2725
f  3249/5158/2725 3262/5157/2739 3283/5191/2763
f  3225/5226/2697 3242/5227/2718 3243/5228/2719
f  3243/5228/2719 3224/5229/2696 3225/5226/2697
f  3292/5230/2774 3185/5231/2641 3188/5232/2644
f  3188/5232/2644 3223/5233/2686 3292/5230/2774
f  3261/5234/2738 3265/5235/2742 3266/5236/2743
f  3266/5236/2743 3260/5237/2737 3261/5234/2738
f  3284/5238/2765 3288/5239/2769 3295/5240/2777
f  3295/5240/2777 3296/5241/2778 3284/5238/2765
f  3297/5242/2779 3298/5243/2780 3294/5244/2776
f  3294/5244/2776 3293/5245/2775 3297/5242/2779
f  3299/5246/2781 3300/5247/2782 3287/5248/2768
f  3287/5248/2768 3285/5249/2766 3299/5246/2781
f  3289/5250/2771 3291/5251/2773 3280/5252/2760
f  3280/5252/2760 3274/5253/2754 3289/5250/2771
f  3279/5254/2759 3283/5255/2763 3262/5256/2739
f  3262/5256/2739 3258/5257/2735 3279/5254/2759
f  3260/5258/2737 3266/5259/2743 3291/5251/2773
f  3291/5251/2773 3289/5250/2771 3260/5258/2737
f  3224/5260/2696 3243/5261/2719 3283/5255/2763
f  3283/5255/2763 3279/5254/2759 3224/5260/2696
f  3221/5262/2684 3229/5263/2703 3265/5235/2742
f  3265/5235/2742 3261/5234/2738 3221/5262/2684
f  3250/5264/2726 3255/5265/2731 3242/5227/2718
f  3242/5227/2718 3225/5226/2697 3250/5264/2726
f  3223/5266/2686 3188/5267/2644 3229/5263/2703
f  3229/5263/2703 3221/5262/2684 3223/5266/2686
f  3296/5268/2778 3295/5269/2777 3255/5265/2731
f  3255/5265/2731 3250/5264/2726 3296/5268/2778
f  3301/5270/2783 3302/5271/2784 3298/5243/2780
f  3298/5243/2780 3297/5242/2779 3301/5270/2783
f  3303/5272/2785 3304/5273/2786 3300/5247/2782
f  3300/5247/2782 3299/5246/2781 3303/5272/2785
f  3305/5274/2787 3306/5275/2788 3251/5276/2727
f  3251/5276/2727 3239/5277/2713 3305/5274/2787
f  3307/5278/2789 3308/5279/2790 3155/5280/2607
f  3155/5280/2607 3309/5281/2791 3307/5278/2789
f  3293/5245/2775 3294/5244/2776 3185/5231/2641
f  3185/5231/2641 3292/5230/2774 3293/5245/2775
f  3285/5249/2766 3287/5248/2768 3288/5239/2769
f  3288/5239/2769 3284/5238/2765 3285/5249/2766
f  3274/5253/2754 3280/5252/2760 3282/5282/2762
f  3282/5282/2762 3272/5283/2752 3274/5253/2754
f  3258/5257/2735 3262/5256/2739 3264/5284/2741
f  3264/5284/2741 3257/5285/2734 3258/5257/2735
f  3239/5277/2713 3251/5276/2727 3254/5286/2730
f  3254/5286/2730 3236/5287/2710 3239/5277/2713
f  3309/5281/2791 3155/5280/2607 3158/5288/2610
f  3158/5288/2610 3310/5289/2792 3309/5281/2791
f  3236/5287/2710 3254/5286/2730 3302/5290/2784
f  3302/5290/2784 3301/5291/2783 3236/5287/2710
f  3310/5289/2792 3158/5288/2610 3304/5292/2786
f  3304/5292/2786 3303/5293/2785 3310/5289/2792
f  3272/5283/2752 3282/5282/2762 3306/5294/2788
f  3306/5294/2788 3305/5295/2787 3272/5283/2752
f  3257/5285/2734 3264/5284/2741 3308/5296/2790
f  3308/5296/2790 3307/5297/2789 3257/5285/2734
f  3223/5070/2686 3192/5069/2648 3191/5214/2647
f  3191/5214/2647 3292/5213/2774 3223/5070/2686
f  3310/5174/2792 3146/5298/2598 3154/5299/2606
f  3154/5299/2606 3309/5300/2791 3310/5174/2792
f  3295/5301/2777 3152/5302/2604 3256/5143/2732
f  3256/5143/2732 3255/5142/2731 3295/5301/2777
f  3254/5138/2730 3253/5137/2729 3267/5303/2744
f  3267/5303/2744 3302/5304/2784 3254/5138/2730
f  3250/5133/2726 3195/5132/2651 3194/5305/2650
f  3194/5305/2650 3296/5306/2778 3250/5133/2726
f  3288/5203/2769 3149/5202/2601 3152/5302/2604
f  3152/5302/2604 3295/5301/2777 3288/5203/2769
f  3301/5307/2783 3269/5308/2747 3237/5117/2711
f  3237/5117/2711 3236/5116/2710 3301/5307/2783
f  3302/5304/2784 3267/5303/2744 3226/5309/2698
f  3226/5309/2698 3298/5310/2780 3302/5304/2784
f  3296/5306/2778 3194/5305/2650 3180/5194/2635
f  3180/5194/2635 3284/5193/2765 3296/5306/2778
f  3297/5311/2779 3231/5312/2705 3269/5308/2747
f  3269/5308/2747 3301/5307/2783 3297/5311/2779
f  3298/5310/2780 3226/5309/2698 3227/5222/2701
f  3227/5222/2701 3294/5221/2776 3298/5310/2780
f  3158/4981/2610 3157/4980/2609 3270/5313/2748
f  3270/5313/2748 3304/5314/2786 3158/4981/2610
f  3293/5216/2775 3232/5215/2706 3231/5312/2705
f  3231/5312/2705 3297/5311/2779 3293/5216/2775
f  3303/5315/2785 3147/5316/2599 3146/5298/2598
f  3146/5298/2598 3310/5174/2792 3303/5315/2785
f  3304/5314/2786 3270/5313/2748 3234/5317/2708
f  3234/5317/2708 3300/5318/2782 3304/5314/2786
f  3282/5189/2762 3281/5188/2761 3271/5319/2749
f  3271/5319/2749 3306/5320/2788 3282/5189/2762
f  3299/5321/2781 3189/5322/2645 3147/5316/2599
f  3147/5316/2599 3303/5315/2785 3299/5321/2781
f  3300/5318/2782 3234/5317/2708 3235/5201/2709
f  3235/5201/2709 3287/5200/2768 3300/5318/2782
f  3305/5300/2787 3276/5323/2756 3273/5175/2753
f  3273/5175/2753 3272/5174/2752 3305/5300/2787
f  3306/5320/2788 3271/5319/2749 3252/5136/2728
f  3252/5136/2728 3251/5135/2727 3306/5320/2788
f  3285/5196/2766 3179/5195/2634 3189/5322/2645
f  3189/5322/2645 3299/5321/2781 3285/5196/2766
f  3239/5119/2713 3238/5118/2712 3276/5323/2756
f  3276/5323/2756 3305/5300/2787 3239/5119/2713
f  3291/5211/2773 3240/5210/2714 3241/5187/2717
f  3241/5187/2717 3280/5186/2760 3291/5211/2773
f  3264/5160/2741 3263/5159/2740 3278/5324/2758
f  3278/5324/2758 3308/5325/2790 3264/5160/2741
f  3274/5177/2754 3246/5176/2722 3245/5206/2721
f  3245/5206/2721 3289/5205/2771 3274/5177/2754
f  3307/5326/2789 3131/5327/2583 3130/5146/2582
f  3130/5146/2582 3257/5145/2734 3307/5326/2789
f  3308/5325/2790 3278/5324/2758 3156/4979/2608
f  3156/4979/2608 3155/4978/2607 3308/5325/2790
f  3309/5300/2791 3154/5299/2606 3131/5327/2583
f  3131/5327/2583 3307/5326/2789 3309/5300/2791
f  3311/5328/2793 3312/5329/2794 3313/5330/2795
f  3313/5330/2795 3314/5331/2796 3311/5328/2793
f  3314/5331/2796 3313/5330/2795 3315/5332/2797
f  3315/5332/2797 3316/5333/2798 3314/5331/2796
f  3312/5334/2794 3317/5335/2799 3318/5336/2800
f  3318/5336/2800 3313/5337/2795 3312/5334/2794
f  3313/5337/2795 3318/5336/2800 3319/5338/2801
f  3319/5338/2801 3315/5339/2797 3313/5337/2795
f  3317/5340/2799 3320/5341/2802 3321/5342/2803
f  3321/5342/2803 3318/5343/2800 3317/5340/2799
f  3318/5343/2800 3321/5342/2803 3322/5344/2804
f  3322/5344/2804 3319/5345/2801 3318/5343/2800
f  3320/5346/2802 3323/5347/2805 3324/5348/2806
f  3324/5348/2806 3321/5349/2803 3320/5346/2802
f  3321/5350/2803 3324/5351/2806 3325/5352/2807
f  3325/5352/2807 3322/5353/2804 3321/5350/2803
f  3323/5354/2805 3316/5333/2798 3326/5355/2808
f  3326/5355/2808 3324/5356/2806 3323/5354/2805
f  3324/5356/2806 3326/5355/2808 3327/5357/2809
f  3327/5358/2809 3325/5352/2807 3324/5351/2806
f  3316/5333/2798 3315/5332/2797 3328/5359/2810
f  3328/5359/2810 3326/5355/2808 3316/5333/2798
f  3326/5355/2808 3328/5359/2810 3329/5360/2811
f  3329/5360/2811 3327/5357/2809 3326/5355/2808
f  3315/5339/2797 3319/5338/2801 3330/5361/2812
f  3330/5361/2812 3328/5362/2810 3315/5339/2797
f  3328/5362/2810 3330/5361/2812 3331/5363/2813
f  3331/5363/2813 3329/5364/2811 3328/5362/2810
f  3319/5345/2801 3322/5344/2804 3332/5365/2814
f  3332/5365/2814 3330/5366/2812 3319/5345/2801
f  3330/5366/2812 3332/5365/2814 3333/5367/2815
f  3333/5367/2815 3331/5368/2813 3330/5366/2812
f  3322/5369/2804 3325/5370/2807 3334/5371/2816
f  3334/5371/2816 3332/5372/2814 3322/5369/2804
f  3332/5372/2814 3334/5371/2816 3335/5373/2817
f  3335/5373/2817 3333/5374/2815 3332/5372/2814
f  3325/5375/2807 3327/5376/2809 3336/5377/2818
f  3336/5377/2818 3334/5378/2816 3325/5375/2807
f  3334/5378/2816 3336/5377/2818 3337/5379/2819
f  3337/5379/2819 3335/5380/2817 3334/5378/2816
f  3327/5381/2809 3329/5364/2811 3338/5382/2820
f  3338/5383/2820 3336/5377/2818 3327/5376/2809
f  3336/5377/2818 3338/5383/2820 3339/5384/2821
f  3339/5384/2821 3337/5379/2819 3336/5377/2818
f  3329/5364/2811 3331/5363/2813 3340/5385/2822
f  3340/5385/2822 3338/5382/2820 3329/5364/2811
f  3338/5382/2820 3340/5385/2822 3341/5386/2823
f  3341/5386/2823 3339/5387/2821 3338/5382/2820
f  3331/5368/2813 3333/5367/2815 3342/5388/2824
f  3342/5388/2824 3340/5389/2822 3331/5368/2813
f  3340/5389/2822 3342/5388/2824 3343/5390/2825
f  3343/5390/2825 3341/5391/2823 3340/5389/2822
f  3333/5374/2815 3335/5373/2817 3344/5392/2826
f  3344/5392/2826 3342/5393/2824 3333/5374/2815
f  3342/5393/2824 3344/5392/2826 3345/5394/2827
f  3345/5394/2827 3343/5395/2825 3342/5393/2824
f  3335/5380/2817 3337/5379/2819 3346/5396/2828
f  3346/5396/2828 3344/5397/2826 3335/5380/2817
f  3344/5397/2826 3346/5396/2828 3347/5398/2829
f  3347/5398/2829 3345/5399/2827 3344/5397/2826
f  3337/5400/2819 3339/5387/2821 3348/5401/2830
f  3348/5402/2830 3346/5396/2828 3337/5379/2819
f  3346/5396/2828 3348/5402/2830 3349/5403/2831
f  3349/5403/2831 3347/5398/2829 3346/5396/2828
f  3339/5387/2821 3341/5386/2823 3350/5404/2832
f  3350/5404/2832 3348/5401/2830 3339/5387/2821
f  3348/5401/2830 3350/5404/2832 3351/5405/2833
f  3351/5405/2833 3349/5406/2831 3348/5401/2830
f  3341/5391/2823 3343/5390/2825 3352/5407/2834
f  3352/5407/2834 3350/5408/2832 3341/5391/2823
f  3350/5408/2832 3352/5407/2834 3353/5409/2835
f  3353/5409/2835 3351/5410/2833 3350/5408/2832
f  3343/5395/2825 3345/5394/2827 3354/5411/2836
f  3354/5411/2836 3352/5412/2834 3343/5395/2825
f  3352/5412/2834 3354/5411/2836 3355/5413/2837
f  3355/5413/2837 3353/5414/2835 3352/5412/2834
f  3345/5399/2827 3347/5398/2829 3356/5415/2838
f  3356/5415/2838 3354/5416/2836 3345/5399/2827
f  3354/5416/2836 3356/5415/2838 3357/5417/2839
f  3357/5417/2839 3355/5418/2837 3354/5416/2836
f  3347/5419/2829 3349/5406/2831 3358/5420/2840
f  3358/5421/2840 3356/5415/2838 3347/5398/2829
f  3356/5415/2838 3358/5421/2840 3359/5422/2841
f  3359/5422/2841 3357/5417/2839 3356/5415/2838
f  3349/5406/2831 3351/5405/2833 3360/5423/2842
f  3360/5423/2842 3358/5420/2840 3349/5406/2831
f  3358/5420/2840 3360/5423/2842 3361/5424/2843
f  3361/5424/2843 3359/5425/2841 3358/5420/2840
f  3351/5410/2833 3353/5409/2835 3362/5426/2844
f  3362/5426/2844 3360/5427/2842 3351/5410/2833
f  3353/5414/2835 3355/5413/2837 3363/5428/2845
f  3363/5428/2845 3362/5429/2844 3353/5414/2835
f  3355/5418/2837 3357/5417/2839 3364/5430/2846
f  3364/5430/2846 3363/5431/2845 3355/5418/2837
f  3365/5432/2847 3366/5433/2848 3367/5434/2849
f  3367/5434/2849 3368/5435/2850 3365/5432/2847
f  3366/5436/2848 3369/5437/2851 3370/5438/2852
f  3370/5438/2852 3367/5439/2849 3366/5436/2848
f  3369/5440/2851 3371/5441/2853 3372/5442/2854
f  3372/5442/2854 3370/5443/2852 3369/5440/2851
f  3373/5444/2855 3374/5445/2856 3375/5446/2857
f  3375/5446/2857 3371/5447/2853 3373/5444/2855
f  3371/5447/2853 3375/5446/2857 3376/5448/2858
f  3376/5448/2858 3372/5449/2854 3371/5447/2853
f  3374/5450/2856 3368/5435/2850 3377/5451/2859
f  3377/5452/2859 3375/5446/2857 3374/5445/2856
f  3375/5446/2857 3377/5452/2859 3378/5453/2860
f  3378/5453/2860 3376/5448/2858 3375/5446/2857
f  3368/5435/2850 3367/5434/2849 3379/5454/2861
f  3379/5454/2861 3377/5451/2859 3368/5435/2850
f  3377/5451/2859 3379/5454/2861 3380/5455/2862
f  3380/5455/2862 3378/5456/2860 3377/5451/2859
f  3367/5439/2849 3370/5438/2852 3381/5457/2863
f  3381/5457/2863 3379/5458/2861 3367/5439/2849
f  3379/5458/2861 3381/5457/2863 3382/5459/2864
f  3382/5459/2864 3380/5460/2862 3379/5458/2861
f  3370/5443/2852 3372/5442/2854 3383/5461/2865
f  3383/5461/2865 3381/5462/2863 3370/5443/2852
f  3381/5462/2863 3383/5461/2865 3384/5463/2866
f  3384/5463/2866 3382/5464/2864 3381/5462/2863
f  3372/5449/2854 3376/5448/2858 3385/5465/2867
f  3385/5465/2867 3383/5466/2865 3372/5449/2854
f  3383/5466/2865 3385/5465/2867 3386/5467/2868
f  3386/5467/2868 3384/5468/2866 3383/5466/2865
f  3376/5469/2858 3378/5456/2860 3387/5470/2869
f  3387/5471/2869 3385/5465/2867 3376/5448/2858
f  3385/5465/2867 3387/5471/2869 3388/5472/2870
f  3388/5472/2870 3386/5467/2868 3385/5465/2867
f  3378/5456/2860 3380/5455/2862 3389/5473/2871
f  3389/5473/2871 3387/5470/2869 3378/5456/2860
f  3387/5470/2869 3389/5473/2871 3390/5474/2872
f  3390/5474/2872 3388/5475/2870 3387/5470/2869
f  3380/5460/2862 3382/5459/2864 3391/5476/2873
f  3391/5476/2873 3389/5477/2871 3380/5460/2862
f  3389/5477/2871 3391/5476/2873 3392/5478/2874
f  3392/5478/2874 3390/5479/2872 3389/5477/2871
f  3382/5464/2864 3384/5463/2866 3393/5480/2875
f  3393/5480/2875 3391/5481/2873 3382/5464/2864
f  3391/5481/2873 3393/5480/2875 3394/5482/2876
f  3394/5482/2876 3392/5483/2874 3391/5481/2873
f  3384/5468/2866 3386/5467/2868 3395/5484/2877
f  3395/5484/2877 3393/5485/2875 3384/5468/2866
f  3393/5485/2875 3395/5484/2877 3396/5486/2878
f  3396/5486/2878 3394/5487/2876 3393/5485/2875
f  3386/5488/2868 3388/5475/2870 3397/5489/2879
f  3397/5490/2879 3395/5484/2877 3386/5467/2868
f  3395/5484/2877 3397/5490/2879 3398/5491/2880
f  3398/5491/2880 3396/5486/2878 3395/5484/2877
f  3388/5475/2870 3390/5474/2872 3399/5492/2881
f  3399/5492/2881 3397/5489/2879 3388/5475/2870
f  3397/5489/2879 3399/5492/2881 3400/5493/2882
f  3400/5493/2882 3398/5494/2880 3397/5489/2879
f  3390/5479/2872 3392/5478/2874 3401/5495/2883
f  3401/5495/2883 3399/5496/2881 3390/5479/2872
f  3399/5496/2881 3401/5495/2883 3402/5497/2884
f  3402/5497/2884 3400/5498/2882 3399/5496/2881
f  3392/5483/2874 3394/5482/2876 3403/5499/2885
f  3403/5499/2885 3401/5500/2883 3392/5483/2874
f  3401/5500/2883 3403/5499/2885 3404/5501/2886
f  3404/5501/2886 3402/5502/2884 3401/5500/2883
f  3394/5487/2876 3396/5486/2878 3405/5503/2887
f  3405/5503/2887 3403/5504/2885 3394/5487/2876
f  3403/5504/2885 3405/5503/2887 3311/5328/2793
f  3311/5328/2793 3404/5505/2886 3403/5504/2885
f  3396/5506/2878 3398/5507/2880 3406/5508/2888
f  3406/5509/2888 3405/5503/2887 3396/5486/2878
f  3405/5503/2887 3406/5509/2888 3312/5329/2794
f  3312/5329/2794 3311/5328/2793 3405/5503/2887
f  3398/5510/2880 3400/5511/2882 3407/5512/2889
f  3407/5513/2889 3406/5514/2888 3398/5515/2880
f  3406/5514/2888 3407/5513/2889 3317/5335/2799
f  3317/5335/2799 3312/5334/2794 3406/5514/2888
f  3400/5498/2882 3402/5497/2884 3408/5516/2890
f  3408/5516/2890 3407/5517/2889 3400/5498/2882
f  3407/5517/2889 3408/5516/2890 3320/5341/2802
f  3320/5341/2802 3317/5340/2799 3407/5517/2889
f  3402/5502/2884 3404/5501/2886 3409/5518/2891
f  3409/5518/2891 3408/5519/2890 3402/5502/2884
f  3408/5519/2890 3409/5518/2891 3323/5347/2805
f  3323/5347/2805 3320/5346/2802 3408/5519/2890
f  3404/5505/2886 3311/5328/2793 3314/5331/2796
f  3314/5331/2796 3409/5520/2891 3404/5505/2886
f  3409/5520/2891 3314/5331/2796 3316/5333/2798
f  3316/5333/2798 3323/5354/2805 3409/5520/2891
f  3410/5521/2892 3411/5522/2893 3412/5523/2894
f  3412/5523/2894 3413/5524/2895 3410/5521/2892
f  3414/5525/2896 3415/5526/2897 3411/5527/2898
f  3411/5527/2898 3410/5528/2899 3414/5525/2896
f  3416/5529/2900 3417/5530/2901 3415/5531/2902
f  3415/5531/2902 3414/5532/2903 3416/5529/2900
f  3413/5533/2904 3412/5534/2905 3417/5535/2906
f  3417/5535/2906 3416/5536/2907 3413/5533/2904
f  3412/5537/2908 3411/5538/2909 3415/5539/2910
f  3415/5539/2910 3417/5540/2911 3412/5537/2908
f  3413/5541/2912 3416/5542/2913 3414/5543/2914
f  3414/5543/2914 3410/5544/2915 3413/5541/2912
f  3418/5545/2916 3419/5546/2916 3420/5547/2916
f  3418/5545/2916 3420/5547/2916 3421/5548/2916
f  3418/5545/2916 3421/5548/2916 3422/5549/2916
f  3418/5545/2916 3422/5549/2916 3423/5550/2916
f  3418/5545/2916 3423/5550/2916 3424/5551/2916
f  3418/5545/2916 3424/5551/2916 3425/5552/2916
f  3418/5545/2916 3425/5552/2916 3426/5553/2916
f  3418/5545/2916 3426/5553/2916 3427/5554/2916
f  3418/5545/2916 3427/5554/2916 3428/5555/2916
f  3418/5545/2916 3428/5555/2916 3429/5556/2916
f  3418/5545/2916 3429/5556/2916 3430/5557/2916
f  3418/5545/2916 3430/5557/2916 3431/5558/2916
f  3418/5545/2916 3431/5558/2916 3432/5559/2916
f  3418/5545/2916 3432/5559/2916 3433/5560/2916
f  3418/5545/2916 3433/5560/2916 3434/5561/2916
f  3418/5545/2916 3434/5561/2916 3435/5562/2916
f  3418/5545/2916 3435/5562/2916 3436/5563/2916
f  3418/5545/2916 3436/5563/2916 3437/5564/2916
f  3418/5545/2916 3437/5564/2916 3438/5565/2916
f  3418/5545/2916 3438/5565/2916 3439/5566/2916
f  3418/5545/2916 3439/5566/2916 3440/5567/2916
f  3418/5545/2916 3440/5567/2916 3441/5568/2916
f  3418/5545/2916 3441/5568/2916 3442/5569/2916
f  3418/5545/2916 3442/5569/2916 3443/5570/2916
f  3418/5545/2916 3443/5570/2916 3444/5571/2916
f  3418/5545/2916 3444/5571/2916 3445/5572/2916
f  3418/5545/2916 3445/5572/2916 3446/5573/2916
f  3418/5545/2916 3446/5573/2916 3447/5574/2916
f  3418/5545/2916 3447/5574/2916 3448/5575/2916
f  3448/5575/2916 3449/5576/2916 3418/5545/2916
f  3422/5577/2917 3421/5578/2917 3450/5579/2917
f  3450/5579/2917 3451/5580/2917 3422/5577/2917
f  3452/5581/2918 3453/5582/2918 3454/5583/2918
f  3452/5581/2918 3454/5583/2918 3455/5584/2918
f  3452/5581/2918 3455/5584/2918 3456/5585/2918
f  3452/5581/2918 3456/5585/2918 3457/5586/2918
f  3452/5581/2918 3457/5586/2918 3458/5587/2918
f  3452/5581/2918 3458/5587/2918 3459/5588/2918
f  3452/5581/2918 3459/5588/2918 3460/5589/2918
f  3452/5581/2918 3460/5589/2918 3461/5590/2918
f  3452/5581/2918 3461/5590/2918 3462/5591/2918
f  3452/5581/2918 3462/5591/2918 3463/5592/2918
f  3452/5581/2918 3463/5592/2918 3464/5593/2918
f  3452/5581/2918 3464/5593/2918 3465/5594/2918
f  3452/5581/2918 3465/5594/2918 3466/5595/2918
f  3452/5581/2918 3466/5595/2918 3467/5596/2918
f  3452/5581/2918 3467/5596/2918 3468/5597/2918
f  3452/5581/2918 3468/5597/2918 3469/5598/2918
f  3452/5581/2918 3469/5598/2918 3470/5599/2918
f  3452/5581/2918 3470/5599/2918 3471/5600/2918
f  3452/5581/2918 3471/5600/2918 3472/5601/2918
f  3452/5581/2918 3472/5601/2918 3473/5602/2918
f  3452/5581/2918 3473/5602/2918 3474/5603/2918
f  3452/5581/2918 3474/5603/2918 3475/5604/2918
f  3452/5581/2918 3475/5604/2918 3476/5605/2918
f  3452/5581/2918 3476/5605/2918 3477/5606/2918
f  3452/5581/2918 3477/5606/2918 3478/5607/2918
f  3452/5581/2918 3478/5607/2918 3479/5608/2918
f  3452/5581/2918 3479/5608/2918 3480/5609/2918
f  3452/5581/2918 3480/5609/2918 3481/5610/2918
f  3452/5581/2918 3481/5610/2918 3451/5611/2918
f  3451/5611/2918 3450/5612/2918 3452/5581/2918
f  3449/5613/2919 3448/5614/2919 3456/5615/2919
f  3456/5615/2919 3455/5616/2919 3449/5613/2919
f  3436/5617/2920 3435/5618/2920 3469/5619/2920
f  3469/5619/2920 3468/5620/2920 3436/5617/2920
f  3423/5621/1086 3422/5622/1086 3451/5623/1086
f  3451/5623/1086 3481/5624/1086 3423/5621/1086
f  3418/5625/2921 3449/5613/2921 3455/5616/2921
f  3455/5616/2921 3454/5626/2921 3418/5625/2921
f  3437/5627/2922 3436/5617/2922 3468/5620/2922
f  3468/5620/2922 3467/5628/2922 3437/5627/2922
f  3424/5629/2923 3423/5621/2923 3481/5624/2923
f  3481/5624/2923 3480/5630/2923 3424/5629/2923
f  3438/5631/2924 3437/5627/2924 3467/5628/2924
f  3467/5628/2924 3466/5632/2924 3438/5631/2924
f  3425/5633/2925 3424/5629/2925 3480/5630/2925
f  3480/5630/2925 3479/5634/2925 3425/5633/2925
f  3439/5635/2926 3438/5636/2926 3466/5637/2926
f  3466/5637/2926 3465/5638/2926 3439/5635/2926
f  3426/5639/2927 3425/5633/2927 3479/5634/2927
f  3479/5634/2927 3478/5640/2927 3426/5639/2927
f  3440/5641/2928 3439/5635/2928 3465/5638/2928
f  3465/5638/2928 3464/5642/2928 3440/5641/2928
f  3427/5643/2929 3426/5639/2929 3478/5640/2929
f  3478/5640/2929 3477/5644/2929 3427/5643/2929
f  3441/5645/2930 3440/5641/2930 3464/5642/2930
f  3464/5642/2930 3463/5646/2930 3441/5645/2930
f  3428/5647/2931 3427/5643/2931 3477/5644/2931
f  3477/5644/2931 3476/5648/2931 3428/5647/2931
f  3442/5649/2932 3441/5645/2932 3463/5646/2932
f  3463/5646/2932 3462/5650/2932 3442/5649/2932
f  3429/5651/2933 3428/5647/2933 3476/5648/2933
f  3476/5648/2933 3475/5652/2933 3429/5651/2933
f  3443/5653/2934 3442/5649/2934 3462/5650/2934
f  3462/5650/2934 3461/5654/2934 3443/5653/2934
f  3430/5655/1070 3429/5651/1070 3475/5652/1070
f  3475/5652/1070 3474/5656/1070 3430/5655/1070
f  3444/5657/2935 3443/5653/2935 3461/5654/2935
f  3461/5654/2935 3460/5658/2935 3444/5657/2935
f  3431/5659/2936 3430/5660/2936 3474/5661/2936
f  3474/5661/2936 3473/5662/2936 3431/5659/2936
f  3445/5663/2937 3444/5657/2937 3460/5658/2937
f  3460/5658/2937 3459/5664/2937 3445/5663/2937
f  3432/5665/321 3431/5659/321 3473/5662/321
f  3473/5662/321 3472/5666/321 3432/5665/321
f  3419/5667/2938 3418/5625/2938 3454/5626/2938
f  3454/5626/2938 3453/5668/2938 3419/5667/2938
f  3446/5669/2939 3445/5663/2939 3459/5664/2939
f  3459/5664/2939 3458/5670/2939 3446/5669/2939
f  3433/5671/2940 3432/5665/2940 3472/5666/2940
f  3472/5666/2940 3471/5672/2940 3433/5671/2940
f  3420/5673/2941 3419/5667/2941 3453/5668/2941
f  3453/5668/2941 3452/5674/2941 3420/5673/2941
f  3447/5675/2942 3446/5676/2942 3458/5677/2942
f  3458/5677/2942 3457/5678/2942 3447/5675/2942
f  3434/5679/2943 3433/5671/2943 3471/5672/2943
f  3471/5672/2943 3470/5680/2943 3434/5679/2943
f  3421/5578/2944 3420/5673/2944 3452/5674/2944
f  3452/5674/2944 3450/5579/2944 3421/5578/2944
f  3448/5614/1022 3447/5675/1022 3457/5678/1022
f  3457/5678/1022 3456/5615/1022 3448/5614/1022
f  3435/5618/2945 3434/5679/2945 3470/5680/2945
f  3470/5680/2945 3469/5619/2945 3435/5618/2945

# Mesh 'Platform_Platform' with 196 faces
g Platform_Platform
usemtl Platform
f  3482/5681/1013 3483/5682/1013 3484/5683/1013
f  3484/5683/1013 3485/5684/1013 3482/5681/1013
f  3486/5685/2946 3487/5686/2947 3488/5687/2948
f  3488/5687/2948 3489/5688/2949 3486/5685/2946
f  3490/5689/2950 3491/5690/2951 3492/5691/2952
f  3492/5691/2952 3493/5692/2953 3490/5689/2950
f  3494/5693/2954 3495/5694/2955 3496/5695/2956
f  3496/5695/2956 3497/5696/2957 3494/5693/2954
f  3498/5697/2958 3499/5698/2959 3500/5699/2960
f  3500/5699/2960 3501/5700/2961 3498/5697/2958
f  3502/5701/940 3503/5702/940 3504/5703/940
f  3504/5703/940 3505/5704/940 3502/5701/940
f  3506/5705/940 3507/5706/940 3508/5707/940
f  3508/5707/940 3509/5708/940 3506/5705/940
f  3510/5709/2962 3511/5706/2963 3512/5710/2964
f  3512/5710/2964 3513/5711/2965 3510/5709/2962
f  3514/5712/2966 3515/5713/2964 3516/5714/2967
f  3516/5714/2967 3517/5715/2968 3514/5712/2966
f  3518/5716/2969 3519/5717/2970 3520/5718/2971
f  3520/5718/2971 3521/5719/2972 3518/5716/2969
f  3522/5720/2973 3523/5721/2974 3524/5722/2975
f  3524/5722/2975 3525/5723/2976 3522/5720/2973
f  3526/5724/2977 3527/5725/2977 3528/5726/2977
f  3528/5726/2977 3529/5727/2977 3526/5724/2977
f  3521/5728/2972 3530/5729/2978 3531/5730/2978
f  3531/5730/2978 3518/5731/2969 3521/5728/2972
f  3525/5732/2979 3532/5733/16 3533/5734/16
f  3533/5734/16 3501/5735/2980 3525/5732/2979
f  3487/5736/2981 3511/5737/2982 3510/5738/2983
f  3510/5738/2983 3488/5739/2984 3487/5736/2981
f  3495/5740/2985 3519/5741/2986 3518/5742/2983
f  3518/5742/2983 3496/5743/2984 3495/5740/2985
f  3534/5744/2987 3535/5745/2988 3536/5746/2989
f  3536/5746/2989 3537/5747/2990 3534/5744/2987
f  3491/5748/2991 3490/5749/2985 3514/5750/2986
f  3514/5750/2986 3517/5751/2992 3491/5748/2991
f  3503/5752/2993 3527/5753/18 3526/5754/18
f  3526/5754/18 3538/5755/2981 3503/5752/2993
f  3483/5682/2994 3539/5756/2994 3540/5757/2994
f  3540/5757/2994 3484/5683/2994 3483/5682/2994
f  3528/5758/16 3504/5759/2995 3541/5760/2996
f  3541/5760/2996 3529/5761/16 3528/5758/16
f  3492/5762/2997 3516/5763/2998 3515/5764/2999
f  3515/5764/2999 3493/5765/3000 3492/5762/2997
f  3489/5766/3001 3513/5767/3002 3512/5768/3003
f  3512/5768/3003 3486/5769/3004 3489/5766/3001
f  3484/5770/3005 3508/5771/3006 3507/5772/2999
f  3507/5772/2999 3485/5773/3007 3484/5770/3005
f  3500/5699/2960 3542/5774/3008 3543/5775/3008
f  3543/5775/3008 3501/5700/2961 3500/5699/2960
f  3526/5776/3009 3529/5777/3009 3544/5778/3009
f  3544/5778/3009 3545/5779/3009 3526/5776/3009
f  3546/5780/3010 3482/5681/3010 3485/5684/3010
f  3485/5684/3010 3547/5781/3010 3546/5780/3010
f  3548/5782/3011 3487/5686/2947 3486/5685/2946
f  3486/5685/2946 3549/5783/3011 3548/5782/3011
f  3550/5784/3011 3490/5689/2950 3493/5692/2953
f  3493/5692/2953 3551/5785/3011 3550/5784/3011
f  3552/5786/3010 3495/5694/2955 3494/5693/2954
f  3494/5693/2954 3553/5787/3010 3552/5786/3010
f  3533/5788/3012 3554/5789/3012 3499/5698/2959
f  3499/5698/2959 3498/5697/2958 3533/5788/3012
f  3528/5726/3013 3527/5725/3013 3502/5790/3013
f  3502/5790/3013 3505/5791/3013 3528/5726/3013
f  3555/5792/3014 3504/5793/3014 3503/5794/3014
f  3503/5794/3014 3556/5795/3014 3555/5792/3014
f  3557/5796/3015 3558/5797/3016 3559/5798/3017
f  3559/5798/3017 3560/5799/3015 3557/5796/3015
f  3561/5799/3018 3512/5800/2964 3511/5801/2963
f  3511/5801/2963 3562/5802/3018 3561/5799/3018
f  3563/5803/3019 3520/5804/2971 3519/5805/2970
f  3519/5805/2970 3564/5806/3019 3563/5803/3019
f  3565/5807/3020 3566/5808/3021 3535/5809/3022
f  3535/5809/3022 3567/5810/3020 3565/5807/3020
f  3568/5811/3023 3532/5812/3023 3524/5813/2975
f  3524/5813/2975 3523/5814/2974 3568/5811/3023
f  3525/5815/2976 3565/5816/3024 3567/5817/3024
f  3567/5817/3024 3522/5818/2973 3525/5815/2976
f  3569/5819/3025 3556/5820/3026 3503/5752/2993
f  3503/5752/2993 3538/5755/2981 3569/5819/3025
f  3539/5821/3027 3560/5822/3028 3559/5823/3029
f  3559/5823/3029 3570/5824/2987 3539/5821/3027
f  3548/5825/3030 3562/5826/3031 3511/5737/2982
f  3511/5737/2982 3487/5736/2981 3548/5825/3030
f  3552/5827/3032 3564/5828/3033 3519/5741/2986
f  3519/5741/2986 3495/5740/2985 3552/5827/3032
f  3542/5829/3034 3567/5830/3035 3535/5745/2988
f  3535/5745/2988 3534/5744/2987 3542/5829/3034
f  3543/5831/3036 3565/5832/3037 3525/5732/2979
f  3525/5732/2979 3501/5735/2980 3543/5831/3036
f  3551/5833/3038 3530/5834/3039 3521/5835/3002
f  3521/5835/3002 3497/5836/3001 3551/5833/3038
f  3549/5837/3040 3561/5838/3041 3516/5763/2998
f  3516/5763/2998 3492/5762/2997 3549/5837/3040
f  3547/5839/3038 3571/5840/3042 3513/5767/3002
f  3513/5767/3002 3489/5766/3001 3547/5839/3038
f  3540/5841/3043 3557/5842/3044 3508/5771/3006
f  3508/5771/3006 3484/5770/3005 3540/5841/3043
f  3572/5843/3045 3563/5844/3046 3564/5845/3046
f  3564/5845/3046 3536/5846/3047 3572/5843/3045
f  3500/5847/3048 3522/5848/3049 3567/5830/3035
f  3567/5830/3035 3542/5829/3034 3500/5847/3048
f  3496/5695/2956 3550/5784/3050 3551/5785/3050
f  3551/5785/3050 3497/5696/2957 3496/5695/2956
f  3537/5747/2990 3536/5746/2989 3564/5828/3033
f  3564/5828/3033 3552/5827/3032 3537/5747/2990
f  3494/5849/3000 3520/5850/2999 3563/5851/3051
f  3563/5851/3051 3553/5852/3052 3494/5849/3000
f  3491/5690/2951 3548/5782/3050 3549/5783/3050
f  3549/5783/3050 3492/5691/2952 3491/5690/2951
f  3496/5743/2984 3518/5742/2983 3531/5853/3053
f  3531/5853/3053 3550/5854/3054 3496/5743/2984
f  3493/5765/3000 3515/5764/2999 3530/5834/3039
f  3530/5834/3039 3551/5833/3038 3493/5765/3000
f  3488/5687/2948 3546/5780/3008 3547/5781/3008
f  3547/5781/3008 3489/5688/2949 3488/5687/2948
f  3486/5769/3004 3512/5768/3003 3561/5838/3041
f  3561/5838/3041 3549/5837/3040 3486/5769/3004
f  3573/5855/3055 3555/5856/3056 3556/5857/3056
f  3556/5857/3056 3574/5858/3057 3573/5855/3055
f  3488/5739/2984 3510/5738/2983 3575/5859/3053
f  3575/5859/3053 3546/5860/3054 3488/5739/2984
f  3485/5773/3007 3507/5772/2999 3571/5840/3058
f  3571/5840/3042 3547/5839/3038 3485/5773/3007
f  3537/5861/3059 3576/5862/3060 3577/5863/3061
f  3577/5863/3061 3534/5864/3062 3537/5861/3059
f  3578/5865/3063 3574/5866/3064 3556/5820/3026
f  3556/5820/3026 3569/5819/3025 3578/5865/3063
f  3541/5760/2996 3504/5759/2995 3555/5867/3065
f  3555/5867/3065 3579/5868/3066 3541/5760/2996
f  3568/5869/18 3523/5870/18 3522/5848/3049
f  3525/5732/2979 3524/5871/16 3532/5733/16
f  3500/5847/3048 3499/5872/18 3554/5873/18
f  3533/5734/16 3498/5874/16 3501/5735/2980
f  3526/5754/18 3545/5875/18 3538/5755/2981
f  3541/5760/2996 3544/5876/16 3529/5761/16
f  3503/5752/2993 3502/5877/18 3527/5753/18
f  3528/5758/16 3505/5878/16 3504/5759/2995
f  3535/5879/3022 3566/5880/3021 3572/5881/3045
f  3572/5881/3045 3536/5882/3047 3535/5879/3022
f  3534/5864/3062 3577/5863/3061 3543/5775/3067
f  3543/5775/3067 3542/5774/3067 3534/5864/3062
f  3552/5786/3068 3553/5787/3068 3576/5862/3060
f  3576/5862/3060 3537/5861/3059 3552/5786/3068
f  3515/5883/2964 3514/5884/2966 3531/5885/3069
f  3531/5885/3069 3530/5886/3069 3515/5883/2964
f  3561/5887/3070 3562/5888/3070 3517/5889/2968
f  3517/5889/2968 3516/5890/2967 3561/5887/3070
f  3578/5891/3071 3580/5892/3072 3581/5893/3073
f  3581/5893/3073 3570/5894/3074 3578/5891/3071
f  3559/5895/3017 3558/5896/3016 3573/5897/3055
f  3573/5897/3055 3574/5898/3057 3559/5895/3017
f  3572/5899/16 3566/5900/16 3577/5901/16
f  3577/5901/16 3576/5902/16 3572/5899/16
f  3508/5903/3075 3557/5904/3075 3560/5905/3075
f  3560/5905/3075 3509/5906/3075 3508/5903/3075
f  3507/5907/3019 3506/5908/3019 3575/5909/3019
f  3575/5909/3019 3571/5910/3019 3507/5907/3019
f  3513/5911/2965 3571/5912/3076 3575/5913/3076
f  3575/5913/3076 3510/5914/2962 3513/5911/2965
f  3568/5869/18 3522/5848/3049 3500/5847/3048
f  3500/5847/3048 3554/5873/18 3568/5869/18
f  3569/5915/3008 3579/5916/3008 3580/5892/3072
f  3580/5892/3072 3578/5891/3071 3569/5915/3008
f  3543/5831/3036 3577/5901/16 3566/5900/16
f  3566/5900/16 3565/5832/3037 3543/5831/3036
f  3576/5902/16 3553/5852/3052 3563/5851/3051
f  3563/5851/3051 3572/5899/16 3576/5902/16
f  3569/5915/3067 3538/5917/3067 3541/5918/3067
f  3541/5918/3067 3579/5916/3067 3569/5915/3067
f  3581/5919/3077 3558/5920/3078 3557/5842/3044
f  3557/5842/3044 3540/5841/3043 3581/5919/3077
f  3570/5894/3074 3581/5893/3073 3540/5757/3079
f  3540/5757/3079 3539/5756/3079 3570/5894/3074
f  3497/5836/3001 3521/5835/3002 3520/5850/2999
f  3520/5850/2999 3494/5849/3000 3497/5836/3001
f  3580/5921/16 3579/5868/3066 3555/5867/3065
f  3555/5867/3065 3573/5922/16 3580/5921/16
f  3560/5822/3028 3539/5821/3027 3483/5923/3080
f  3483/5923/3080 3509/5924/3081 3560/5822/3082
f  3506/5925/2986 3482/5926/2985 3546/5860/3054
f  3546/5860/3054 3575/5859/3053 3506/5925/2986
f  3573/5922/16 3558/5920/3078 3581/5919/3077
f  3581/5919/3077 3580/5921/16 3573/5922/16
f  3562/5826/3031 3548/5825/3030 3491/5748/2991
f  3491/5748/2991 3517/5751/2992 3562/5826/3031
f  3514/5750/2986 3490/5749/2985 3550/5854/3054
f  3550/5854/3054 3531/5853/3053 3514/5750/2986
f  3533/5927/3083 3532/5812/3083 3568/5811/3083
f  3568/5811/3083 3554/5791/3083 3533/5927/3083
f  3570/5824/2987 3559/5823/3029 3574/5866/3064
f  3574/5866/3064 3578/5865/3063 3570/5824/2987
f  3483/5923/3080 3482/5926/2985 3506/5925/2986
f  3506/5925/2986 3509/5924/3081 3483/5923/3080
f  3541/5918/1013 3538/5917/1013 3545/5779/1013
f  3545/5779/1013 3544/5778/1013 3541/5918/1013

# Mesh 'PressFrame_PressFrame' with 168 faces
g PressFrame_PressFrame
usemtl PressFrame
f  3582/5928/3084 3583/5929/3084 3584/5930/3084
f  3584/5930/3084 3585/5931/3085 3582/5928/3084
f  3584/5932/1013 3583/5933/1013 3586/5934/1013
f  3586/5934/1013 3587/5935/3086 3584/5932/1013
f  3584/5932/3087 3587/5935/3087 3588/5936/3087
f  3588/5936/3087 3585/5937/3088 3584/5932/3087
f  3587/5938/3089 3586/5939/3089 3589/5940/3089
f  3589/5940/3089 3588/5941/3090 3587/5938/3089
f  3582/5942/3091 3589/5943/3091 3586/5944/3091
f  3586/5944/3091 3583/5945/3092 3582/5942/3091
f  3582/5946/3093 3585/5947/3093 3588/5948/3093
f  3588/5948/3093 3589/5949/3094 3582/5946/3093
f  3590/5950/3084 3591/5951/3084 3592/5952/3084
f  3592/5952/3084 3593/5953/3095 3590/5950/3084
f  3592/5954/1013 3591/5955/1013 3594/5956/1013
f  3594/5956/1013 3595/5957/3086 3592/5954/1013
f  3592/5954/3087 3595/5957/3087 3596/5958/3087
f  3596/5958/3087 3593/5959/3096 3592/5954/3087
f  3595/5960/3097 3594/5961/3097 3597/5962/3097
f  3597/5962/3097 3596/5963/3098 3595/5960/3097
f  3590/5964/3091 3597/5965/3091 3594/5966/3091
f  3594/5966/3091 3591/5967/3099 3590/5964/3091
f  3590/5968/3100 3593/5969/3100 3596/5970/3100
f  3596/5970/3100 3597/5971/3101 3590/5968/3100
f  3598/5972/3102 3599/5973/3102 3600/5974/3102
f  3600/5974/3102 3601/5975/3103 3598/5972/3102
f  3600/5976/1013 3599/5977/1013 3602/5978/1013
f  3602/5978/1013 3603/5979/1013 3600/5976/1013
f  3600/5980/3104 3603/5981/3104 3604/5982/3104
f  3604/5982/3104 3601/5983/3105 3600/5980/3104
f  3603/5984/3106 3602/5985/3106 3605/5986/3106
f  3605/5986/3106 3604/5987/3107 3603/5984/3106
f  3598/5988/3108 3605/5989/3108 3602/5990/3108
f  3602/5990/3108 3599/5991/3109 3598/5988/3108
f  3598/5992/3110 3601/5983/3110 3604/5982/3110
f  3604/5982/3110 3605/5993/3111 3598/5992/3110
f  3606/5994/3112 3607/5995/3112 3608/5996/3112
f  3608/5996/3112 3609/5997/3113 3606/5994/3112
f  3608/5998/1013 3607/5999/1013 3610/6000/1013
f  3610/6000/1013 3611/5946/1013 3608/5998/1013
f  3608/6001/3114 3611/6002/3114 3612/6003/3114
f  3612/6003/3114 3609/6004/3115 3608/6001/3114
f  3611/6005/3106 3610/6006/3106 3613/6007/3106
f  3613/6007/3106 3612/6008/3107 3611/6005/3106
f  3606/6009/3108 3613/6010/3108 3610/6011/3108
f  3610/6011/3108 3607/6012/3109 3606/6009/3108
f  3606/6013/3110 3609/6004/3110 3612/6003/3110
f  3612/6003/3110 3613/6014/3116 3606/6013/3110
f  3614/6015/3117 3615/6016/3117 3616/6017/3117
f  3616/6017/3117 3617/6018/3117 3614/6015/3117
f  3618/6019/3118 3619/6020/3118 3620/6021/3118
f  3620/6021/3118 3621/6022/3118 3618/6019/3118
f  3619/6023/3119 3615/6024/3119 3614/6025/3119
f  3614/6025/3119 3620/6026/3119 3619/6023/3119
f  3620/6027/3120 3614/6028/3120 3617/6029/3120
f  3617/6029/3120 3621/6030/3120 3620/6027/3120
f  3621/6031/3121 3617/6032/3121 3616/6033/3121
f  3616/6033/3121 3618/6034/3121 3621/6031/3121
f  3618/6035/3122 3616/6036/3122 3615/6037/3122
f  3615/6037/3122 3619/6038/3122 3618/6035/3122
f  3622/6039/3117 3623/6040/3117 3624/6041/3117
f  3624/6041/3117 3625/6042/3117 3622/6039/3117
f  3626/6043/3118 3627/6044/3118 3628/6045/3118
f  3628/6045/3118 3629/6046/3118 3626/6043/3118
f  3627/6047/3123 3623/6048/3123 3622/6049/3123
f  3622/6049/3123 3628/6050/3123 3627/6047/3123
f  3628/6051/3124 3622/6052/3124 3625/6053/3124
f  3625/6053/3124 3629/6054/3124 3628/6051/3124
f  3629/6055/3125 3625/6056/3125 3624/6057/3125
f  3624/6057/3125 3626/6058/3125 3629/6055/3125
f  3626/6059/3126 3624/6037/3126 3623/6036/3126
f  3623/6036/3126 3627/6060/3126 3626/6059/3126
f  3630/6061/3127 3631/6062/3127 3632/6038/3127
f  3632/6038/3127 3633/6063/3127 3630/6061/3127
f  3634/6064/3128 3635/6065/3128 3636/6066/3128
f  3636/6066/3128 3637/6067/3128 3634/6064/3128
f  3635/6068/3129 3631/6069/3129 3630/6070/3129
f  3630/6070/3129 3636/6071/3129 3635/6068/3129
f  3636/6072/3130 3630/6070/3130 3633/6073/3130
f  3633/6073/3130 3637/6074/3130 3636/6072/3130
f  3637/6075/3131 3633/6076/3131 3632/6077/3131
f  3632/6077/3131 3634/6078/3131 3637/6075/3131
f  3634/6079/3132 3632/6080/3132 3631/6081/3132
f  3631/6081/3132 3635/6082/3132 3634/6079/3132
f  3638/6083/3133 3639/6084/3133 3640/6045/3133
f  3640/6045/3133 3641/6085/3133 3638/6083/3133
f  3642/6086/3134 3643/6087/3134 3644/6088/3134
f  3644/6088/3134 3645/6089/3134 3642/6086/3134
f  3643/6090/3135 3639/6091/3135 3638/6092/3135
f  3638/6092/3135 3644/6068/3135 3643/6090/3135
f  3644/6093/3130 3638/6094/3130 3641/6095/3130
f  3641/6095/3130 3645/6096/3130 3644/6093/3130
f  3645/6097/3136 3641/6098/3136 3640/6099/3136
f  3640/6099/3136 3642/6100/3136 3645/6097/3136
f  3642/6101/3137 3640/6102/3137 3639/6103/3137
f  3639/6103/3137 3643/6104/3137 3642/6101/3137
f  3646/6105/3138 3647/6106/3138 3648/6107/3138
f  3648/6107/3138 3649/6108/3138 3646/6105/3138
f  3650/6109/3139 3651/6110/3139 3652/5970/3139
f  3652/5970/3139 3653/6111/3139 3650/6109/3139
f  3651/6112/3140 3647/6113/3140 3646/6114/3140
f  3646/6114/3140 3652/6115/3140 3651/6112/3140
f  3652/6116/3141 3646/6117/3141 3649/6118/3141
f  3649/6118/3141 3653/6119/3141 3652/6116/3141
f  3653/6120/3142 3649/6121/3142 3648/6122/3142
f  3648/6122/3142 3650/6123/3142 3653/6120/3142
f  3650/6124/3143 3648/6125/3143 3647/6126/3143
f  3647/6126/3143 3651/6127/3143 3650/6124/3143
f  3654/6128/3144 3655/6129/3144 3656/6130/3144
f  3656/6130/3144 3657/6131/3144 3654/6128/3144
f  3658/6105/3139 3659/6132/3139 3660/5976/3139
f  3660/5976/3139 3661/6133/3139 3658/6105/3139
f  3659/6134/3145 3655/6135/3145 3654/6136/3145
f  3654/6136/3145 3660/6137/3145 3659/6134/3145
f  3660/6138/3146 3654/6116/3146 3657/6139/3146
f  3657/6139/3146 3661/6140/3146 3660/6138/3146
f  3661/6141/3147 3657/6142/3147 3656/6123/3147
f  3656/6123/3147 3658/6143/3147 3661/6141/3147
f  3658/6144/3148 3656/6145/3148 3655/6146/3148
f  3655/6146/3148 3659/6147/3148 3658/6144/3148
f  3662/6148/3144 3663/6149/3144 3664/6150/3144
f  3664/6150/3144 3665/6151/3144 3662/6148/3144
f  3666/6152/3149 3667/6153/3149 3668/6154/3149
f  3668/6154/3149 3669/6155/3149 3666/6152/3149
f  3667/6156/3150 3663/6157/3150 3662/6158/3150
f  3662/6158/3150 3668/6159/3150 3667/6156/3150
f  3668/6160/3151 3662/6161/3151 3665/6162/3151
f  3665/6162/3151 3669/6163/3151 3668/6160/3151
f  3669/6164/3152 3665/6165/3152 3664/6166/3152
f  3664/6166/3152 3666/6167/3152 3669/6164/3152
f  3666/6168/3153 3664/6169/3153 3663/6170/3153
f  3663/6170/3153 3667/6171/3153 3666/6168/3153
f  3670/6172/3138 3671/6173/3138 3672/6174/3138
f  3672/6174/3138 3673/6155/3138 3670/6172/3138
f  3674/6175/3149 3675/6176/3149 3676/6177/3149
f  3676/6177/3149 3677/6178/3149 3674/6175/3149
f  3675/6179/3154 3671/6180/3154 3670/6181/3154
f  3670/6181/3154 3676/6182/3154 3675/6179/3154
f  3676/6183/3151 3670/6160/3151 3673/6184/3151
f  3673/6184/3151 3677/6125/3151 3676/6183/3151
f  3677/6185/3155 3673/6186/3155 3672/6187/3155
f  3672/6187/3155 3674/6188/3155 3677/6185/3155
f  3674/6189/3156 3672/6190/3156 3671/6165/3156
f  3671/6165/3156 3675/6191/3156 3674/6189/3156
f  3678/6192/3157 3679/6193/3157 3680/6194/3157
f  3680/6194/3157 3681/6195/3157 3678/6192/3157
f  3682/6196/3158 3683/6197/3158 3684/6198/3158
f  3684/6198/3158 3685/6199/3158 3682/6196/3158
f  3683/5966/3159 3679/6200/3159 3678/6201/3159
f  3678/6201/3159 3684/6202/3159 3683/5966/3159
f  3684/6203/3160 3678/6204/3160 3681/6205/3160
f  3681/6205/3160 3685/6206/3160 3684/6203/3160
f  3685/6207/3161 3681/6208/3161 3680/6209/3161
f  3680/6209/3161 3682/6210/3161 3685/6207/3161
f  3682/6211/3162 3680/6212/3162 3679/6213/3162
f  3679/6213/3162 3683/6214/3162 3682/6211/3162
f  3686/6215/3163 3687/6216/3163 3688/6217/3163
f  3688/6217/3163 3689/6218/3163 3686/6215/3163
f  3690/6219/3164 3691/6220/3164 3692/6221/3164
f  3692/6221/3164 3693/6222/3164 3690/6219/3164
f  3691/6223/3159 3687/6224/3159 3686/6225/3159
f  3686/6225/3159 3692/6226/3159 3691/6223/3159
f  3692/6227/3165 3686/6228/3165 3689/6224/3165
f  3689/6224/3165 3693/5942/3165 3692/6227/3165
f  3693/6229/3161 3689/6230/3161 3688/6231/3161
f  3688/6231/3161 3690/6203/3161 3693/6229/3161
f  3690/6232/3166 3688/6233/3166 3687/6228/3166
f  3687/6228/3166 3691/6234/3166 3690/6232/3166

